mtllib model_0.mtl
o model_0
v 2.202706813812256 -2.202714443206787 0.006614647805690765 
v 2.202706813812256 2.202706813812256 0.006614647805690765 
v 2.202706813812256 -2.202714443206787 0.028027363121509552 
v 2.202706813812256 2.202706813812256 0.028027363121509552 
v -2.202714443206787 -2.202714443206787 0.006614647805690765 
v -2.202714443206787 2.202706813812256 0.006614647805690765 
v -5.544769763946533 -5.544769763946533 0.006614647805690765 
v -5.544769763946533 5.54476261138916 0.006614647805690765 
v 2.202706813812256 2.202706813812256 0.006614647805690765 
v 5.54476261138916 5.54476261138916 0.006614647805690765 
v 2.202706813812256 -2.202714443206787 0.006614647805690765 
v 5.54476261138916 -5.544769763946533 0.006614647805690765 
v -2.202714443206787 -2.202714443206787 0.028027363121509552 
v -2.218959331512451 -2.218959331512451 0.028027363121509552 
v 2.202706813812256 -2.202714443206787 0.028027363121509552 
v 2.218951940536499 -2.218959331512451 0.028027363121509552 
v -2.202714443206787 2.202706813812256 0.006614647805690765 
v -2.202714443206787 2.202706813812256 0.028027363121509552 
v -2.202714443206787 -2.202714443206787 0.006614647805690765 
v -2.202714443206787 -2.202714443206787 0.028027363121509552 
v 2.202706813812256 2.202706813812256 0.006614647805690765 
v 2.202706813812256 2.202706813812256 0.028027363121509552 
v -2.202714443206787 2.202706813812256 0.006614647805690765 
v -2.202714443206787 2.202706813812256 0.028027363121509552 
v -2.202714443206787 -2.202714443206787 0.006614647805690765 
v -2.202714443206787 -2.202714443206787 0.028027363121509552 
v 2.202706813812256 -2.202714443206787 0.006614647805690765 
v 2.202706813812256 -2.202714443206787 0.028027363121509552 
v 2.218951940536499 -2.218959331512451 0.028027363121509552 
v 2.218951940536499 -2.218959331512451 0.0512244738638401 
v 2.218951940536499 2.218951940536499 0.028027363121509552 
v 2.218951940536499 2.218951940536499 0.0512244738638401 
v 2.202706813812256 -2.202714443206787 0.028027363121509552 
v 2.218951940536499 -2.218959331512451 0.028027363121509552 
v 2.202706813812256 2.202706813812256 0.028027363121509552 
v 2.218951940536499 2.218951940536499 0.028027363121509552 
v -2.202714443206787 2.202706813812256 0.028027363121509552 
v -2.218959331512451 2.218951940536499 0.028027363121509552 
v -2.202714443206787 -2.202714443206787 0.028027363121509552 
v -2.218959331512451 -2.218959331512451 0.028027363121509552 
v 2.202706813812256 2.202706813812256 0.028027363121509552 
v 2.218951940536499 2.218951940536499 0.028027363121509552 
v -2.202714443206787 2.202706813812256 0.028027363121509552 
v -2.218959331512451 2.218951940536499 0.028027363121509552 
v -2.218959331512451 -2.218959331512451 0.0512244738638401 
v -2.218959331512451 2.218951940536499 0.0512244738638401 
v 2.218951940536499 -2.218959331512451 0.0512244738638401 
v 2.218951940536499 2.218951940536499 0.0512244738638401 
v -2.218959331512451 2.218951940536499 0.028027363121509552 
v -2.218959331512451 2.218951940536499 0.0512244738638401 
v -2.218959331512451 -2.218959331512451 0.028027363121509552 
v -2.218959331512451 -2.218959331512451 0.0512244738638401 
v 2.218951940536499 2.218951940536499 0.028027363121509552 
v 2.218951940536499 2.218951940536499 0.0512244738638401 
v -2.218959331512451 2.218951940536499 0.028027363121509552 
v -2.218959331512451 2.218951940536499 0.0512244738638401 
v -2.218959331512451 -2.218959331512451 0.028027363121509552 
v -2.218959331512451 -2.218959331512451 0.0512244738638401 
v 2.218951940536499 -2.218959331512451 0.028027363121509552 
v 2.218951940536499 -2.218959331512451 0.0512244738638401 
v 5.54476261138916 5.54476261138916 0.006614647805690765 
v 5.54476261138916 5.54476261138916 3.2668378353118896 
v 5.54476261138916 -5.544769763946533 0.006614647805690765 
v 5.54476261138916 -5.544769763946533 3.2668378353118896 
v -5.544769763946533 -5.544769763946533 0.006614647805690765 
v -5.544769763946533 -5.544769763946533 3.2668378353118896 
v -5.544769763946533 5.54476261138916 0.006614647805690765 
v -5.544769763946533 5.54476261138916 3.2668378353118896 
v -5.544769763946533 5.54476261138916 0.006614647805690765 
v -5.544769763946533 5.54476261138916 3.2668378353118896 
v 5.54476261138916 5.54476261138916 0.006614647805690765 
v 5.54476261138916 5.54476261138916 3.2668378353118896 
v 5.54476261138916 -5.544769763946533 0.006614647805690765 
v 5.54476261138916 -5.544769763946533 3.2668378353118896 
v -5.544769763946533 -5.544769763946533 0.006614647805690765 
v -5.544769763946533 -5.544769763946533 3.2668378353118896 
v -5.544769763946533 5.54476261138916 3.2668378353118896 
v -3.865450620651245 3.865442991256714 3.2668378353118896 
v 5.54476261138916 5.54476261138916 3.2668378353118896 
v 3.865442991256714 3.865442991256714 3.2668378353118896 
v 5.54476261138916 -5.544769763946533 3.2668378353118896 
v 3.865442991256714 -3.865450620651245 3.2668378353118896 
v -5.544769763946533 -5.544769763946533 3.2668378353118896 
v -3.865450620651245 -3.865450620651245 3.2668378353118896 
v 5.54476261138916 5.54476261138916 3.2668378353118896 
v 3.865442991256714 3.865442991256714 3.2668378353118896 
v 5.54476261138916 -5.544769763946533 3.2668378353118896 
v 3.865442991256714 -3.865450620651245 3.2668378353118896 
v -5.544769763946533 -5.544769763946533 3.2668378353118896 
v -3.865450620651245 -3.865450620651245 3.2668378353118896 
v -5.544769763946533 5.54476261138916 3.2668378353118896 
v -3.865450620651245 3.865442991256714 3.2668378353118896 
v 3.865442991256714 3.865442991256714 3.2668378353118896 
v 3.33917498588562 3.33917498588562 4.2567644119262695 
v 3.865442991256714 -3.865450620651245 3.2668378353118896 
v 3.33917498588562 -3.3391826152801514 4.2567644119262695 
v -3.865450620651245 -3.865450620651245 3.2668378353118896 
v -3.3391826152801514 -3.3391826152801514 4.2567644119262695 
v -3.865450620651245 3.865442991256714 3.2668378353118896 
v -3.3391826152801514 3.33917498588562 4.2567644119262695 
v -3.865450620651245 3.865442991256714 3.2668378353118896 
v -3.3391826152801514 3.33917498588562 4.2567644119262695 
v 3.865442991256714 3.865442991256714 3.2668378353118896 
v 3.33917498588562 3.33917498588562 4.2567644119262695 
v 3.865442991256714 -3.865450620651245 3.2668378353118896 
v 3.33917498588562 -3.3391826152801514 4.2567644119262695 
v -3.865450620651245 -3.865450620651245 3.2668378353118896 
v -3.3391826152801514 -3.3391826152801514 4.2567644119262695 
v 0.7335562109947205 -0.7335638403892517 0.08965755254030228 
v 0.7156191468238831 -0.7454090714454651 0.08965755254030228 
v 0.7335562109947205 -0.7335638403892517 0.8196115493774414 
v 0.7156191468238831 -0.7454090714454651 0.8196115493774414 
v 0.6946361064910889 -0.7494702935218811 0.08965755254030228 
v 0.6946361064910889 -0.7494702935218811 0.8196115493774414 
v -0.6946436762809753 -0.7494702935218811 0.08965755254030228 
v -0.6946436762809753 -0.7494702935218811 0.8196115493774414 
v -0.7156267166137695 -0.7454090714454651 0.08965755254030228 
v -0.7156267166137695 -0.7454090714454651 0.8196115493774414 
v -0.7335638403892517 -0.7335638403892517 0.08965755254030228 
v -0.7335638403892517 -0.7335638403892517 0.8196115493774414 
v 0.7335562109947205 0.7335562109947205 0.08965755254030228 
v 0.7335562109947205 0.7335562109947205 0.8196115493774414 
v 0.7454015016555786 0.7156191468238831 0.08965755254030228 
v 0.7454015016555786 0.7156191468238831 0.8196115493774414 
v 0.7494627237319946 0.6946361064910889 0.08965755254030228 
v 0.7494627237319946 0.6946361064910889 0.8196115493774414 
v 0.7494627237319946 -0.6946436762809753 0.08965755254030228 
v 0.7494627237319946 -0.6946436762809753 0.8196115493774414 
v 0.7454015016555786 -0.7156267166137695 0.08965755254030228 
v 0.7454015016555786 -0.7156267166137695 0.8196115493774414 
v 0.7335562109947205 -0.7335638403892517 0.08965755254030228 
v 0.7335562109947205 -0.7335638403892517 0.8196115493774414 
v 0.6946361064910889 0.6946361064910889 0.874515950679779 
v -0.6946436762809753 0.6946361064910889 0.874515950679779 
v 0.6946361064910889 -0.6946436762809753 0.874515950679779 
v -0.6946436762809753 -0.6946436762809753 0.874515950679779 
v 0.6946361064910889 -0.7156267166137695 0.8702608346939087 
v -0.6946436762809753 -0.7156267166137695 0.8702608346939087 
v -0.7156267166137695 -0.6946436762809753 0.8702608346939087 
v -0.7156267166137695 0.6946361064910889 0.8702608346939087 
v -0.6946436762809753 0.7156191468238831 0.8702608346939087 
v 0.6946361064910889 0.7156191468238831 0.8702608346939087 
v 0.7156191468238831 0.6946361064910889 0.8702608346939087 
v 0.7156191468238831 -0.6946436762809753 0.8702608346939087 
v 0.7162960171699524 -0.7163035869598389 0.8653194904327393 
v 0.6946361064910889 -0.7335638403892517 0.8584564328193665 
v 0.7149422764778137 -0.7305179238319397 0.8555739521980286 
v 0.7162960171699524 -0.7403325438499451 0.8411615490913391 
v 0.7264490723609924 -0.7264566421508789 0.8513188362121582 
v -0.6946436762809753 -0.7335638403892517 0.8584564328193665 
v -0.7163035869598389 -0.7163035869598389 0.8653194904327393 
v -0.7335638403892517 -0.6946436762809753 0.8584564328193665 
v 0.6946361064910889 -0.7454090714454651 0.8406124711036682 
v -0.7305179238319397 -0.7149498462677002 0.8555739521980286 
v -0.7264566421508789 -0.7264566421508789 0.8513188362121582 
v -0.7149498462677002 -0.7305179238319397 0.8555739521980286 
v -0.7163035869598389 -0.7403325438499451 0.8411615490913391 
v -0.6946436762809753 -0.7454090714454651 0.8406124711036682 
v 0.6946361064910889 -0.7494702935218811 0.8196115493774414 
v -0.6946436762809753 -0.7494702935218811 0.8196115493774414 
v -0.7156267166137695 -0.7454090714454651 0.8196115493774414 
v -0.7335638403892517 -0.7335638403892517 0.8196115493774414 
v -0.7305179238319397 -0.7305179238319397 0.8400634527206421 
v -0.7403325438499451 -0.7163035869598389 0.8411615490913391 
v -0.7454090714454651 -0.6946436762809753 0.8406124711036682 
v -0.7454090714454651 -0.7156267166137695 0.8196115493774414 
v -0.7494702935218811 -0.6946436762809753 0.8196115493774414 
v -0.7454090714454651 0.6946361064910889 0.8406124711036682 
v -0.7494702935218811 0.6946361064910889 0.8196115493774414 
v -0.7454090714454651 0.7156191468238831 0.8196115493774414 
v -0.7403325438499451 0.7162960171699524 0.8411615490913391 
v -0.7335638403892517 0.7335562109947205 0.8196115493774414 
v -0.7335638403892517 0.6946361064910889 0.8584564328193665 
v -0.7163035869598389 0.7162960171699524 0.8653194904327393 
v -0.7305179238319397 0.7149422764778137 0.8555739521980286 
v -0.7264566421508789 0.7264490723609924 0.8513188362121582 
v -0.7305179238319397 0.7305102944374084 0.8400634527206421 
v -0.7163035869598389 0.7403249740600586 0.8411615490913391 
v -0.7156267166137695 0.7454015016555786 0.8196115493774414 
v -0.7149498462677002 0.7305102944374084 0.8555739521980286 
v -0.6946436762809753 0.7335562109947205 0.8584564328193665 
v -0.6946436762809753 0.7454015016555786 0.8406124711036682 
v 0.6946361064910889 0.7335562109947205 0.8584564328193665 
v -0.6946436762809753 0.7494627237319946 0.8196115493774414 
v 0.6946361064910889 0.7454015016555786 0.8406124711036682 
v 0.6946361064910889 0.7494627237319946 0.8196115493774414 
v 0.7156191468238831 0.7454015016555786 0.8196115493774414 
v 0.7162960171699524 0.7403249740600586 0.8411615490913391 
v 0.7335562109947205 0.7335562109947205 0.8196115493774414 
v 0.7305102944374084 0.7305102944374084 0.8400634527206421 
v 0.7403249740600586 0.7162960171699524 0.8411615490913391 
v 0.7264490723609924 0.7264490723609924 0.8513188362121582 
v 0.7149422764778137 0.7305102944374084 0.8555739521980286 
v 0.7162960171699524 0.7162960171699524 0.8653194904327393 
v 0.7335562109947205 0.6946361064910889 0.8584564328193665 
v 0.7454015016555786 0.7156191468238831 0.8196115493774414 
v 0.7454015016555786 0.6946361064910889 0.8406124711036682 
v 0.7494627237319946 0.6946361064910889 0.8196115493774414 
v 0.7454015016555786 -0.6946436762809753 0.8406124711036682 
v 0.7494627237319946 -0.6946436762809753 0.8196115493774414 
v 0.7454015016555786 -0.7156267166137695 0.8196115493774414 
v 0.7403249740600586 -0.7163035869598389 0.8411615490913391 
v 0.7335562109947205 -0.7335638403892517 0.8196115493774414 
v 0.7305102944374084 0.7149422764778137 0.8555739521980286 
v 0.7335562109947205 -0.6946436762809753 0.8584564328193665 
v 0.7305102944374084 -0.7149498462677002 0.8555739521980286 
v 0.7156191468238831 -0.7454090714454651 0.8196115493774414 
v 0.7305102944374084 -0.7305179238319397 0.8400634527206421 
v -0.7335638403892517 -0.7335638403892517 0.08965755254030228 
v -0.7454090714454651 -0.7156267166137695 0.08965755254030228 
v -0.7335638403892517 -0.7335638403892517 0.8196115493774414 
v -0.7454090714454651 -0.7156267166137695 0.8196115493774414 
v -0.7494702935218811 -0.6946436762809753 0.08965755254030228 
v -0.7494702935218811 -0.6946436762809753 0.8196115493774414 
v -0.7494702935218811 0.6946361064910889 0.08965755254030228 
v -0.7494702935218811 0.6946361064910889 0.8196115493774414 
v -0.7454090714454651 0.7156191468238831 0.08965755254030228 
v -0.7454090714454651 0.7156191468238831 0.8196115493774414 
v -0.7335638403892517 0.7335562109947205 0.08965755254030228 
v -0.7335638403892517 0.7335562109947205 0.8196115493774414 
v -0.7335638403892517 0.7335562109947205 0.08965755254030228 
v -0.7335638403892517 0.7335562109947205 0.8196115493774414 
v -0.7156267166137695 0.7454015016555786 0.08965755254030228 
v -0.7156267166137695 0.7454015016555786 0.8196115493774414 
v -0.6946436762809753 0.7494627237319946 0.08965755254030228 
v -0.6946436762809753 0.7494627237319946 0.8196115493774414 
v 0.6946361064910889 0.7494627237319946 0.08965755254030228 
v 0.6946361064910889 0.7494627237319946 0.8196115493774414 
v 0.7156191468238831 0.7454015016555786 0.08965755254030228 
v 0.7156191468238831 0.7454015016555786 0.8196115493774414 
v 0.7335562109947205 0.7335562109947205 0.08965755254030228 
v 0.7335562109947205 0.7335562109947205 0.8196115493774414 
v -0.7335638403892517 -0.7335638403892517 0.08965755254030228 
v -0.7227338552474976 -0.7227338552474976 0.08965755254030228 
v -0.7156267166137695 -0.7454090714454651 0.08965755254030228 
v -0.6946436762809753 -0.7494702935218811 0.08965755254030228 
v 0.6946361064910889 -0.7494702935218811 0.08965755254030228 
v 0.7227262854576111 -0.7227338552474976 0.08965755254030228 
v 0.7156191468238831 -0.7454090714454651 0.08965755254030228 
v 0.7335562109947205 -0.7335638403892517 0.08965755254030228 
v -0.7335638403892517 -0.7335638403892517 0.08965755254030228 
v -0.7454090714454651 -0.7156267166137695 0.08965755254030228 
v -0.7227338552474976 -0.7227338552474976 0.08965755254030228 
v -0.7494702935218811 -0.6946436762809753 0.08965755254030228 
v -0.7494702935218811 0.6946361064910889 0.08965755254030228 
v -0.7227338552474976 0.7227262854576111 0.08965755254030228 
v -0.7454090714454651 0.7156191468238831 0.08965755254030228 
v -0.7335638403892517 0.7335562109947205 0.08965755254030228 
v -0.7335638403892517 0.7335562109947205 0.08965755254030228 
v -0.7227338552474976 0.7227262854576111 0.08965755254030228 
v -0.7156267166137695 0.7454015016555786 0.08965755254030228 
v -0.6946436762809753 0.7494627237319946 0.08965755254030228 
v 0.6946361064910889 0.7494627237319946 0.08965755254030228 
v 0.7227262854576111 0.7227262854576111 0.08965755254030228 
v 0.7156191468238831 0.7454015016555786 0.08965755254030228 
v 0.7335562109947205 0.7335562109947205 0.08965755254030228 
v 0.7335562109947205 0.7335562109947205 0.08965755254030228 
v 0.7227262854576111 0.7227262854576111 0.08965755254030228 
v 0.7454015016555786 0.7156191468238831 0.08965755254030228 
v 0.7494627237319946 0.6946361064910889 0.08965755254030228 
v 0.7494627237319946 -0.6946436762809753 0.08965755254030228 
v 0.7227262854576111 -0.7227338552474976 0.08965755254030228 
v 0.7454015016555786 -0.7156267166137695 0.08965755254030228 
v 0.7335562109947205 -0.7335638403892517 0.08965755254030228 
v 0.7227262854576111 0.7227262854576111 0.08965755254030228 
v 0.7227262854576111 0.7227262854576111 0.0512244738638401 
v 0.7227262854576111 -0.7227338552474976 0.08965755254030228 
v 0.7227262854576111 -0.7227338552474976 0.0512244738638401 
v 0.7227262854576111 -0.7227338552474976 0.08965755254030228 
v 0.7227262854576111 -0.7227338552474976 0.0512244738638401 
v -0.7227338552474976 -0.7227338552474976 0.08965755254030228 
v -0.7227338552474976 -0.7227338552474976 0.0512244738638401 
v -0.7227338552474976 0.7227262854576111 0.08965755254030228 
v -0.7227338552474976 0.7227262854576111 0.0512244738638401 
v 0.7227262854576111 0.7227262854576111 0.08965755254030228 
v 0.7227262854576111 0.7227262854576111 0.0512244738638401 
v -0.7227338552474976 -0.7227338552474976 0.08965755254030228 
v -0.7227338552474976 -0.7227338552474976 0.0512244738638401 
v -0.7227338552474976 0.7227262854576111 0.08965755254030228 
v -0.7227338552474976 0.7227262854576111 0.0512244738638401 
v -1.4601858854293823 3.137805461883545 4.2567644119262695 
v -1.4601858854293823 1.7258505821228027 4.2567644119262695 
v -1.4601858854293823 3.137805461883545 4.50177526473999 
v -1.4601858854293823 1.7258505821228027 4.50177526473999 
v 1.7258505821228027 0.132832333445549 4.50177526473999 
v 1.7258505821228027 0.132832333445549 4.2567644119262695 
v 3.137805461883545 0.132832333445549 4.50177526473999 
v 3.137805461883545 0.132832333445549 4.2567644119262695 
v 0.132832333445549 0.132832333445549 4.50177526473999 
v 0.132832333445549 0.132832333445549 4.2567644119262695 
v 1.4605168104171753 0.132832333445549 4.50177526473999 
v 1.4605168104171753 0.132832333445549 4.2567644119262695 
v -1.725858211517334 3.137805461883545 4.2567644119262695 
v -1.725858211517334 3.137805461883545 4.50177526473999 
v -1.725858211517334 1.7258505821228027 4.2567644119262695 
v -1.725858211517334 1.7258505821228027 4.50177526473999 
v 1.7258505821228027 -0.13283991813659668 4.2567644119262695 
v 1.7258505821228027 -0.13283991813659668 4.50177526473999 
v 3.137805461883545 -0.13283991813659668 4.2567644119262695 
v 3.137805461883545 -0.13283991813659668 4.50177526473999 
v 1.4605168104171753 -0.13283991813659668 4.50177526473999 
v 1.4605168104171753 -0.13283991813659668 4.2567644119262695 
v 0.132832333445549 -0.13283991813659668 4.50177526473999 
v 0.132832333445549 -0.13283991813659668 4.2567644119262695 
v -1.725858211517334 -0.13283991813659668 4.2567644119262695 
v -1.460524320602417 -0.13283991813659668 4.2567644119262695 
v -1.725858211517334 0.132832333445549 4.2567644119262695 
v -1.460524320602417 0.132832333445549 4.2567644119262695 
v -3.137813091278076 -0.13283991813659668 4.2567644119262695 
v -1.725858211517334 -0.13283991813659668 4.2567644119262695 
v -3.137813091278076 0.132832333445549 4.2567644119262695 
v -1.725858211517334 0.132832333445549 4.2567644119262695 
v -1.460524320602417 -0.13283991813659668 4.2567644119262695 
v -0.13283991813659668 -0.13283991813659668 4.2567644119262695 
v -1.460524320602417 0.132832333445549 4.2567644119262695 
v -0.13283991813659668 0.132832333445549 4.2567644119262695 
v 3.137805461883545 0.132832333445549 4.2567644119262695 
v 1.7258505821228027 0.132832333445549 4.2567644119262695 
v 3.137805461883545 -0.13283991813659668 4.2567644119262695 
v 1.7258505821228027 -0.13283991813659668 4.2567644119262695 
v 1.4605168104171753 -0.13283991813659668 4.2567644119262695 
v 1.4605168104171753 0.132832333445549 4.2567644119262695 
v 0.132832333445549 -0.13283991813659668 4.2567644119262695 
v 0.132832333445549 0.132832333445549 4.2567644119262695 
v -0.13283991813659668 -0.13283991813659668 4.2567644119262695 
v 0.132832333445549 -0.13283991813659668 4.2567644119262695 
v -0.13283991813659668 0.132832333445549 4.2567644119262695 
v 0.132832333445549 0.132832333445549 4.2567644119262695 
v 1.7258505821228027 0.132832333445549 4.2567644119262695 
v 1.4605168104171753 0.132832333445549 4.2567644119262695 
v 1.7258505821228027 -0.13283991813659668 4.2567644119262695 
v 1.4605168104171753 -0.13283991813659668 4.2567644119262695 
v -1.725858211517334 0.132832333445549 4.50177526473999 
v -1.725858211517334 0.132832333445549 4.2567644119262695 
v -1.725858211517334 1.4605168104171753 4.50177526473999 
v -1.725858211517334 1.4605168104171753 4.2567644119262695 
v 1.7258505821228027 1.7258505821228027 4.50177526473999 
v 1.7258505821228027 1.7258505821228027 4.2567644119262695 
v 3.137805461883545 1.7258505821228027 4.50177526473999 
v 3.137805461883545 1.7258505821228027 4.2567644119262695 
v 1.4605168104171753 1.7258505821228027 4.2567644119262695 
v 1.4605168104171753 1.7258505821228027 4.50177526473999 
v 0.132832333445549 1.7258505821228027 4.2567644119262695 
v 0.132832333445549 1.7258505821228027 4.50177526473999 
v -0.13283991813659668 1.4605168104171753 4.50177526473999 
v -0.13283991813659668 1.4605168104171753 4.2567644119262695 
v -1.4601858854293823 1.4605168104171753 4.50177526473999 
v -1.4601858854293823 1.4605168104171753 4.2567644119262695 
v 1.7258505821228027 1.4605168104171753 4.2567644119262695 
v 1.7258505821228027 1.4605168104171753 4.50177526473999 
v 3.137805461883545 1.4605168104171753 4.2567644119262695 
v 3.137805461883545 1.4605168104171753 4.50177526473999 
v 0.132832333445549 1.4605168104171753 4.2567644119262695 
v 0.132832333445549 1.4605168104171753 4.50177526473999 
v 1.4605168104171753 1.4605168104171753 4.2567644119262695 
v 1.4605168104171753 1.4605168104171753 4.50177526473999 
v -1.725858211517334 1.4605168104171753 4.2567644119262695 
v -1.4601858854293823 1.4605168104171753 4.2567644119262695 
v -1.725858211517334 1.7258505821228027 4.2567644119262695 
v -1.4601858854293823 1.7258505821228027 4.2567644119262695 
v -3.137813091278076 1.4605168104171753 4.2567644119262695 
v -1.725858211517334 1.4605168104171753 4.2567644119262695 
v -3.137813091278076 1.7258505821228027 4.2567644119262695 
v -1.725858211517334 1.7258505821228027 4.2567644119262695 
v 0.132832333445549 1.7258505821228027 4.2567644119262695 
v 0.132832333445549 3.137805461883545 4.2567644119262695 
v -0.13283991813659668 1.7258505821228027 4.2567644119262695 
v -0.13283991813659668 3.137805461883545 4.2567644119262695 
v 1.7258505821228027 1.4605168104171753 4.2567644119262695 
v 3.137805461883545 1.4605168104171753 4.2567644119262695 
v 1.7258505821228027 1.7258505821228027 4.2567644119262695 
v 3.137805461883545 1.7258505821228027 4.2567644119262695 
v -3.137813091278076 -1.725858211517334 4.50177526473999 
v -1.725858211517334 -1.725858211517334 4.50177526473999 
v -3.137813091278076 -1.725858211517334 4.2567644119262695 
v -1.725858211517334 -1.725858211517334 4.2567644119262695 
v 1.7258505821228027 -1.725858211517334 4.50177526473999 
v 3.137805461883545 -1.725858211517334 4.50177526473999 
v 1.727542757987976 -1.7275503873825073 4.257862567901611 
v 3.137805461883545 -1.725858211517334 4.2567644119262695 
v -3.137813091278076 -1.4601858854293823 4.2567644119262695 
v -1.725858211517334 -1.4601858854293823 4.2567644119262695 
v -3.137813091278076 -1.4601858854293823 4.50177526473999 
v -1.725858211517334 -1.4601858854293823 4.50177526473999 
v 3.137805461883545 -1.460524320602417 4.2567644119262695 
v 3.137805461883545 -1.460524320602417 4.50177526473999 
v 1.7258505821228027 -1.460524320602417 4.2567644119262695 
v 1.7258505821228027 -1.460524320602417 4.50177526473999 
v 1.4605168104171753 -1.460524320602417 4.2567644119262695 
v 1.4605168104171753 -0.13283991813659668 4.2567644119262695 
v 1.4605168104171753 -1.460524320602417 4.50177526473999 
v 1.4605168104171753 -0.13283991813659668 4.50177526473999 
v -1.4601858854293823 1.4605168104171753 4.2567644119262695 
v -1.725858211517334 1.4605168104171753 4.2567644119262695 
v -1.460524320602417 0.132832333445549 4.2567644119262695 
v -1.725858211517334 0.132832333445549 4.2567644119262695 
v 0.132832333445549 1.7258505821228027 4.2567644119262695 
v 0.132832333445549 1.7258505821228027 4.50177526473999 
v 0.132832333445549 3.137805461883545 4.2567644119262695 
v 0.132832333445549 3.137805461883545 4.50177526473999 
v 0.132832333445549 1.4605168104171753 4.50177526473999 
v 0.132832333445549 1.4605168104171753 4.2567644119262695 
v 0.132832333445549 0.132832333445549 4.50177526473999 
v 0.132832333445549 0.132832333445549 4.2567644119262695 
v -1.725858211517334 1.7258505821228027 4.2567644119262695 
v -1.4601858854293823 1.7258505821228027 4.2567644119262695 
v -1.725858211517334 3.137805461883545 4.2567644119262695 
v -1.4601858854293823 3.137805461883545 4.2567644119262695 
v -0.13283991813659668 1.7258505821228027 4.50177526473999 
v -0.13283991813659668 1.7258505821228027 4.2567644119262695 
v -0.13283991813659668 3.137805461883545 4.50177526473999 
v -0.13283991813659668 3.137805461883545 4.2567644119262695 
v -0.13283991813659668 0.132832333445549 4.50177526473999 
v -0.13283991813659668 0.132832333445549 4.2567644119262695 
v -0.13283991813659668 1.4605168104171753 4.50177526473999 
v -0.13283991813659668 1.4605168104171753 4.2567644119262695 
v 0.132832333445549 -1.725858211517334 4.2567644119262695 
v 0.132832333445549 -1.460524320602417 4.2567644119262695 
v -0.13283991813659668 -1.725858211517334 4.2567644119262695 
v -0.13283991813659668 -1.460524320602417 4.2567644119262695 
v -0.13283991813659668 -0.13283991813659668 4.2567644119262695 
v -0.13283991813659668 -1.460524320602417 4.2567644119262695 
v 0.132832333445549 -0.13283991813659668 4.2567644119262695 
v 0.132832333445549 -1.460524320602417 4.2567644119262695 
v 0.132832333445549 -3.137813091278076 4.2567644119262695 
v 0.132832333445549 -1.725858211517334 4.2567644119262695 
v -0.13283991813659668 -3.137813091278076 4.2567644119262695 
v -0.13283991813659668 -1.725858211517334 4.2567644119262695 
v 1.7258505821228027 0.132832333445549 4.50177526473999 
v 1.7258505821228027 1.4605168104171753 4.50177526473999 
v 1.7258505821228027 0.132832333445549 4.2567644119262695 
v 1.7258505821228027 1.4605168104171753 4.2567644119262695 
v 1.7258505821228027 1.7258505821228027 4.2567644119262695 
v 1.7258505821228027 1.7258505821228027 4.50177526473999 
v 1.7258505821228027 3.137805461883545 4.2567644119262695 
v 1.7258505821228027 3.137805461883545 4.50177526473999 
v 1.4605168104171753 1.4605168104171753 4.2567644119262695 
v 1.4605168104171753 1.4605168104171753 4.50177526473999 
v 1.4605168104171753 0.132832333445549 4.2567644119262695 
v 1.4605168104171753 0.132832333445549 4.50177526473999 
v 1.4605168104171753 1.7258505821228027 4.50177526473999 
v 1.4605168104171753 1.7258505821228027 4.2567644119262695 
v 1.4605168104171753 3.137805461883545 4.50177526473999 
v 1.4605168104171753 3.137805461883545 4.2567644119262695 
v 1.727542757987976 -1.7275503873825073 4.257862567901611 
v 1.7258505821228027 -1.460524320602417 4.2567644119262695 
v 1.4605168104171753 -1.725858211517334 4.2567644119262695 
v 1.4605168104171753 -1.460524320602417 4.2567644119262695 
v 1.7258505821228027 -1.460524320602417 4.2567644119262695 
v 1.7258505821228027 -0.13283991813659668 4.2567644119262695 
v 1.4605168104171753 -1.460524320602417 4.2567644119262695 
v 1.4605168104171753 -0.13283991813659668 4.2567644119262695 
v 1.7258505821228027 -3.137813091278076 4.2567644119262695 
v 1.727542757987976 -1.7275503873825073 4.257862567901611 
v 1.4605168104171753 -3.137813091278076 4.2567644119262695 
v 1.4605168104171753 -1.725858211517334 4.2567644119262695 
v 1.7258505821228027 0.132832333445549 4.2567644119262695 
v 1.7258505821228027 1.4605168104171753 4.2567644119262695 
v 1.4605168104171753 0.132832333445549 4.2567644119262695 
v 1.4605168104171753 1.4605168104171753 4.2567644119262695 
v 1.4605168104171753 3.137805461883545 4.2567644119262695 
v 1.4605168104171753 1.7258505821228027 4.2567644119262695 
v 1.7258505821228027 3.137805461883545 4.2567644119262695 
v 1.7258505821228027 1.7258505821228027 4.2567644119262695 
v 1.7258505821228027 1.7258505821228027 4.2567644119262695 
v 1.4605168104171753 1.7258505821228027 4.2567644119262695 
v 1.7258505821228027 1.4605168104171753 4.2567644119262695 
v 1.4605168104171753 1.4605168104171753 4.2567644119262695 
v 1.4605168104171753 -3.137813091278076 4.50177526473999 
v 1.4605168104171753 -3.137813091278076 4.2567644119262695 
v 1.4605168104171753 -1.725858211517334 4.50177526473999 
v 1.4605168104171753 -1.725858211517334 4.2567644119262695 
v -1.725858211517334 -3.137813091278076 4.2567644119262695 
v -1.725858211517334 -1.725858211517334 4.2567644119262695 
v -1.725858211517334 -3.137813091278076 4.50177526473999 
v -1.725858211517334 -1.725858211517334 4.50177526473999 
v -1.460524320602417 -3.137813091278076 4.50177526473999 
v -1.460524320602417 -1.725858211517334 4.50177526473999 
v -1.460524320602417 -3.137813091278076 4.2567644119262695 
v -1.460524320602417 -1.725858211517334 4.2567644119262695 
v 0.132832333445549 -1.460524320602417 4.2567644119262695 
v 0.132832333445549 -1.725858211517334 4.2567644119262695 
v 1.4605168104171753 -1.460524320602417 4.2567644119262695 
v 1.4605168104171753 -1.725858211517334 4.2567644119262695 
v 1.7258505821228027 -1.725858211517334 4.50177526473999 
v 1.727542757987976 -1.7275503873825073 4.257862567901611 
v 1.7258505821228027 -3.137813091278076 4.50177526473999 
v 1.7258505821228027 -3.137813091278076 4.2567644119262695 
v 3.137805461883545 -1.725858211517334 4.2567644119262695 
v 3.137805461883545 -1.460524320602417 4.2567644119262695 
v 1.727542757987976 -1.7275503873825073 4.257862567901611 
v 1.7258505821228027 -1.460524320602417 4.2567644119262695 
v 0.132832333445549 -1.725858211517334 4.2567644119262695 
v 0.132832333445549 -1.725858211517334 4.50177526473999 
v 1.4605168104171753 -1.725858211517334 4.2567644119262695 
v 1.4605168104171753 -1.725858211517334 4.50177526473999 
v 1.7258505821228027 -1.460524320602417 4.2567644119262695 
v 1.7258505821228027 -1.460524320602417 4.50177526473999 
v 1.7258505821228027 -0.13283991813659668 4.2567644119262695 
v 1.7258505821228027 -0.13283991813659668 4.50177526473999 
v 1.4605168104171753 -1.460524320602417 4.50177526473999 
v 0.132832333445549 -1.460524320602417 4.50177526473999 
v 1.4605168104171753 -1.460524320602417 4.2567644119262695 
v 0.132832333445549 -1.460524320602417 4.2567644119262695 
v -1.460524320602417 -1.4601858854293823 4.2567644119262695 
v -1.460524320602417 -1.725858211517334 4.2567644119262695 
v -0.13283991813659668 -1.460524320602417 4.2567644119262695 
v -0.13283991813659668 -1.725858211517334 4.2567644119262695 
v -0.13283991813659668 -1.725858211517334 4.50177526473999 
v -0.13283991813659668 -1.725858211517334 4.2567644119262695 
v -1.460524320602417 -1.725858211517334 4.50177526473999 
v -1.460524320602417 -1.725858211517334 4.2567644119262695 
v -0.13283991813659668 -1.460524320602417 4.50177526473999 
v -1.460524320602417 -1.4601858854293823 4.50177526473999 
v -0.13283991813659668 -1.460524320602417 4.2567644119262695 
v -1.460524320602417 -1.4601858854293823 4.2567644119262695 
v -1.725858211517334 -1.725858211517334 4.2567644119262695 
v -1.725858211517334 -3.137813091278076 4.2567644119262695 
v -1.460524320602417 -1.725858211517334 4.2567644119262695 
v -1.460524320602417 -3.137813091278076 4.2567644119262695 
v -1.725858211517334 -1.4601858854293823 4.2567644119262695 
v -3.137813091278076 -1.4601858854293823 4.2567644119262695 
v -1.725858211517334 -1.725858211517334 4.2567644119262695 
v -3.137813091278076 -1.725858211517334 4.2567644119262695 
v -1.460524320602417 -1.4601858854293823 4.2567644119262695 
v -1.725858211517334 -1.4601858854293823 4.2567644119262695 
v -1.460524320602417 -1.725858211517334 4.2567644119262695 
v -1.725858211517334 -1.725858211517334 4.2567644119262695 
v -1.725858211517334 -1.4601858854293823 4.2567644119262695 
v -1.460524320602417 -1.4601858854293823 4.2567644119262695 
v -1.725858211517334 -0.13283991813659668 4.2567644119262695 
v -1.460524320602417 -0.13283991813659668 4.2567644119262695 
v -1.460524320602417 -0.13283991813659668 4.50177526473999 
v -1.460524320602417 -0.13283991813659668 4.2567644119262695 
v -1.460524320602417 -1.4601858854293823 4.50177526473999 
v -1.460524320602417 -1.4601858854293823 4.2567644119262695 
v -1.725858211517334 -0.13283991813659668 4.50177526473999 
v -1.725858211517334 -1.4601858854293823 4.50177526473999 
v -1.725858211517334 -0.13283991813659668 4.2567644119262695 
v -1.725858211517334 -1.4601858854293823 4.2567644119262695 
v -1.460524320602417 0.132832333445549 4.2567644119262695 
v -1.460524320602417 0.132832333445549 4.50177526473999 
v -1.4601858854293823 1.4605168104171753 4.2567644119262695 
v -1.4601858854293823 1.4605168104171753 4.50177526473999 
v -3.137813091278076 0.132832333445549 4.50177526473999 
v -3.137813091278076 0.132832333445549 4.2567644119262695 
v -1.725858211517334 0.132832333445549 4.50177526473999 
v -1.725858211517334 0.132832333445549 4.2567644119262695 
v -3.137813091278076 -0.13283991813659668 4.50177526473999 
v -1.725858211517334 -0.13283991813659668 4.50177526473999 
v -3.137813091278076 -0.13283991813659668 4.2567644119262695 
v -1.725858211517334 -0.13283991813659668 4.2567644119262695 
v -3.137813091278076 1.7258505821228027 4.50177526473999 
v -3.137813091278076 1.7258505821228027 4.2567644119262695 
v -1.725858211517334 1.7258505821228027 4.50177526473999 
v -1.725858211517334 1.7258505821228027 4.2567644119262695 
v -1.4601858854293823 1.7258505821228027 4.2567644119262695 
v -0.13283991813659668 1.7258505821228027 4.2567644119262695 
v -1.4601858854293823 1.7258505821228027 4.50177526473999 
v -0.13283991813659668 1.7258505821228027 4.50177526473999 
v -0.13283991813659668 -0.13283991813659668 4.50177526473999 
v -0.13283991813659668 -0.13283991813659668 4.2567644119262695 
v -1.460524320602417 -0.13283991813659668 4.50177526473999 
v -1.460524320602417 -0.13283991813659668 4.2567644119262695 
v -0.13283991813659668 -0.13283991813659668 4.50177526473999 
v -0.13283991813659668 -1.460524320602417 4.50177526473999 
v -0.13283991813659668 -0.13283991813659668 4.2567644119262695 
v -0.13283991813659668 -1.460524320602417 4.2567644119262695 
v -1.460524320602417 0.132832333445549 4.2567644119262695 
v -0.13283991813659668 0.132832333445549 4.2567644119262695 
v -1.460524320602417 0.132832333445549 4.50177526473999 
v -0.13283991813659668 0.132832333445549 4.50177526473999 
v 0.132832333445549 -0.13283991813659668 4.50177526473999 
v 0.132832333445549 -0.13283991813659668 4.2567644119262695 
v 0.132832333445549 -1.460524320602417 4.50177526473999 
v 0.132832333445549 -1.460524320602417 4.2567644119262695 
v -0.13283991813659668 -1.725858211517334 4.2567644119262695 
v -0.13283991813659668 -1.725858211517334 4.50177526473999 
v -0.13283991813659668 -3.137813091278076 4.2567644119262695 
v -0.13283991813659668 -3.137813091278076 4.50177526473999 
v 0.132832333445549 -3.137813091278076 4.50177526473999 
v 0.132832333445549 -1.725858211517334 4.50177526473999 
v 0.132832333445549 -3.137813091278076 4.2567644119262695 
v 0.132832333445549 -1.725858211517334 4.2567644119262695 
v 3.33917498588562 3.33917498588562 4.2567644119262695 
v 3.137805461883545 3.137805461883545 4.2567644119262695 
v 3.33917498588562 -3.3391826152801514 4.2567644119262695 
v 3.137805461883545 -3.137813091278076 4.2567644119262695 
v -3.3391826152801514 -3.3391826152801514 4.2567644119262695 
v -3.137813091278076 -3.137813091278076 4.2567644119262695 
v -3.3391826152801514 3.33917498588562 4.2567644119262695 
v -3.137813091278076 3.137805461883545 4.2567644119262695 
v -3.3391826152801514 3.33917498588562 4.2567644119262695 
v -3.137813091278076 3.137805461883545 4.2567644119262695 
v 3.33917498588562 3.33917498588562 4.2567644119262695 
v 3.137805461883545 3.137805461883545 4.2567644119262695 
v 3.33917498588562 -3.3391826152801514 4.2567644119262695 
v 3.137805461883545 -3.137813091278076 4.2567644119262695 
v -3.3391826152801514 -3.3391826152801514 4.2567644119262695 
v -3.137813091278076 -3.137813091278076 4.2567644119262695 
v 3.137805461883545 1.7258505821228027 4.50177526473999 
v 3.137805461883545 1.7258505821228027 4.2567644119262695 
v 3.137805461883545 3.137805461883545 4.50177526473999 
v 3.137805461883545 3.137805461883545 4.2567644119262695 
v -1.725858211517334 -3.137813091278076 4.50177526473999 
v -3.137813091278076 -3.137813091278076 4.50177526473999 
v -1.725858211517334 -3.137813091278076 4.2567644119262695 
v -3.137813091278076 -3.137813091278076 4.2567644119262695 
v 1.7258505821228027 3.137805461883545 4.50177526473999 
v 3.137805461883545 3.137805461883545 4.50177526473999 
v 1.7258505821228027 3.137805461883545 4.2567644119262695 
v 3.137805461883545 3.137805461883545 4.2567644119262695 
v -3.137813091278076 -1.725858211517334 4.50177526473999 
v -3.137813091278076 -1.725858211517334 4.2567644119262695 
v -3.137813091278076 -3.137813091278076 4.50177526473999 
v -3.137813091278076 -3.137813091278076 4.2567644119262695 
v -3.137813091278076 1.4605168104171753 4.50177526473999 
v -1.725858211517334 1.4605168104171753 4.50177526473999 
v -3.137813091278076 1.4605168104171753 4.2567644119262695 
v -1.725858211517334 1.4605168104171753 4.2567644119262695 
v -0.13283991813659668 -3.137813091278076 4.50177526473999 
v -1.460524320602417 -3.137813091278076 4.50177526473999 
v -0.13283991813659668 -3.137813091278076 4.2567644119262695 
v -1.460524320602417 -3.137813091278076 4.2567644119262695 
v 1.4605168104171753 -3.137813091278076 4.50177526473999 
v 0.132832333445549 -3.137813091278076 4.50177526473999 
v 1.4605168104171753 -3.137813091278076 4.2567644119262695 
v 0.132832333445549 -3.137813091278076 4.2567644119262695 
v 0.132832333445549 3.137805461883545 4.50177526473999 
v 1.4605168104171753 3.137805461883545 4.50177526473999 
v 0.132832333445549 3.137805461883545 4.2567644119262695 
v 1.4605168104171753 3.137805461883545 4.2567644119262695 
v -0.13283991813659668 3.137805461883545 4.50177526473999 
v -0.13283991813659668 3.137805461883545 4.2567644119262695 
v -1.4601858854293823 3.137805461883545 4.50177526473999 
v -1.4601858854293823 3.137805461883545 4.2567644119262695 
v -1.725858211517334 3.137805461883545 4.50177526473999 
v -1.725858211517334 3.137805461883545 4.2567644119262695 
v -3.137813091278076 3.137805461883545 4.50177526473999 
v -3.137813091278076 3.137805461883545 4.2567644119262695 
v -3.137813091278076 1.7258505821228027 4.50177526473999 
v -3.137813091278076 3.137805461883545 4.50177526473999 
v -3.137813091278076 1.7258505821228027 4.2567644119262695 
v -3.137813091278076 3.137805461883545 4.2567644119262695 
v -3.137813091278076 0.132832333445549 4.50177526473999 
v -3.137813091278076 1.4605168104171753 4.50177526473999 
v -3.137813091278076 0.132832333445549 4.2567644119262695 
v -3.137813091278076 1.4605168104171753 4.2567644119262695 
v -3.137813091278076 -0.13283991813659668 4.50177526473999 
v -3.137813091278076 -0.13283991813659668 4.2567644119262695 
v -3.137813091278076 -1.4601858854293823 4.50177526473999 
v -3.137813091278076 -1.4601858854293823 4.2567644119262695 
v 1.7258505821228027 -3.137813091278076 4.50177526473999 
v 1.7258505821228027 -3.137813091278076 4.2567644119262695 
v 3.137805461883545 -3.137813091278076 4.50177526473999 
v 3.137805461883545 -3.137813091278076 4.2567644119262695 
v 3.137805461883545 -1.725858211517334 4.50177526473999 
v 3.137805461883545 -3.137813091278076 4.50177526473999 
v 3.137805461883545 -1.725858211517334 4.2567644119262695 
v 3.137805461883545 -3.137813091278076 4.2567644119262695 
v 3.137805461883545 -0.13283991813659668 4.50177526473999 
v 3.137805461883545 -1.460524320602417 4.50177526473999 
v 3.137805461883545 -0.13283991813659668 4.2567644119262695 
v 3.137805461883545 -1.460524320602417 4.2567644119262695 
v 3.137805461883545 0.132832333445549 4.50177526473999 
v 3.137805461883545 0.132832333445549 4.2567644119262695 
v 3.137805461883545 1.4605168104171753 4.50177526473999 
v 3.137805461883545 1.4605168104171753 4.2567644119262695 
v 0.132832333445549 0.132832333445549 4.2567644119262695 
v 0.132832333445549 1.4605168104171753 4.2567644119262695 
v -0.13283991813659668 0.132832333445549 4.2567644119262695 
v -0.13283991813659668 1.4605168104171753 4.2567644119262695 
v -0.13283991813659668 1.7258505821228027 4.2567644119262695 
v -1.4601858854293823 1.7258505821228027 4.2567644119262695 
v -0.13283991813659668 1.4605168104171753 4.2567644119262695 
v -1.4601858854293823 1.4605168104171753 4.2567644119262695 
v 1.4605168104171753 1.4605168104171753 4.2567644119262695 
v 1.4605168104171753 1.7258505821228027 4.2567644119262695 
v 0.132832333445549 1.4605168104171753 4.2567644119262695 
v 0.132832333445549 1.7258505821228027 4.2567644119262695 
v 0.132832333445549 1.4605168104171753 4.2567644119262695 
v 0.132832333445549 1.7258505821228027 4.2567644119262695 
v -0.13283991813659668 1.4605168104171753 4.2567644119262695 
v -0.13283991813659668 1.7258505821228027 4.2567644119262695 
v -1.1095662117004395 -5.544769763946533 0.00606560381129384 
v -1.1095662117004395 -5.510926246643066 0.00606560381129384 
v -1.1095662117004395 -5.544769763946533 2.2232425212860107 
v -1.1095662117004395 -5.510926246643066 2.2232425212860107 
v 1.1095585823059082 -5.510926246643066 0.00606560381129384 
v 1.1095585823059082 -5.544769763946533 0.00606560381129384 
v 1.1095585823059082 -5.510926246643066 2.2232425212860107 
v 1.1095585823059082 -5.544769763946533 2.2232425212860107 
v 0.0045650918036699295 -5.5393548011779785 0.008810823783278465 
v 1.0273187160491943 -5.5393548011779785 0.008810823783278465 
v 0.0045650918036699295 -5.5393548011779785 2.141160488128662 
v 1.0273187160491943 -5.5393548011779785 2.141160488128662 
v -1.1095662117004395 -5.544769763946533 2.2232425212860107 
v -1.1095662117004395 -5.510926246643066 2.2232425212860107 
v 0.00016542400408070534 -5.544769763946533 2.2232425212860107 
v 0.00016542400408070534 -5.510926246643066 2.2232425212860107 
v 1.1095585823059082 -5.544769763946533 2.2232425212860107 
v 1.1095585823059082 -5.510926246643066 2.2232425212860107 
v 1.0273187160491943 -5.510926246643066 2.141160488128662 
v 1.0273187160491943 -5.5393548011779785 2.141160488128662 
v 1.0273187160491943 -5.510926246643066 0.008810823783278465 
v 1.0273187160491943 -5.5393548011779785 0.008810823783278465 
v -1.1095662117004395 -5.510926246643066 2.2232425212860107 
v -1.1095662117004395 -5.510926246643066 0.00606560381129384 
v -1.027326226234436 -5.510926246643066 2.141160488128662 
v -1.027326226234436 -5.510926246643066 0.008810823783278465 
v -1.1095662117004395 -5.510926246643066 2.2232425212860107 
v -1.027326226234436 -5.510926246643066 2.141160488128662 
v 0.00016542400408070534 -5.510926246643066 2.2232425212860107 
v 0.00016542400408070534 -5.510926246643066 2.141160488128662 
v 1.0273187160491943 -5.510926246643066 2.141160488128662 
v 1.1095585823059082 -5.510926246643066 2.2232425212860107 
v 1.0273187160491943 -5.510926246643066 0.008810823783278465 
v 1.0273187160491943 -5.510926246643066 2.141160488128662 
v 1.1095585823059082 -5.510926246643066 0.00606560381129384 
v 1.1095585823059082 -5.510926246643066 2.2232425212860107 
v 1.1095585823059082 -5.510926246643066 0.00606560381129384 
v 0.00016542400408070534 -5.510926246643066 0.004143950063735247 
v 1.0273187160491943 -5.510926246643066 0.008810823783278465 
v 0.00016542400408070534 -5.510926246643066 0.008810823783278465 
v -1.027326226234436 -5.510926246643066 0.008810823783278465 
v -1.1095662117004395 -5.510926246643066 0.00606560381129384 
v 1.0273187160491943 -5.5393548011779785 2.141160488128662 
v 0.0045650918036699295 -5.5393548011779785 2.141160488128662 
v 1.0273187160491943 -5.510926246643066 2.141160488128662 
v 0.00016542400408070534 -5.510926246643066 2.141160488128662 
v 0.00016542400408070534 -5.5393548011779785 2.141160488128662 
v -0.004572680220007896 -5.5393548011779785 2.141160488128662 
v -0.004572680220007896 -5.543754577636719 2.141160488128662 
v 0.0045650918036699295 -5.543754577636719 2.141160488128662 
v -1.027326226234436 -5.510926246643066 2.141160488128662 
v -1.027326226234436 -5.5393548011779785 2.141160488128662 
v -1.027326226234436 -5.510926246643066 0.008810823783278465 
v -1.027326226234436 -5.510926246643066 2.141160488128662 
v -1.027326226234436 -5.5393548011779785 0.008810823783278465 
v -1.027326226234436 -5.5393548011779785 2.141160488128662 
v 0.0045650918036699295 -5.543754577636719 2.141160488128662 
v 0.0045650918036699295 -5.543754577636719 0.008810823783278465 
v -0.004572680220007896 -5.543754577636719 2.141160488128662 
v -0.004572680220007896 -5.543754577636719 0.008810823783278465 
v 1.0273187160491943 -5.5393548011779785 0.008810823783278465 
v 1.0273187160491943 -5.510926246643066 0.008810823783278465 
v 0.0045650918036699295 -5.5393548011779785 0.008810823783278465 
v 0.00016542400408070534 -5.510926246643066 0.008810823783278465 
v 0.00016542400408070534 -5.5393548011779785 0.008810823783278465 
v -0.004572680220007896 -5.5393548011779785 0.008810823783278465 
v 0.0045650918036699295 -5.543754577636719 0.008810823783278465 
v -0.004572680220007896 -5.543754577636719 0.008810823783278465 
v -1.027326226234436 -5.510926246643066 0.008810823783278465 
v -1.027326226234436 -5.5393548011779785 0.008810823783278465 
v 0.0045650918036699295 -5.5393548011779785 2.141160488128662 
v 0.0045650918036699295 -5.5393548011779785 0.008810823783278465 
v 0.0045650918036699295 -5.543754577636719 2.141160488128662 
v 0.0045650918036699295 -5.543754577636719 0.008810823783278465 
v -1.027326226234436 -5.5393548011779785 0.008810823783278465 
v -1.027326226234436 -5.5393548011779785 2.141160488128662 
v -0.004572680220007896 -5.5393548011779785 0.008810823783278465 
v -0.004572680220007896 -5.5393548011779785 2.141160488128662 
v -0.004572680220007896 -5.5393548011779785 0.008810823783278465 
v -0.004572680220007896 -5.5393548011779785 2.141160488128662 
v -0.004572680220007896 -5.543754577636719 0.008810823783278465 
v -0.004572680220007896 -5.543754577636719 2.141160488128662 
v 0.08443598449230194 -5.498742580413818 1.108134150505066 
v 0.08748190850019455 -5.498742580413818 1.1155462265014648 
v 0.08443598449230194 -5.540031909942627 1.108134150505066 
v 0.08748190850019455 -5.540031909942627 1.1155462265014648 
v 0.07699039578437805 -5.498742580413818 1.105114459991455 
v 0.08443598449230194 -5.498742580413818 1.108134150505066 
v 0.07699039578437805 -5.540031909942627 1.105114459991455 
v 0.08443598449230194 -5.540031909942627 1.108134150505066 
v 0.06988324224948883 -5.498742580413818 1.108134150505066 
v 0.07699039578437805 -5.498742580413818 1.105114459991455 
v 0.06988324224948883 -5.540031909942627 1.108134150505066 
v 0.07699039578437805 -5.540031909942627 1.105114459991455 
v 0.06683731824159622 -5.498742580413818 1.1155462265014648 
v 0.06988324224948883 -5.498742580413818 1.108134150505066 
v 0.06683731824159622 -5.540031909942627 1.1155462265014648 
v 0.06988324224948883 -5.540031909942627 1.108134150505066 
v 0.06683731824159622 -5.498742580413818 1.1155462265014648 
v 0.06683731824159622 -5.540031909942627 1.1155462265014648 
v 0.06988324224948883 -5.498742580413818 1.1228210926055908 
v 0.06988324224948883 -5.540031909942627 1.1228210926055908 
v 0.06988324224948883 -5.498742580413818 1.1228210926055908 
v 0.06988324224948883 -5.540031909942627 1.1228210926055908 
v 0.07699039578437805 -5.498742580413818 1.1258407831192017 
v 0.07699039578437805 -5.540031909942627 1.1258407831192017 
v 0.07699039578437805 -5.498742580413818 1.1258407831192017 
v 0.07699039578437805 -5.540031909942627 1.1258407831192017 
v 0.08443598449230194 -5.498742580413818 1.1228210926055908 
v 0.08443598449230194 -5.540031909942627 1.1228210926055908 
v 0.08443598449230194 -5.498742580413818 1.1228210926055908 
v 0.08443598449230194 -5.540031909942627 1.1228210926055908 
v 0.08748190850019455 -5.498742580413818 1.1155462265014648 
v 0.08748190850019455 -5.540031909942627 1.1155462265014648 
v 0.050930824130773544 -5.484189987182617 1.1015456914901733 
v 0.2553461790084839 -5.484189987182617 1.1015456914901733 
v 0.050930824130773544 -5.50111198425293 1.1015456914901733 
v 0.2553461790084839 -5.50111198425293 1.1015456914901733 
v 0.050930824130773544 -5.50111198425293 1.1015456914901733 
v 0.050930824130773544 -5.50111198425293 1.129546880722046 
v 0.050930824130773544 -5.484189987182617 1.1015456914901733 
v 0.050930824130773544 -5.484189987182617 1.129546880722046 
v 0.050930824130773544 -5.50111198425293 1.129546880722046 
v 0.2553461790084839 -5.50111198425293 1.129546880722046 
v 0.050930824130773544 -5.484189987182617 1.129546880722046 
v 0.2553461790084839 -5.484189987182617 1.129546880722046 
v 0.050930824130773544 -5.50111198425293 1.129546880722046 
v 0.050930824130773544 -5.50111198425293 1.1015456914901733 
v 0.2553461790084839 -5.50111198425293 1.129546880722046 
v 0.2553461790084839 -5.50111198425293 1.1015456914901733 
v 0.2553461790084839 -5.484189987182617 1.1015456914901733 
v 0.2553461790084839 -5.484189987182617 1.129546880722046 
v 0.2553461790084839 -5.50111198425293 1.1015456914901733 
v 0.2553461790084839 -5.50111198425293 1.129546880722046 
v 0.050930824130773544 -5.484189987182617 1.129546880722046 
v 0.2553461790084839 -5.484189987182617 1.129546880722046 
v 0.050930824130773544 -5.484189987182617 1.1015456914901733 
v 0.2553461790084839 -5.484189987182617 1.1015456914901733 
v 0.06683731824159622 -5.498742580413818 1.1155462265014648 
v 0.06988324224948883 -5.498742580413818 1.1228210926055908 
v 0.06988324224948883 -5.498742580413818 1.108134150505066 
v 0.07699039578437805 -5.498742580413818 1.1258407831192017 
v 0.08443598449230194 -5.498742580413818 1.1228210926055908 
v 0.08748190850019455 -5.498742580413818 1.1155462265014648 
v 0.08443598449230194 -5.498742580413818 1.108134150505066 
v 0.07699039578437805 -5.498742580413818 1.105114459991455 
v 0.049577079713344574 -5.531909465789795 1.2217862606048584 
v 0.049577079713344574 -5.539693355560303 1.2217862606048584 
v 0.049577079713344574 -5.531909465789795 1.0091689825057983 
v 0.049577079713344574 -5.539693355560303 1.0091689825057983 
v 0.10440371185541153 -5.539693355560303 1.0091689825057983 
v 0.10440371185541153 -5.539693355560303 1.2217862606048584 
v 0.10440371185541153 -5.531909465789795 1.0091689825057983 
v 0.10440371185541153 -5.531909465789795 1.2217862606048584 
v 0.10440371185541153 -5.531909465789795 1.2217862606048584 
v 0.049577079713344574 -5.531909465789795 1.2217862606048584 
v 0.10440371185541153 -5.531909465789795 1.0091689825057983 
v 0.049577079713344574 -5.531909465789795 1.0091689825057983 
v 0.049577079713344574 -5.531909465789795 1.0091689825057983 
v 0.049577079713344574 -5.539693355560303 1.0091689825057983 
v 0.10440371185541153 -5.531909465789795 1.0091689825057983 
v 0.10440371185541153 -5.539693355560303 1.0091689825057983 
v 0.049577079713344574 -5.539693355560303 1.2217862606048584 
v 0.049577079713344574 -5.531909465789795 1.2217862606048584 
v 0.10440371185541153 -5.539693355560303 1.2217862606048584 
v 0.10440371185541153 -5.531909465789795 1.2217862606048584 
v -0.08748950064182281 -5.498742580413818 1.1155462265014648 
v -0.08748950064182281 -5.540031909942627 1.1155462265014648 
v -0.0844435766339302 -5.498742580413818 1.108134150505066 
v -0.0844435766339302 -5.540031909942627 1.108134150505066 
v -0.0844435766339302 -5.540031909942627 1.108134150505066 
v -0.07699798047542572 -5.540031909942627 1.105114459991455 
v -0.0844435766339302 -5.498742580413818 1.108134150505066 
v -0.07699798047542572 -5.498742580413818 1.105114459991455 
v -0.07699798047542572 -5.498742580413818 1.105114459991455 
v -0.07699798047542572 -5.540031909942627 1.105114459991455 
v -0.0698908269405365 -5.498742580413818 1.108134150505066 
v -0.0698908269405365 -5.540031909942627 1.108134150505066 
v -0.0698908269405365 -5.498742580413818 1.108134150505066 
v -0.0698908269405365 -5.540031909942627 1.108134150505066 
v -0.06684490293264389 -5.498742580413818 1.1155462265014648 
v -0.06684490293264389 -5.540031909942627 1.1155462265014648 
v -0.06684490293264389 -5.498742580413818 1.1155462265014648 
v -0.06684490293264389 -5.540031909942627 1.1155462265014648 
v -0.0698908269405365 -5.498742580413818 1.1228210926055908 
v -0.0698908269405365 -5.540031909942627 1.1228210926055908 
v -0.0698908269405365 -5.498742580413818 1.1228210926055908 
v -0.0698908269405365 -5.540031909942627 1.1228210926055908 
v -0.07699798047542572 -5.498742580413818 1.1258407831192017 
v -0.07699798047542572 -5.540031909942627 1.1258407831192017 
v -0.07699798047542572 -5.498742580413818 1.1258407831192017 
v -0.07699798047542572 -5.540031909942627 1.1258407831192017 
v -0.0844435766339302 -5.498742580413818 1.1228210926055908 
v -0.0844435766339302 -5.540031909942627 1.1228210926055908 
v -0.0844435766339302 -5.498742580413818 1.1228210926055908 
v -0.0844435766339302 -5.540031909942627 1.1228210926055908 
v -0.08748950064182281 -5.498742580413818 1.1155462265014648 
v -0.08748950064182281 -5.540031909942627 1.1155462265014648 
v -0.05093841254711151 -5.484189987182617 1.1015456914901733 
v -0.25535374879837036 -5.484189987182617 1.1015456914901733 
v -0.05093841254711151 -5.50111198425293 1.1015456914901733 
v -0.25535374879837036 -5.50111198425293 1.1015456914901733 
v -0.05093841254711151 -5.50111198425293 1.1015456914901733 
v -0.05093841254711151 -5.50111198425293 1.129546880722046 
v -0.05093841254711151 -5.484189987182617 1.1015456914901733 
v -0.05093841254711151 -5.484189987182617 1.129546880722046 
v -0.05093841254711151 -5.50111198425293 1.129546880722046 
v -0.25535374879837036 -5.50111198425293 1.129546880722046 
v -0.05093841254711151 -5.484189987182617 1.129546880722046 
v -0.25535374879837036 -5.484189987182617 1.129546880722046 
v -0.05093841254711151 -5.50111198425293 1.129546880722046 
v -0.05093841254711151 -5.50111198425293 1.1015456914901733 
v -0.25535374879837036 -5.50111198425293 1.129546880722046 
v -0.25535374879837036 -5.50111198425293 1.1015456914901733 
v -0.25535374879837036 -5.484189987182617 1.1015456914901733 
v -0.25535374879837036 -5.484189987182617 1.129546880722046 
v -0.25535374879837036 -5.50111198425293 1.1015456914901733 
v -0.25535374879837036 -5.50111198425293 1.129546880722046 
v -0.05093841254711151 -5.484189987182617 1.129546880722046 
v -0.25535374879837036 -5.484189987182617 1.129546880722046 
v -0.05093841254711151 -5.484189987182617 1.1015456914901733 
v -0.25535374879837036 -5.484189987182617 1.1015456914901733 
v -0.06684490293264389 -5.498742580413818 1.1155462265014648 
v -0.0698908269405365 -5.498742580413818 1.1228210926055908 
v -0.0698908269405365 -5.498742580413818 1.108134150505066 
v -0.0844435766339302 -5.498742580413818 1.108134150505066 
v -0.07699798047542572 -5.498742580413818 1.105114459991455 
v -0.07699798047542572 -5.498742580413818 1.1258407831192017 
v -0.0844435766339302 -5.498742580413818 1.1228210926055908 
v -0.08748950064182281 -5.498742580413818 1.1155462265014648 
v -0.04958466812968254 -5.539693355560303 1.0091689825057983 
v -0.04958466812968254 -5.531909465789795 1.0091689825057983 
v -0.04958466812968254 -5.539693355560303 1.2217862606048584 
v -0.04958466812968254 -5.531909465789795 1.2217862606048584 
v -0.1044112965464592 -5.539693355560303 1.0091689825057983 
v -0.1044112965464592 -5.539693355560303 1.2217862606048584 
v -0.1044112965464592 -5.531909465789795 1.0091689825057983 
v -0.1044112965464592 -5.531909465789795 1.2217862606048584 
v -0.04958466812968254 -5.531909465789795 1.0091689825057983 
v -0.1044112965464592 -5.531909465789795 1.0091689825057983 
v -0.04958466812968254 -5.531909465789795 1.2217862606048584 
v -0.1044112965464592 -5.531909465789795 1.2217862606048584 
v -0.04958466812968254 -5.531909465789795 1.0091689825057983 
v -0.04958466812968254 -5.539693355560303 1.0091689825057983 
v -0.1044112965464592 -5.531909465789795 1.0091689825057983 
v -0.1044112965464592 -5.539693355560303 1.0091689825057983 
v -0.04958466812968254 -5.539693355560303 1.2217862606048584 
v -0.04958466812968254 -5.531909465789795 1.2217862606048584 
v -0.1044112965464592 -5.539693355560303 1.2217862606048584 
v -0.1044112965464592 -5.531909465789795 1.2217862606048584 
v 4.343991279602051 0.00016542400408070534 3.183245897293091 
v 4.371404647827148 0.13689357042312622 3.2668378353118896 
v 4.371404647827148 0.13689357042312622 3.183245897293091 
v 4.448906421661377 0.2529771029949188 3.183245897293091 
v 4.343991279602051 0.00016542400408070534 3.2668378353118896 
v 4.371404647827148 -0.1369011551141739 3.2668378353118896 
v 4.371404647827148 -0.1369011551141739 3.183245897293091 
v 4.448906421661377 -0.2529847025871277 3.2668378353118896 
v 4.448906421661377 -0.2529847025871277 3.183245897293091 
v 4.564990043640137 -0.330486536026001 3.183245897293091 
v 4.564990043640137 -0.330486536026001 3.2668378353118896 
v 4.702056884765625 -0.35789987444877625 3.183245897293091 
v 4.702056884765625 -0.35789987444877625 3.2668378353118896 
v 4.448906421661377 0.2529771029949188 3.2668378353118896 
v 4.564990043640137 0.3304789662361145 3.2668378353118896 
v 4.564990043640137 0.3304789662361145 3.183245897293091 
v 4.702056884765625 0.3578922748565674 3.2668378353118896 
v 4.702056884765625 0.3578922748565674 3.183245897293091 
v 4.702056884765625 0.3578922748565674 3.2668378353118896 
v 4.702056884765625 0.3578922748565674 3.183245897293091 
v 4.838784694671631 0.3304789662361145 3.2668378353118896 
v 4.838784694671631 0.3304789662361145 3.183245897293091 
v 4.954868316650391 0.2529771029949188 3.2668378353118896 
v 4.954868316650391 0.2529771029949188 3.183245897293091 
v 5.032370090484619 0.13689357042312622 3.183245897293091 
v 5.032370090484619 0.13689357042312622 3.2668378353118896 
v 5.059783458709717 0.00016542400408070534 3.183245897293091 
v 5.059783458709717 0.00016542400408070534 3.2668378353118896 
v 5.032370090484619 -0.1369011551141739 3.2668378353118896 
v 5.032370090484619 -0.1369011551141739 3.183245897293091 
v 4.954868316650391 -0.2529847025871277 3.183245897293091 
v 4.954868316650391 -0.2529847025871277 3.2668378353118896 
v 4.838784694671631 -0.330486536026001 3.183245897293091 
v 4.838784694671631 -0.330486536026001 3.2668378353118896 
v 4.702056884765625 -0.35789987444877625 3.183245897293091 
v 4.702056884765625 -0.35789987444877625 3.2668378353118896 
v 4.702056884765625 0.30272722244262695 3.183245897293091 
v 4.702056884765625 0.30272722244262695 3.21907114982605 
v 4.585973262786865 0.27971357107162476 3.183245897293091 
v 4.585973262786865 0.27971357107162476 3.21907114982605 
v 4.487826824188232 0.21405696868896484 3.183245897293091 
v 4.487826824188232 0.21405696868896484 3.21907114982605 
v 4.422508716583252 0.11591053754091263 3.183245897293091 
v 4.422508716583252 0.11591053754091263 3.21907114982605 
v 4.3994951248168945 0.00016542400408070534 3.21907114982605 
v 4.3994951248168945 0.00016542400408070534 3.183245897293091 
v 4.422508716583252 -0.1159181222319603 3.21907114982605 
v 4.422508716583252 -0.1159181222319603 3.183245897293091 
v 4.487826824188232 -0.2140645682811737 3.21907114982605 
v 4.487826824188232 -0.2140645682811737 3.183245897293091 
v 4.585973262786865 -0.27972114086151123 3.21907114982605 
v 4.585973262786865 -0.27972114086151123 3.183245897293091 
v 4.702056884765625 -0.3027347922325134 3.183245897293091 
v 4.702056884765625 -0.3027347922325134 3.21907114982605 
v 4.702056884765625 0.30272722244262695 3.183245897293091 
v 4.585973262786865 0.27971357107162476 3.183245897293091 
v 4.702056884765625 0.3578922748565674 3.183245897293091 
v 4.564990043640137 0.3304789662361145 3.183245897293091 
v 4.448906421661377 0.2529771029949188 3.183245897293091 
v 4.487826824188232 0.21405696868896484 3.183245897293091 
v 4.371404647827148 0.13689357042312622 3.183245897293091 
v 4.422508716583252 0.11591053754091263 3.183245897293091 
v 4.343991279602051 0.00016542400408070534 3.183245897293091 
v 4.3994951248168945 0.00016542400408070534 3.183245897293091 
v 4.422508716583252 -0.1159181222319603 3.183245897293091 
v 4.371404647827148 -0.1369011551141739 3.183245897293091 
v 4.448906421661377 -0.2529847025871277 3.183245897293091 
v 4.487826824188232 -0.2140645682811737 3.183245897293091 
v 4.585973262786865 -0.27972114086151123 3.183245897293091 
v 4.564990043640137 -0.330486536026001 3.183245897293091 
v 4.702056884765625 -0.35789987444877625 3.183245897293091 
v 4.702056884765625 -0.3027347922325134 3.183245897293091 
v 4.702056884765625 0.30272722244262695 3.183245897293091 
v 4.702056884765625 0.3578922748565674 3.183245897293091 
v 4.8178019523620605 0.27971357107162476 3.183245897293091 
v 4.838784694671631 0.3304789662361145 3.183245897293091 
v 4.954868316650391 0.2529771029949188 3.183245897293091 
v 4.915948390960693 0.21405696868896484 3.183245897293091 
v 5.032370090484619 0.13689357042312622 3.183245897293091 
v 4.981605052947998 0.11591053754091263 3.183245897293091 
v 5.059783458709717 0.00016542400408070534 3.183245897293091 
v 5.0046186447143555 0.00016542400408070534 3.183245897293091 
v 4.981605052947998 -0.1159181222319603 3.183245897293091 
v 5.032370090484619 -0.1369011551141739 3.183245897293091 
v 4.954868316650391 -0.2529847025871277 3.183245897293091 
v 4.915948390960693 -0.2140645682811737 3.183245897293091 
v 4.8178019523620605 -0.27972114086151123 3.183245897293091 
v 4.838784694671631 -0.330486536026001 3.183245897293091 
v 4.702056884765625 -0.35789987444877625 3.183245897293091 
v 4.702056884765625 -0.3027347922325134 3.183245897293091 
v 4.702056884765625 -0.3027347922325134 3.21907114982605 
v 4.8178019523620605 -0.27972114086151123 3.21907114982605 
v 4.585973262786865 -0.27972114086151123 3.21907114982605 
v 4.487826824188232 -0.2140645682811737 3.21907114982605 
v 4.422508716583252 -0.1159181222319603 3.21907114982605 
v 4.981605052947998 0.11591053754091263 3.21907114982605 
v 4.585973262786865 0.27971357107162476 3.21907114982605 
v 4.702056884765625 0.30272722244262695 3.21907114982605 
v 4.8178019523620605 0.27971357107162476 3.21907114982605 
v 4.915948390960693 0.21405696868896484 3.21907114982605 
v 4.915948390960693 -0.2140645682811737 3.21907114982605 
v 4.981605052947998 -0.1159181222319603 3.21907114982605 
v 5.0046186447143555 0.00016542400408070534 3.21907114982605 
v 4.487826824188232 0.21405696868896484 3.21907114982605 
v 4.422508716583252 0.11591053754091263 3.21907114982605 
v 4.3994951248168945 0.00016542400408070534 3.21907114982605 
v 4.981605052947998 -0.1159181222319603 3.21907114982605 
v 5.0046186447143555 0.00016542400408070534 3.21907114982605 
v 5.0046186447143555 0.00016542400408070534 3.183245897293091 
v 4.981605052947998 0.11591053754091263 3.21907114982605 
v 4.981605052947998 0.11591053754091263 3.183245897293091 
v 4.915948390960693 0.21405696868896484 3.183245897293091 
v 4.915948390960693 0.21405696868896484 3.21907114982605 
v 4.8178019523620605 0.27971357107162476 3.21907114982605 
v 4.8178019523620605 0.27971357107162476 3.183245897293091 
v 4.702056884765625 0.30272722244262695 3.21907114982605 
v 4.702056884765625 0.30272722244262695 3.183245897293091 
v 4.981605052947998 -0.1159181222319603 3.183245897293091 
v 4.915948390960693 -0.2140645682811737 3.183245897293091 
v 4.915948390960693 -0.2140645682811737 3.21907114982605 
v 4.8178019523620605 -0.27972114086151123 3.183245897293091 
v 4.8178019523620605 -0.27972114086151123 3.21907114982605 
v 4.702056884765625 -0.3027347922325134 3.183245897293091 
v 4.702056884765625 -0.3027347922325134 3.21907114982605 
v -4.343998908996582 -3.1486430168151855 3.183245897293091 
v -4.37141227722168 -3.0119149684906006 3.183245897293091 
v -4.399502754211426 -3.1486430168151855 3.183245897293091 
v -4.422516345977783 -3.03289794921875 3.183245897293091 
v -4.37141227722168 -3.2857096195220947 3.183245897293091 
v -4.422516345977783 -3.2643883228302 3.183245897293091 
v -4.448914051055908 -3.4017932415008545 3.183245897293091 
v -4.487834453582764 -3.362534761428833 3.183245897293091 
v -4.5859808921813965 -3.4281911849975586 3.183245897293091 
v -4.564997673034668 -3.479295015335083 3.183245897293091 
v -4.702064514160156 -3.5063700675964355 3.183245897293091 
v -4.702064514160156 -3.451205015182495 3.183245897293091 
v -4.448914051055908 -2.895831346511841 3.183245897293091 
v -4.487834453582764 -2.934751510620117 3.183245897293091 
v -4.5859808921813965 -2.8690950870513916 3.183245897293091 
v -4.564997673034668 -2.817991256713867 3.183245897293091 
v -4.702064514160156 -2.846081256866455 3.183245897293091 
v -4.702064514160156 -2.7909162044525146 3.183245897293091 
v -4.399502754211426 -3.1486430168151855 3.183245897293091 
v -4.422516345977783 -3.03289794921875 3.183245897293091 
v -4.399502754211426 -3.1486430168151855 3.21907114982605 
v -4.422516345977783 -3.03289794921875 3.21907114982605 
v -4.422516345977783 -3.2643883228302 3.21907114982605 
v -4.422516345977783 -3.2643883228302 3.183245897293091 
v -4.487834453582764 -3.362534761428833 3.21907114982605 
v -4.487834453582764 -3.362534761428833 3.183245897293091 
v -4.5859808921813965 -3.4281911849975586 3.21907114982605 
v -4.5859808921813965 -3.4281911849975586 3.183245897293091 
v -4.702064514160156 -3.451205015182495 3.21907114982605 
v -4.702064514160156 -3.451205015182495 3.183245897293091 
v -4.487834453582764 -2.934751510620117 3.183245897293091 
v -4.487834453582764 -2.934751510620117 3.21907114982605 
v -4.5859808921813965 -2.8690950870513916 3.183245897293091 
v -4.5859808921813965 -2.8690950870513916 3.21907114982605 
v -4.702064514160156 -2.846081256866455 3.183245897293091 
v -4.702064514160156 -2.846081256866455 3.21907114982605 
v -4.487834453582764 -2.934751510620117 3.21907114982605 
v -4.422516345977783 -3.03289794921875 3.21907114982605 
v -4.5859808921813965 -2.8690950870513916 3.21907114982605 
v -4.702064514160156 -2.846081256866455 3.21907114982605 
v -4.817809581756592 -2.8690950870513916 3.21907114982605 
v -4.981612682342529 -3.2643883228302 3.21907114982605 
v -4.5859808921813965 -3.4281911849975586 3.21907114982605 
v -4.915956020355225 -3.362534761428833 3.21907114982605 
v -4.817809581756592 -3.4281911849975586 3.21907114982605 
v -4.702064514160156 -3.451205015182495 3.21907114982605 
v -4.399502754211426 -3.1486430168151855 3.21907114982605 
v -4.422516345977783 -3.2643883228302 3.21907114982605 
v -4.487834453582764 -3.362534761428833 3.21907114982605 
v -5.004626274108887 -3.1486430168151855 3.21907114982605 
v -4.981612682342529 -3.03289794921875 3.21907114982605 
v -4.915956020355225 -2.934751510620117 3.21907114982605 
v -4.702064514160156 -3.5063700675964355 3.183245897293091 
v -4.702064514160156 -3.5063700675964355 3.2668378353118896 
v -4.564997673034668 -3.479295015335083 3.183245897293091 
v -4.564997673034668 -3.479295015335083 3.2668378353118896 
v -4.448914051055908 -3.4017932415008545 3.183245897293091 
v -4.448914051055908 -3.4017932415008545 3.2668378353118896 
v -4.37141227722168 -3.2857096195220947 3.183245897293091 
v -4.37141227722168 -3.2857096195220947 3.2668378353118896 
v -4.343998908996582 -3.1486430168151855 3.183245897293091 
v -4.343998908996582 -3.1486430168151855 3.2668378353118896 
v -4.37141227722168 -3.0119149684906006 3.183245897293091 
v -4.37141227722168 -3.0119149684906006 3.2668378353118896 
v -4.448914051055908 -2.895831346511841 3.183245897293091 
v -4.448914051055908 -2.895831346511841 3.2668378353118896 
v -4.564997673034668 -2.817991256713867 3.183245897293091 
v -4.564997673034668 -2.817991256713867 3.2668378353118896 
v -4.702064514160156 -2.7909162044525146 3.183245897293091 
v -4.702064514160156 -2.7909162044525146 3.2668378353118896 
v -4.702064514160156 -2.7909162044525146 3.183245897293091 
v -4.702064514160156 -2.7909162044525146 3.2668378353118896 
v -4.838792324066162 -2.817991256713867 3.183245897293091 
v -4.838792324066162 -2.817991256713867 3.2668378353118896 
v -4.954875946044922 -2.895831346511841 3.183245897293091 
v -4.954875946044922 -2.895831346511841 3.2668378353118896 
v -5.03237771987915 -3.0119149684906006 3.183245897293091 
v -5.03237771987915 -3.0119149684906006 3.2668378353118896 
v -5.059791088104248 -3.1486430168151855 3.183245897293091 
v -5.059791088104248 -3.1486430168151855 3.2668378353118896 
v -5.03237771987915 -3.2857096195220947 3.183245897293091 
v -5.03237771987915 -3.2857096195220947 3.2668378353118896 
v -4.954875946044922 -3.4017932415008545 3.183245897293091 
v -4.954875946044922 -3.4017932415008545 3.2668378353118896 
v -4.838792324066162 -3.479295015335083 3.183245897293091 
v -4.838792324066162 -3.479295015335083 3.2668378353118896 
v -4.702064514160156 -3.5063700675964355 3.183245897293091 
v -4.702064514160156 -3.5063700675964355 3.2668378353118896 
v -4.702064514160156 -3.451205015182495 3.183245897293091 
v -4.817809581756592 -3.4281911849975586 3.183245897293091 
v -4.702064514160156 -3.5063700675964355 3.183245897293091 
v -4.838792324066162 -3.479295015335083 3.183245897293091 
v -4.915956020355225 -3.362534761428833 3.183245897293091 
v -4.954875946044922 -3.4017932415008545 3.183245897293091 
v -5.03237771987915 -3.2857096195220947 3.183245897293091 
v -4.981612682342529 -3.2643883228302 3.183245897293091 
v -5.059791088104248 -3.1486430168151855 3.183245897293091 
v -5.004626274108887 -3.1486430168151855 3.183245897293091 
v -4.981612682342529 -3.03289794921875 3.183245897293091 
v -5.03237771987915 -3.0119149684906006 3.183245897293091 
v -4.915956020355225 -2.934751510620117 3.183245897293091 
v -4.954875946044922 -2.895831346511841 3.183245897293091 
v -4.838792324066162 -2.817991256713867 3.183245897293091 
v -4.817809581756592 -2.8690950870513916 3.183245897293091 
v -4.702064514160156 -2.7909162044525146 3.183245897293091 
v -4.702064514160156 -2.846081256866455 3.183245897293091 
v -4.702064514160156 -3.451205015182495 3.21907114982605 
v -4.817809581756592 -3.4281911849975586 3.21907114982605 
v -4.702064514160156 -3.451205015182495 3.183245897293091 
v -4.817809581756592 -3.4281911849975586 3.183245897293091 
v -4.915956020355225 -3.362534761428833 3.21907114982605 
v -4.915956020355225 -3.362534761428833 3.183245897293091 
v -4.981612682342529 -3.2643883228302 3.21907114982605 
v -4.981612682342529 -3.2643883228302 3.183245897293091 
v -5.004626274108887 -3.1486430168151855 3.21907114982605 
v -5.004626274108887 -3.1486430168151855 3.183245897293091 
v -4.981612682342529 -3.03289794921875 3.21907114982605 
v -4.981612682342529 -3.03289794921875 3.183245897293091 
v -4.915956020355225 -2.934751510620117 3.21907114982605 
v -4.915956020355225 -2.934751510620117 3.183245897293091 
v -4.817809581756592 -2.8690950870513916 3.21907114982605 
v -4.817809581756592 -2.8690950870513916 3.183245897293091 
v -4.702064514160156 -2.846081256866455 3.21907114982605 
v -4.702064514160156 -2.846081256866455 3.183245897293091 
v 4.702056884765625 -1.271677017211914 3.183245897293091 
v 4.585973262786865 -1.294690728187561 3.183245897293091 
v 4.702056884765625 -1.2165119647979736 3.183245897293091 
v 4.564990043640137 -1.2439253330230713 3.183245897293091 
v 4.448906421661377 -1.3214271068572998 3.183245897293091 
v 4.487826824188232 -1.3603472709655762 3.183245897293091 
v 4.422508716583252 -1.458493709564209 3.183245897293091 
v 4.371404647827148 -1.4375107288360596 3.183245897293091 
v 4.343991279602051 -1.574238896369934 3.183245897293091 
v 4.3994951248168945 -1.574238896369934 3.183245897293091 
v 4.422508716583252 -1.6899839639663696 3.183245897293091 
v 4.371404647827148 -1.7113053798675537 3.183245897293091 
v 4.448906421661377 -1.8273890018463135 3.183245897293091 
v 4.487826824188232 -1.788468837738037 3.183245897293091 
v 4.585973262786865 -1.8537869453430176 3.183245897293091 
v 4.564990043640137 -1.904890775680542 3.183245897293091 
v 4.702056884765625 -1.9323041439056396 3.183245897293091 
v 4.702056884765625 -1.8768006563186646 3.183245897293091 
v 4.702056884765625 -1.271677017211914 3.21907114982605 
v 4.585973262786865 -1.294690728187561 3.21907114982605 
v 4.702056884765625 -1.271677017211914 3.183245897293091 
v 4.585973262786865 -1.294690728187561 3.183245897293091 
v 4.487826824188232 -1.3603472709655762 3.21907114982605 
v 4.487826824188232 -1.3603472709655762 3.183245897293091 
v 4.422508716583252 -1.458493709564209 3.21907114982605 
v 4.422508716583252 -1.458493709564209 3.183245897293091 
v 4.3994951248168945 -1.574238896369934 3.21907114982605 
v 4.3994951248168945 -1.574238896369934 3.183245897293091 
v 4.422508716583252 -1.6899839639663696 3.21907114982605 
v 4.422508716583252 -1.6899839639663696 3.183245897293091 
v 4.487826824188232 -1.788468837738037 3.21907114982605 
v 4.487826824188232 -1.788468837738037 3.183245897293091 
v 4.585973262786865 -1.8537869453430176 3.21907114982605 
v 4.585973262786865 -1.8537869453430176 3.183245897293091 
v 4.702056884765625 -1.8768006563186646 3.21907114982605 
v 4.702056884765625 -1.8768006563186646 3.183245897293091 
v 4.915948390960693 -1.788468837738037 3.21907114982605 
v 4.981605052947998 -1.6899839639663696 3.21907114982605 
v 4.8178019523620605 -1.8537869453430176 3.21907114982605 
v 5.0046186447143555 -1.574238896369934 3.21907114982605 
v 4.981605052947998 -1.458493709564209 3.21907114982605 
v 4.422508716583252 -1.6899839639663696 3.21907114982605 
v 4.585973262786865 -1.294690728187561 3.21907114982605 
v 4.487826824188232 -1.3603472709655762 3.21907114982605 
v 4.422508716583252 -1.458493709564209 3.21907114982605 
v 4.3994951248168945 -1.574238896369934 3.21907114982605 
v 4.487826824188232 -1.788468837738037 3.21907114982605 
v 4.585973262786865 -1.8537869453430176 3.21907114982605 
v 4.702056884765625 -1.8768006563186646 3.21907114982605 
v 4.702056884765625 -1.271677017211914 3.21907114982605 
v 4.8178019523620605 -1.294690728187561 3.21907114982605 
v 4.915948390960693 -1.3603472709655762 3.21907114982605 
v 4.702056884765625 -1.9323041439056396 3.183245897293091 
v 4.564990043640137 -1.904890775680542 3.183245897293091 
v 4.702056884765625 -1.9323041439056396 3.2668378353118896 
v 4.564990043640137 -1.904890775680542 3.2668378353118896 
v 4.448906421661377 -1.8273890018463135 3.183245897293091 
v 4.448906421661377 -1.8273890018463135 3.2668378353118896 
v 4.371404647827148 -1.7113053798675537 3.183245897293091 
v 4.371404647827148 -1.7113053798675537 3.2668378353118896 
v 4.343991279602051 -1.574238896369934 3.183245897293091 
v 4.343991279602051 -1.574238896369934 3.2668378353118896 
v 4.371404647827148 -1.4375107288360596 3.183245897293091 
v 4.371404647827148 -1.4375107288360596 3.2668378353118896 
v 4.448906421661377 -1.3214271068572998 3.183245897293091 
v 4.448906421661377 -1.3214271068572998 3.2668378353118896 
v 4.564990043640137 -1.2439253330230713 3.183245897293091 
v 4.564990043640137 -1.2439253330230713 3.2668378353118896 
v 4.702056884765625 -1.2165119647979736 3.183245897293091 
v 4.702056884765625 -1.2165119647979736 3.2668378353118896 
v 4.702056884765625 -1.2165119647979736 3.183245897293091 
v 4.702056884765625 -1.2165119647979736 3.2668378353118896 
v 4.838784694671631 -1.2439253330230713 3.183245897293091 
v 4.838784694671631 -1.2439253330230713 3.2668378353118896 
v 4.954868316650391 -1.3214271068572998 3.183245897293091 
v 4.954868316650391 -1.3214271068572998 3.2668378353118896 
v 5.032370090484619 -1.4375107288360596 3.183245897293091 
v 5.032370090484619 -1.4375107288360596 3.2668378353118896 
v 5.059783458709717 -1.574238896369934 3.183245897293091 
v 5.059783458709717 -1.574238896369934 3.2668378353118896 
v 5.032370090484619 -1.7113053798675537 3.183245897293091 
v 5.032370090484619 -1.7113053798675537 3.2668378353118896 
v 4.954868316650391 -1.8273890018463135 3.183245897293091 
v 4.954868316650391 -1.8273890018463135 3.2668378353118896 
v 4.838784694671631 -1.904890775680542 3.183245897293091 
v 4.838784694671631 -1.904890775680542 3.2668378353118896 
v 4.702056884765625 -1.9323041439056396 3.183245897293091 
v 4.702056884765625 -1.9323041439056396 3.2668378353118896 
v 4.702056884765625 -1.8768006563186646 3.183245897293091 
v 4.8178019523620605 -1.8537869453430176 3.183245897293091 
v 4.702056884765625 -1.9323041439056396 3.183245897293091 
v 4.838784694671631 -1.904890775680542 3.183245897293091 
v 4.915948390960693 -1.788468837738037 3.183245897293091 
v 4.954868316650391 -1.8273890018463135 3.183245897293091 
v 5.032370090484619 -1.7113053798675537 3.183245897293091 
v 4.981605052947998 -1.6899839639663696 3.183245897293091 
v 5.059783458709717 -1.574238896369934 3.183245897293091 
v 5.0046186447143555 -1.574238896369934 3.183245897293091 
v 4.981605052947998 -1.458493709564209 3.183245897293091 
v 5.032370090484619 -1.4375107288360596 3.183245897293091 
v 4.915948390960693 -1.3603472709655762 3.183245897293091 
v 4.954868316650391 -1.3214271068572998 3.183245897293091 
v 4.8178019523620605 -1.294690728187561 3.183245897293091 
v 4.838784694671631 -1.2439253330230713 3.183245897293091 
v 4.702056884765625 -1.2165119647979736 3.183245897293091 
v 4.702056884765625 -1.271677017211914 3.183245897293091 
v 4.702056884765625 -1.8768006563186646 3.21907114982605 
v 4.8178019523620605 -1.8537869453430176 3.21907114982605 
v 4.702056884765625 -1.8768006563186646 3.183245897293091 
v 4.8178019523620605 -1.8537869453430176 3.183245897293091 
v 4.915948390960693 -1.788468837738037 3.21907114982605 
v 4.915948390960693 -1.788468837738037 3.183245897293091 
v 4.981605052947998 -1.6899839639663696 3.21907114982605 
v 4.981605052947998 -1.6899839639663696 3.183245897293091 
v 5.0046186447143555 -1.574238896369934 3.21907114982605 
v 5.0046186447143555 -1.574238896369934 3.183245897293091 
v 4.981605052947998 -1.458493709564209 3.21907114982605 
v 4.981605052947998 -1.458493709564209 3.183245897293091 
v 4.915948390960693 -1.3603472709655762 3.21907114982605 
v 4.915948390960693 -1.3603472709655762 3.183245897293091 
v 4.8178019523620605 -1.294690728187561 3.21907114982605 
v 4.8178019523620605 -1.294690728187561 3.183245897293091 
v 4.702056884765625 -1.271677017211914 3.21907114982605 
v 4.702056884765625 -1.271677017211914 3.183245897293091 
v 4.702056884765625 -2.846081256866455 3.183245897293091 
v 4.702056884765625 -2.7909162044525146 3.183245897293091 
v 4.585973262786865 -2.8690950870513916 3.183245897293091 
v 4.564990043640137 -2.817991256713867 3.183245897293091 
v 4.448906421661377 -2.895831346511841 3.183245897293091 
v 4.487826824188232 -2.934751510620117 3.183245897293091 
v 4.422508716583252 -3.03289794921875 3.183245897293091 
v 4.371404647827148 -3.0119149684906006 3.183245897293091 
v 4.343991279602051 -3.1486430168151855 3.183245897293091 
v 4.3994951248168945 -3.1486430168151855 3.183245897293091 
v 4.422508716583252 -3.2643883228302 3.183245897293091 
v 4.371404647827148 -3.2857096195220947 3.183245897293091 
v 4.448906421661377 -3.4017932415008545 3.183245897293091 
v 4.487826824188232 -3.362534761428833 3.183245897293091 
v 4.585973262786865 -3.4281911849975586 3.183245897293091 
v 4.564990043640137 -3.479295015335083 3.183245897293091 
v 4.702056884765625 -3.451205015182495 3.183245897293091 
v 4.702056884765625 -3.5063700675964355 3.183245897293091 
v 4.702056884765625 -2.846081256866455 3.21907114982605 
v 4.702056884765625 -2.846081256866455 3.183245897293091 
v 4.585973262786865 -2.8690950870513916 3.21907114982605 
v 4.585973262786865 -2.8690950870513916 3.183245897293091 
v 4.487826824188232 -2.934751510620117 3.21907114982605 
v 4.487826824188232 -2.934751510620117 3.183245897293091 
v 4.422508716583252 -3.03289794921875 3.21907114982605 
v 4.422508716583252 -3.03289794921875 3.183245897293091 
v 4.3994951248168945 -3.1486430168151855 3.21907114982605 
v 4.3994951248168945 -3.1486430168151855 3.183245897293091 
v 4.422508716583252 -3.2643883228302 3.21907114982605 
v 4.422508716583252 -3.2643883228302 3.183245897293091 
v 4.487826824188232 -3.362534761428833 3.21907114982605 
v 4.487826824188232 -3.362534761428833 3.183245897293091 
v 4.585973262786865 -3.4281911849975586 3.21907114982605 
v 4.585973262786865 -3.4281911849975586 3.183245897293091 
v 4.702056884765625 -3.451205015182495 3.21907114982605 
v 4.702056884765625 -3.451205015182495 3.183245897293091 
v 4.915948390960693 -2.934751510620117 3.21907114982605 
v 4.8178019523620605 -2.8690950870513916 3.21907114982605 
v 4.981605052947998 -3.03289794921875 3.21907114982605 
v 4.702056884765625 -2.846081256866455 3.21907114982605 
v 4.585973262786865 -2.8690950870513916 3.21907114982605 
v 4.422508716583252 -3.2643883228302 3.21907114982605 
v 4.981605052947998 -3.2643883228302 3.21907114982605 
v 4.8178019523620605 -3.4281911849975586 3.21907114982605 
v 4.915948390960693 -3.362534761428833 3.21907114982605 
v 5.0046186447143555 -3.1486430168151855 3.21907114982605 
v 4.702056884765625 -3.451205015182495 3.21907114982605 
v 4.585973262786865 -3.4281911849975586 3.21907114982605 
v 4.487826824188232 -3.362534761428833 3.21907114982605 
v 4.3994951248168945 -3.1486430168151855 3.21907114982605 
v 4.422508716583252 -3.03289794921875 3.21907114982605 
v 4.487826824188232 -2.934751510620117 3.21907114982605 
v 4.702056884765625 -3.5063700675964355 3.183245897293091 
v 4.564990043640137 -3.479295015335083 3.183245897293091 
v 4.702056884765625 -3.5063700675964355 3.2668378353118896 
v 4.564990043640137 -3.479295015335083 3.2668378353118896 
v 4.448906421661377 -3.4017932415008545 3.183245897293091 
v 4.448906421661377 -3.4017932415008545 3.2668378353118896 
v 4.371404647827148 -3.2857096195220947 3.183245897293091 
v 4.371404647827148 -3.2857096195220947 3.2668378353118896 
v 4.343991279602051 -3.1486430168151855 3.183245897293091 
v 4.343991279602051 -3.1486430168151855 3.2668378353118896 
v 4.371404647827148 -3.0119149684906006 3.183245897293091 
v 4.371404647827148 -3.0119149684906006 3.2668378353118896 
v 4.448906421661377 -2.895831346511841 3.183245897293091 
v 4.448906421661377 -2.895831346511841 3.2668378353118896 
v 4.564990043640137 -2.817991256713867 3.183245897293091 
v 4.564990043640137 -2.817991256713867 3.2668378353118896 
v 4.702056884765625 -2.7909162044525146 3.183245897293091 
v 4.702056884765625 -2.7909162044525146 3.2668378353118896 
v 4.702056884765625 -2.7909162044525146 3.183245897293091 
v 4.702056884765625 -2.7909162044525146 3.2668378353118896 
v 4.838784694671631 -2.817991256713867 3.183245897293091 
v 4.838784694671631 -2.817991256713867 3.2668378353118896 
v 4.954868316650391 -2.895831346511841 3.183245897293091 
v 4.954868316650391 -2.895831346511841 3.2668378353118896 
v 5.032370090484619 -3.0119149684906006 3.183245897293091 
v 5.032370090484619 -3.0119149684906006 3.2668378353118896 
v 5.059783458709717 -3.1486430168151855 3.183245897293091 
v 5.059783458709717 -3.1486430168151855 3.2668378353118896 
v 5.032370090484619 -3.2857096195220947 3.183245897293091 
v 5.032370090484619 -3.2857096195220947 3.2668378353118896 
v 4.954868316650391 -3.4017932415008545 3.183245897293091 
v 4.954868316650391 -3.4017932415008545 3.2668378353118896 
v 4.838784694671631 -3.479295015335083 3.183245897293091 
v 4.838784694671631 -3.479295015335083 3.2668378353118896 
v 4.702056884765625 -3.5063700675964355 3.183245897293091 
v 4.702056884765625 -3.5063700675964355 3.2668378353118896 
v 4.702056884765625 -3.451205015182495 3.183245897293091 
v 4.8178019523620605 -3.4281911849975586 3.183245897293091 
v 4.702056884765625 -3.5063700675964355 3.183245897293091 
v 4.838784694671631 -3.479295015335083 3.183245897293091 
v 4.915948390960693 -3.362534761428833 3.183245897293091 
v 4.954868316650391 -3.4017932415008545 3.183245897293091 
v 5.032370090484619 -3.2857096195220947 3.183245897293091 
v 4.981605052947998 -3.2643883228302 3.183245897293091 
v 5.0046186447143555 -3.1486430168151855 3.183245897293091 
v 5.059783458709717 -3.1486430168151855 3.183245897293091 
v 5.032370090484619 -3.0119149684906006 3.183245897293091 
v 4.981605052947998 -3.03289794921875 3.183245897293091 
v 4.954868316650391 -2.895831346511841 3.183245897293091 
v 4.915948390960693 -2.934751510620117 3.183245897293091 
v 4.838784694671631 -2.817991256713867 3.183245897293091 
v 4.8178019523620605 -2.8690950870513916 3.183245897293091 
v 4.702056884765625 -2.7909162044525146 3.183245897293091 
v 4.702056884765625 -2.846081256866455 3.183245897293091 
v 4.702056884765625 -3.451205015182495 3.21907114982605 
v 4.8178019523620605 -3.4281911849975586 3.21907114982605 
v 4.702056884765625 -3.451205015182495 3.183245897293091 
v 4.8178019523620605 -3.4281911849975586 3.183245897293091 
v 4.915948390960693 -3.362534761428833 3.21907114982605 
v 4.915948390960693 -3.362534761428833 3.183245897293091 
v 4.981605052947998 -3.2643883228302 3.21907114982605 
v 4.981605052947998 -3.2643883228302 3.183245897293091 
v 5.0046186447143555 -3.1486430168151855 3.21907114982605 
v 5.0046186447143555 -3.1486430168151855 3.183245897293091 
v 4.981605052947998 -3.03289794921875 3.21907114982605 
v 4.981605052947998 -3.03289794921875 3.183245897293091 
v 4.915948390960693 -2.934751510620117 3.21907114982605 
v 4.915948390960693 -2.934751510620117 3.183245897293091 
v 4.8178019523620605 -2.8690950870513916 3.21907114982605 
v 4.8178019523620605 -2.8690950870513916 3.183245897293091 
v 4.702056884765625 -2.846081256866455 3.21907114982605 
v 4.702056884765625 -2.846081256866455 3.183245897293091 
v 4.702056884765625 -4.365320682525635 3.183245897293091 
v 4.564990043640137 -4.392395496368408 3.183245897293091 
v 4.702056884765625 -4.420485496520996 3.183245897293091 
v 4.585973262786865 -4.4434990882873535 3.183245897293091 
v 4.448906421661377 -4.469897270202637 3.183245897293091 
v 4.487826824188232 -4.509155750274658 3.183245897293091 
v 4.422508716583252 -4.607302188873291 3.183245897293091 
v 4.371404647827148 -4.5859808921813965 3.183245897293091 
v 4.343991279602051 -4.723047256469727 3.183245897293091 
v 4.3994951248168945 -4.723047256469727 3.183245897293091 
v 4.371404647827148 -4.859775543212891 3.183245897293091 
v 4.422508716583252 -4.838792324066162 3.183245897293091 
v 4.448906421661377 -4.97585916519165 3.183245897293091 
v 4.487826824188232 -4.936938762664795 3.183245897293091 
v 4.585973262786865 -5.0025954246521 3.183245897293091 
v 4.564990043640137 -5.053699493408203 3.183245897293091 
v 4.702056884765625 -5.025609016418457 3.183245897293091 
v 4.702056884765625 -5.080774307250977 3.183245897293091 
v 4.702056884765625 -4.420485496520996 3.21907114982605 
v 4.702056884765625 -4.420485496520996 3.183245897293091 
v 4.585973262786865 -4.4434990882873535 3.21907114982605 
v 4.585973262786865 -4.4434990882873535 3.183245897293091 
v 4.487826824188232 -4.509155750274658 3.21907114982605 
v 4.487826824188232 -4.509155750274658 3.183245897293091 
v 4.422508716583252 -4.607302188873291 3.21907114982605 
v 4.422508716583252 -4.607302188873291 3.183245897293091 
v 4.3994951248168945 -4.723047256469727 3.21907114982605 
v 4.3994951248168945 -4.723047256469727 3.183245897293091 
v 4.422508716583252 -4.838792324066162 3.21907114982605 
v 4.422508716583252 -4.838792324066162 3.183245897293091 
v 4.487826824188232 -4.936938762664795 3.21907114982605 
v 4.487826824188232 -4.936938762664795 3.183245897293091 
v 4.585973262786865 -5.0025954246521 3.21907114982605 
v 4.585973262786865 -5.0025954246521 3.183245897293091 
v 4.702056884765625 -5.025609016418457 3.21907114982605 
v 4.702056884765625 -5.025609016418457 3.183245897293091 
v 4.915948390960693 -4.936938762664795 3.21907114982605 
v 4.981605052947998 -4.838792324066162 3.21907114982605 
v 4.8178019523620605 -5.0025954246521 3.21907114982605 
v 5.0046186447143555 -4.723047256469727 3.21907114982605 
v 4.981605052947998 -4.607302188873291 3.21907114982605 
v 4.422508716583252 -4.838792324066162 3.21907114982605 
v 4.8178019523620605 -4.4434990882873535 3.21907114982605 
v 4.585973262786865 -4.4434990882873535 3.21907114982605 
v 4.702056884765625 -4.420485496520996 3.21907114982605 
v 4.702056884765625 -5.025609016418457 3.21907114982605 
v 4.585973262786865 -5.0025954246521 3.21907114982605 
v 4.487826824188232 -4.936938762664795 3.21907114982605 
v 4.915948390960693 -4.509155750274658 3.21907114982605 
v 4.3994951248168945 -4.723047256469727 3.21907114982605 
v 4.422508716583252 -4.607302188873291 3.21907114982605 
v 4.487826824188232 -4.509155750274658 3.21907114982605 
v 4.702056884765625 -5.080774307250977 3.183245897293091 
v 4.564990043640137 -5.053699493408203 3.183245897293091 
v 4.702056884765625 -5.080774307250977 3.2668378353118896 
v 4.564990043640137 -5.053699493408203 3.2668378353118896 
v 4.448906421661377 -4.97585916519165 3.183245897293091 
v 4.448906421661377 -4.97585916519165 3.2668378353118896 
v 4.371404647827148 -4.859775543212891 3.183245897293091 
v 4.371404647827148 -4.859775543212891 3.2668378353118896 
v 4.343991279602051 -4.723047256469727 3.183245897293091 
v 4.343991279602051 -4.723047256469727 3.2668378353118896 
v 4.371404647827148 -4.5859808921813965 3.183245897293091 
v 4.371404647827148 -4.5859808921813965 3.2668378353118896 
v 4.448906421661377 -4.469897270202637 3.183245897293091 
v 4.448906421661377 -4.469897270202637 3.2668378353118896 
v 4.564990043640137 -4.392395496368408 3.183245897293091 
v 4.564990043640137 -4.392395496368408 3.2668378353118896 
v 4.702056884765625 -4.365320682525635 3.183245897293091 
v 4.702056884765625 -4.365320682525635 3.2668378353118896 
v 4.702056884765625 -4.365320682525635 3.183245897293091 
v 4.702056884765625 -4.365320682525635 3.2668378353118896 
v 4.838784694671631 -4.392395496368408 3.183245897293091 
v 4.838784694671631 -4.392395496368408 3.2668378353118896 
v 4.954868316650391 -4.469897270202637 3.183245897293091 
v 4.954868316650391 -4.469897270202637 3.2668378353118896 
v 5.032370090484619 -4.5859808921813965 3.183245897293091 
v 5.032370090484619 -4.5859808921813965 3.2668378353118896 
v 5.059783458709717 -4.723047256469727 3.183245897293091 
v 5.059783458709717 -4.723047256469727 3.2668378353118896 
v 5.032370090484619 -4.859775543212891 3.183245897293091 
v 5.032370090484619 -4.859775543212891 3.2668378353118896 
v 4.954868316650391 -4.97585916519165 3.183245897293091 
v 4.954868316650391 -4.97585916519165 3.2668378353118896 
v 4.838784694671631 -5.053699493408203 3.183245897293091 
v 4.838784694671631 -5.053699493408203 3.2668378353118896 
v 4.702056884765625 -5.080774307250977 3.183245897293091 
v 4.702056884765625 -5.080774307250977 3.2668378353118896 
v 4.702056884765625 -5.025609016418457 3.183245897293091 
v 4.8178019523620605 -5.0025954246521 3.183245897293091 
v 4.702056884765625 -5.080774307250977 3.183245897293091 
v 4.838784694671631 -5.053699493408203 3.183245897293091 
v 4.954868316650391 -4.97585916519165 3.183245897293091 
v 4.915948390960693 -4.936938762664795 3.183245897293091 
v 4.981605052947998 -4.838792324066162 3.183245897293091 
v 5.032370090484619 -4.859775543212891 3.183245897293091 
v 5.0046186447143555 -4.723047256469727 3.183245897293091 
v 5.059783458709717 -4.723047256469727 3.183245897293091 
v 4.981605052947998 -4.607302188873291 3.183245897293091 
v 5.032370090484619 -4.5859808921813965 3.183245897293091 
v 4.915948390960693 -4.509155750274658 3.183245897293091 
v 4.954868316650391 -4.469897270202637 3.183245897293091 
v 4.838784694671631 -4.392395496368408 3.183245897293091 
v 4.8178019523620605 -4.4434990882873535 3.183245897293091 
v 4.702056884765625 -4.420485496520996 3.183245897293091 
v 4.702056884765625 -4.365320682525635 3.183245897293091 
v 4.702056884765625 -5.025609016418457 3.21907114982605 
v 4.702056884765625 -5.025609016418457 3.183245897293091 
v 4.8178019523620605 -5.0025954246521 3.21907114982605 
v 4.8178019523620605 -5.0025954246521 3.183245897293091 
v 4.915948390960693 -4.936938762664795 3.21907114982605 
v 4.915948390960693 -4.936938762664795 3.183245897293091 
v 4.981605052947998 -4.838792324066162 3.21907114982605 
v 4.981605052947998 -4.838792324066162 3.183245897293091 
v 5.0046186447143555 -4.723047256469727 3.21907114982605 
v 5.0046186447143555 -4.723047256469727 3.183245897293091 
v 4.981605052947998 -4.607302188873291 3.21907114982605 
v 4.981605052947998 -4.607302188873291 3.183245897293091 
v 4.915948390960693 -4.509155750274658 3.21907114982605 
v 4.915948390960693 -4.509155750274658 3.183245897293091 
v 4.8178019523620605 -4.4434990882873535 3.21907114982605 
v 4.8178019523620605 -4.4434990882873535 3.183245897293091 
v 4.702056884765625 -4.420485496520996 3.21907114982605 
v 4.702056884765625 -4.420485496520996 3.183245897293091 
v -4.702064514160156 0.30272722244262695 3.183245897293091 
v -4.5859808921813965 0.27971357107162476 3.183245897293091 
v -4.702064514160156 0.3578922748565674 3.183245897293091 
v -4.564997673034668 0.3304789662361145 3.183245897293091 
v -4.487834453582764 0.21405696868896484 3.183245897293091 
v -4.448914051055908 0.2529771029949188 3.183245897293091 
v -4.422516345977783 0.11591053754091263 3.183245897293091 
v -4.37141227722168 0.13689357042312622 3.183245897293091 
v -4.343998908996582 0.00016542400408070534 3.183245897293091 
v -4.399502754211426 0.00016542400408070534 3.183245897293091 
v -4.37141227722168 -0.1369011551141739 3.183245897293091 
v -4.422516345977783 -0.1159181222319603 3.183245897293091 
v -4.448914051055908 -0.2529847025871277 3.183245897293091 
v -4.487834453582764 -0.2140645682811737 3.183245897293091 
v -4.5859808921813965 -0.27972114086151123 3.183245897293091 
v -4.564997673034668 -0.330486536026001 3.183245897293091 
v -4.702064514160156 -0.3027347922325134 3.183245897293091 
v -4.702064514160156 -0.35789987444877625 3.183245897293091 
v -4.399502754211426 0.00016542400408070534 3.183245897293091 
v -4.422516345977783 0.11591053754091263 3.21907114982605 
v -4.422516345977783 0.11591053754091263 3.183245897293091 
v -4.487834453582764 0.21405696868896484 3.183245897293091 
v -4.399502754211426 0.00016542400408070534 3.21907114982605 
v -4.422516345977783 -0.1159181222319603 3.21907114982605 
v -4.422516345977783 -0.1159181222319603 3.183245897293091 
v -4.487834453582764 -0.2140645682811737 3.21907114982605 
v -4.487834453582764 -0.2140645682811737 3.183245897293091 
v -4.5859808921813965 -0.27972114086151123 3.21907114982605 
v -4.5859808921813965 -0.27972114086151123 3.183245897293091 
v -4.702064514160156 -0.3027347922325134 3.21907114982605 
v -4.702064514160156 -0.3027347922325134 3.183245897293091 
v -4.487834453582764 0.21405696868896484 3.21907114982605 
v -4.5859808921813965 0.27971357107162476 3.21907114982605 
v -4.5859808921813965 0.27971357107162476 3.183245897293091 
v -4.702064514160156 0.30272722244262695 3.21907114982605 
v -4.702064514160156 0.30272722244262695 3.183245897293091 
v -4.915956020355225 0.21405696868896484 3.21907114982605 
v -4.981612682342529 0.11591053754091263 3.21907114982605 
v -4.817809581756592 0.27971357107162476 3.21907114982605 
v -5.004626274108887 0.00016542400408070534 3.21907114982605 
v -4.981612682342529 -0.1159181222319603 3.21907114982605 
v -4.5859808921813965 -0.27972114086151123 3.21907114982605 
v -4.422516345977783 0.11591053754091263 3.21907114982605 
v -4.399502754211426 0.00016542400408070534 3.21907114982605 
v -4.422516345977783 -0.1159181222319603 3.21907114982605 
v -4.487834453582764 -0.2140645682811737 3.21907114982605 
v -4.702064514160156 0.30272722244262695 3.21907114982605 
v -4.5859808921813965 0.27971357107162476 3.21907114982605 
v -4.487834453582764 0.21405696868896484 3.21907114982605 
v -4.915956020355225 -0.2140645682811737 3.21907114982605 
v -4.817809581756592 -0.27972114086151123 3.21907114982605 
v -4.702064514160156 -0.3027347922325134 3.21907114982605 
v -4.702064514160156 -0.35789987444877625 3.183245897293091 
v -4.564997673034668 -0.330486536026001 3.183245897293091 
v -4.702064514160156 -0.35789987444877625 3.2668378353118896 
v -4.564997673034668 -0.330486536026001 3.2668378353118896 
v -4.448914051055908 -0.2529847025871277 3.183245897293091 
v -4.448914051055908 -0.2529847025871277 3.2668378353118896 
v -4.37141227722168 -0.1369011551141739 3.183245897293091 
v -4.37141227722168 -0.1369011551141739 3.2668378353118896 
v -4.343998908996582 0.00016542400408070534 3.183245897293091 
v -4.343998908996582 0.00016542400408070534 3.2668378353118896 
v -4.37141227722168 0.13689357042312622 3.2668378353118896 
v -4.37141227722168 0.13689357042312622 3.183245897293091 
v -4.448914051055908 0.2529771029949188 3.183245897293091 
v -4.448914051055908 0.2529771029949188 3.2668378353118896 
v -4.564997673034668 0.3304789662361145 3.183245897293091 
v -4.564997673034668 0.3304789662361145 3.2668378353118896 
v -4.702064514160156 0.3578922748565674 3.2668378353118896 
v -4.702064514160156 0.3578922748565674 3.183245897293091 
v -4.702064514160156 0.3578922748565674 3.183245897293091 
v -4.838792324066162 0.3304789662361145 3.183245897293091 
v -4.702064514160156 0.3578922748565674 3.2668378353118896 
v -4.838792324066162 0.3304789662361145 3.2668378353118896 
v -4.954875946044922 0.2529771029949188 3.2668378353118896 
v -4.954875946044922 0.2529771029949188 3.183245897293091 
v -5.03237771987915 0.13689357042312622 3.2668378353118896 
v -5.03237771987915 0.13689357042312622 3.183245897293091 
v -5.059791088104248 0.00016542400408070534 3.183245897293091 
v -5.059791088104248 0.00016542400408070534 3.2668378353118896 
v -5.03237771987915 -0.1369011551141739 3.2668378353118896 
v -5.03237771987915 -0.1369011551141739 3.183245897293091 
v -4.954875946044922 -0.2529847025871277 3.183245897293091 
v -4.954875946044922 -0.2529847025871277 3.2668378353118896 
v -4.838792324066162 -0.330486536026001 3.2668378353118896 
v -4.838792324066162 -0.330486536026001 3.183245897293091 
v -4.702064514160156 -0.35789987444877625 3.2668378353118896 
v -4.702064514160156 -0.35789987444877625 3.183245897293091 
v -4.702064514160156 0.30272722244262695 3.183245897293091 
v -4.817809581756592 0.27971357107162476 3.183245897293091 
v -4.702064514160156 0.3578922748565674 3.183245897293091 
v -4.838792324066162 0.3304789662361145 3.183245897293091 
v -4.915956020355225 0.21405696868896484 3.183245897293091 
v -4.954875946044922 0.2529771029949188 3.183245897293091 
v -4.981612682342529 0.11591053754091263 3.183245897293091 
v -5.03237771987915 0.13689357042312622 3.183245897293091 
v -5.059791088104248 0.00016542400408070534 3.183245897293091 
v -5.004626274108887 0.00016542400408070534 3.183245897293091 
v -4.981612682342529 -0.1159181222319603 3.183245897293091 
v -5.03237771987915 -0.1369011551141739 3.183245897293091 
v -4.915956020355225 -0.2140645682811737 3.183245897293091 
v -4.954875946044922 -0.2529847025871277 3.183245897293091 
v -4.817809581756592 -0.27972114086151123 3.183245897293091 
v -4.838792324066162 -0.330486536026001 3.183245897293091 
v -4.702064514160156 -0.3027347922325134 3.183245897293091 
v -4.702064514160156 -0.35789987444877625 3.183245897293091 
v -4.702064514160156 0.30272722244262695 3.183245897293091 
v -4.817809581756592 0.27971357107162476 3.183245897293091 
v -4.702064514160156 0.30272722244262695 3.21907114982605 
v -4.817809581756592 0.27971357107162476 3.21907114982605 
v -4.915956020355225 0.21405696868896484 3.183245897293091 
v -4.915956020355225 0.21405696868896484 3.21907114982605 
v -4.981612682342529 0.11591053754091263 3.183245897293091 
v -4.981612682342529 0.11591053754091263 3.21907114982605 
v -5.004626274108887 0.00016542400408070534 3.183245897293091 
v -5.004626274108887 0.00016542400408070534 3.21907114982605 
v -4.981612682342529 -0.1159181222319603 3.21907114982605 
v -4.981612682342529 -0.1159181222319603 3.183245897293091 
v -4.915956020355225 -0.2140645682811737 3.183245897293091 
v -4.915956020355225 -0.2140645682811737 3.21907114982605 
v -4.817809581756592 -0.27972114086151123 3.183245897293091 
v -4.817809581756592 -0.27972114086151123 3.21907114982605 
v -4.702064514160156 -0.3027347922325134 3.183245897293091 
v -4.702064514160156 -0.3027347922325134 3.21907114982605 
v -4.343998908996582 -1.574238896369934 3.183245897293091 
v -4.399502754211426 -1.574238896369934 3.183245897293091 
v -4.37141227722168 -1.4375107288360596 3.183245897293091 
v -4.422516345977783 -1.458493709564209 3.183245897293091 
v -4.37141227722168 -1.7113053798675537 3.183245897293091 
v -4.422516345977783 -1.6899839639663696 3.183245897293091 
v -4.448914051055908 -1.8273890018463135 3.183245897293091 
v -4.487834453582764 -1.788468837738037 3.183245897293091 
v -4.5859808921813965 -1.8537869453430176 3.183245897293091 
v -4.564997673034668 -1.904890775680542 3.183245897293091 
v -4.702064514160156 -1.8768006563186646 3.183245897293091 
v -4.702064514160156 -1.9323041439056396 3.183245897293091 
v -4.448914051055908 -1.3214271068572998 3.183245897293091 
v -4.487834453582764 -1.3603472709655762 3.183245897293091 
v -4.5859808921813965 -1.294690728187561 3.183245897293091 
v -4.564997673034668 -1.2439253330230713 3.183245897293091 
v -4.702064514160156 -1.271677017211914 3.183245897293091 
v -4.702064514160156 -1.2165119647979736 3.183245897293091 
v -4.399502754211426 -1.574238896369934 3.183245897293091 
v -4.422516345977783 -1.458493709564209 3.183245897293091 
v -4.399502754211426 -1.574238896369934 3.21907114982605 
v -4.422516345977783 -1.458493709564209 3.21907114982605 
v -4.422516345977783 -1.6899839639663696 3.21907114982605 
v -4.422516345977783 -1.6899839639663696 3.183245897293091 
v -4.487834453582764 -1.788468837738037 3.21907114982605 
v -4.487834453582764 -1.788468837738037 3.183245897293091 
v -4.5859808921813965 -1.8537869453430176 3.21907114982605 
v -4.5859808921813965 -1.8537869453430176 3.183245897293091 
v -4.702064514160156 -1.8768006563186646 3.21907114982605 
v -4.702064514160156 -1.8768006563186646 3.183245897293091 
v -4.487834453582764 -1.3603472709655762 3.183245897293091 
v -4.487834453582764 -1.3603472709655762 3.21907114982605 
v -4.5859808921813965 -1.294690728187561 3.183245897293091 
v -4.5859808921813965 -1.294690728187561 3.21907114982605 
v -4.702064514160156 -1.271677017211914 3.183245897293091 
v -4.702064514160156 -1.271677017211914 3.21907114982605 
v -4.915956020355225 -1.3603472709655762 3.21907114982605 
v -4.817809581756592 -1.294690728187561 3.21907114982605 
v -4.981612682342529 -1.458493709564209 3.21907114982605 
v -5.004626274108887 -1.574238896369934 3.21907114982605 
v -4.981612682342529 -1.6899839639663696 3.21907114982605 
v -4.422516345977783 -1.458493709564209 3.21907114982605 
v -4.5859808921813965 -1.8537869453430176 3.21907114982605 
v -4.399502754211426 -1.574238896369934 3.21907114982605 
v -4.422516345977783 -1.6899839639663696 3.21907114982605 
v -4.487834453582764 -1.788468837738037 3.21907114982605 
v -4.702064514160156 -1.271677017211914 3.21907114982605 
v -4.5859808921813965 -1.294690728187561 3.21907114982605 
v -4.487834453582764 -1.3603472709655762 3.21907114982605 
v -4.915956020355225 -1.788468837738037 3.21907114982605 
v -4.817809581756592 -1.8537869453430176 3.21907114982605 
v -4.702064514160156 -1.8768006563186646 3.21907114982605 
v -4.702064514160156 -1.9323041439056396 3.183245897293091 
v -4.564997673034668 -1.904890775680542 3.183245897293091 
v -4.702064514160156 -1.9323041439056396 3.2668378353118896 
v -4.564997673034668 -1.904890775680542 3.2668378353118896 
v -4.448914051055908 -1.8273890018463135 3.183245897293091 
v -4.448914051055908 -1.8273890018463135 3.2668378353118896 
v -4.37141227722168 -1.7113053798675537 3.183245897293091 
v -4.37141227722168 -1.7113053798675537 3.2668378353118896 
v -4.343998908996582 -1.574238896369934 3.183245897293091 
v -4.343998908996582 -1.574238896369934 3.2668378353118896 
v -4.37141227722168 -1.4375107288360596 3.183245897293091 
v -4.37141227722168 -1.4375107288360596 3.2668378353118896 
v -4.448914051055908 -1.3214271068572998 3.183245897293091 
v -4.448914051055908 -1.3214271068572998 3.2668378353118896 
v -4.564997673034668 -1.2439253330230713 3.183245897293091 
v -4.564997673034668 -1.2439253330230713 3.2668378353118896 
v -4.702064514160156 -1.2165119647979736 3.183245897293091 
v -4.702064514160156 -1.2165119647979736 3.2668378353118896 
v -4.702064514160156 -1.2165119647979736 3.183245897293091 
v -4.702064514160156 -1.2165119647979736 3.2668378353118896 
v -4.838792324066162 -1.2439253330230713 3.183245897293091 
v -4.838792324066162 -1.2439253330230713 3.2668378353118896 
v -4.954875946044922 -1.3214271068572998 3.183245897293091 
v -4.954875946044922 -1.3214271068572998 3.2668378353118896 
v -5.03237771987915 -1.4375107288360596 3.183245897293091 
v -5.03237771987915 -1.4375107288360596 3.2668378353118896 
v -5.059791088104248 -1.574238896369934 3.183245897293091 
v -5.059791088104248 -1.574238896369934 3.2668378353118896 
v -5.03237771987915 -1.7113053798675537 3.183245897293091 
v -5.03237771987915 -1.7113053798675537 3.2668378353118896 
v -4.954875946044922 -1.8273890018463135 3.183245897293091 
v -4.954875946044922 -1.8273890018463135 3.2668378353118896 
v -4.838792324066162 -1.904890775680542 3.183245897293091 
v -4.838792324066162 -1.904890775680542 3.2668378353118896 
v -4.702064514160156 -1.9323041439056396 3.183245897293091 
v -4.702064514160156 -1.9323041439056396 3.2668378353118896 
v -4.702064514160156 -1.8768006563186646 3.183245897293091 
v -4.817809581756592 -1.8537869453430176 3.183245897293091 
v -4.702064514160156 -1.9323041439056396 3.183245897293091 
v -4.838792324066162 -1.904890775680542 3.183245897293091 
v -4.915956020355225 -1.788468837738037 3.183245897293091 
v -4.954875946044922 -1.8273890018463135 3.183245897293091 
v -5.03237771987915 -1.7113053798675537 3.183245897293091 
v -4.981612682342529 -1.6899839639663696 3.183245897293091 
v -5.059791088104248 -1.574238896369934 3.183245897293091 
v -5.004626274108887 -1.574238896369934 3.183245897293091 
v -4.981612682342529 -1.458493709564209 3.183245897293091 
v -5.03237771987915 -1.4375107288360596 3.183245897293091 
v -4.915956020355225 -1.3603472709655762 3.183245897293091 
v -4.954875946044922 -1.3214271068572998 3.183245897293091 
v -4.817809581756592 -1.294690728187561 3.183245897293091 
v -4.838792324066162 -1.2439253330230713 3.183245897293091 
v -4.702064514160156 -1.2165119647979736 3.183245897293091 
v -4.702064514160156 -1.271677017211914 3.183245897293091 
v -4.702064514160156 -1.8768006563186646 3.21907114982605 
v -4.817809581756592 -1.8537869453430176 3.21907114982605 
v -4.702064514160156 -1.8768006563186646 3.183245897293091 
v -4.817809581756592 -1.8537869453430176 3.183245897293091 
v -4.915956020355225 -1.788468837738037 3.21907114982605 
v -4.915956020355225 -1.788468837738037 3.183245897293091 
v -4.981612682342529 -1.6899839639663696 3.21907114982605 
v -4.981612682342529 -1.6899839639663696 3.183245897293091 
v -5.004626274108887 -1.574238896369934 3.21907114982605 
v -5.004626274108887 -1.574238896369934 3.183245897293091 
v -4.981612682342529 -1.458493709564209 3.21907114982605 
v -4.981612682342529 -1.458493709564209 3.183245897293091 
v -4.915956020355225 -1.3603472709655762 3.21907114982605 
v -4.915956020355225 -1.3603472709655762 3.183245897293091 
v -4.817809581756592 -1.294690728187561 3.21907114982605 
v -4.817809581756592 -1.294690728187561 3.183245897293091 
v -4.702064514160156 -1.271677017211914 3.21907114982605 
v -4.702064514160156 -1.271677017211914 3.183245897293091 
v 4.422508716583252 1.4584861993789673 3.183245897293091 
v 4.343991279602051 1.5742312669754028 3.183245897293091 
v 4.3994951248168945 1.5742312669754028 3.183245897293091 
v 4.422508716583252 1.6899763345718384 3.183245897293091 
v 4.371404647827148 1.711297869682312 3.183245897293091 
v 4.448906421661377 1.8273813724517822 3.183245897293091 
v 4.487826824188232 1.7884612083435059 3.183245897293091 
v 4.585973262786865 1.8537794351577759 3.183245897293091 
v 4.564990043640137 1.9048832654953003 3.183245897293091 
v 4.702056884765625 1.9322965145111084 3.183245897293091 
v 4.702056884765625 1.8767930269241333 3.183245897293091 
v 4.371404647827148 1.4375030994415283 3.183245897293091 
v 4.448906421661377 1.321419596672058 3.183245897293091 
v 4.487826824188232 1.3603397607803345 3.183245897293091 
v 4.585973262786865 1.2946830987930298 3.183245897293091 
v 4.564990043640137 1.24391770362854 3.183245897293091 
v 4.702056884765625 1.216504454612732 3.183245897293091 
v 4.702056884765625 1.2716695070266724 3.183245897293091 
v 4.3994951248168945 1.5742312669754028 3.183245897293091 
v 4.3994951248168945 1.5742312669754028 3.21907114982605 
v 4.422508716583252 1.4584861993789673 3.183245897293091 
v 4.422508716583252 1.4584861993789673 3.21907114982605 
v 4.422508716583252 1.6899763345718384 3.21907114982605 
v 4.422508716583252 1.6899763345718384 3.183245897293091 
v 4.487826824188232 1.7884612083435059 3.21907114982605 
v 4.487826824188232 1.7884612083435059 3.183245897293091 
v 4.585973262786865 1.8537794351577759 3.21907114982605 
v 4.585973262786865 1.8537794351577759 3.183245897293091 
v 4.702056884765625 1.8767930269241333 3.21907114982605 
v 4.702056884765625 1.8767930269241333 3.183245897293091 
v 4.487826824188232 1.3603397607803345 3.183245897293091 
v 4.487826824188232 1.3603397607803345 3.21907114982605 
v 4.585973262786865 1.2946830987930298 3.183245897293091 
v 4.585973262786865 1.2946830987930298 3.21907114982605 
v 4.702056884765625 1.2716695070266724 3.183245897293091 
v 4.702056884765625 1.2716695070266724 3.21907114982605 
v 4.915948390960693 1.3603397607803345 3.21907114982605 
v 4.8178019523620605 1.2946830987930298 3.21907114982605 
v 4.981605052947998 1.4584861993789673 3.21907114982605 
v 5.0046186447143555 1.5742312669754028 3.21907114982605 
v 4.981605052947998 1.6899763345718384 3.21907114982605 
v 4.422508716583252 1.4584861993789673 3.21907114982605 
v 4.585973262786865 1.8537794351577759 3.21907114982605 
v 4.487826824188232 1.7884612083435059 3.21907114982605 
v 4.422508716583252 1.6899763345718384 3.21907114982605 
v 4.3994951248168945 1.5742312669754028 3.21907114982605 
v 4.487826824188232 1.3603397607803345 3.21907114982605 
v 4.585973262786865 1.2946830987930298 3.21907114982605 
v 4.702056884765625 1.2716695070266724 3.21907114982605 
v 4.702056884765625 1.8767930269241333 3.21907114982605 
v 4.8178019523620605 1.8537794351577759 3.21907114982605 
v 4.915948390960693 1.7884612083435059 3.21907114982605 
v 4.702056884765625 1.9322965145111084 3.183245897293091 
v 4.702056884765625 1.9322965145111084 3.2668378353118896 
v 4.564990043640137 1.9048832654953003 3.183245897293091 
v 4.564990043640137 1.9048832654953003 3.2668378353118896 
v 4.448906421661377 1.8273813724517822 3.183245897293091 
v 4.448906421661377 1.8273813724517822 3.2668378353118896 
v 4.371404647827148 1.711297869682312 3.183245897293091 
v 4.371404647827148 1.711297869682312 3.2668378353118896 
v 4.343991279602051 1.5742312669754028 3.183245897293091 
v 4.343991279602051 1.5742312669754028 3.2668378353118896 
v 4.371404647827148 1.4375030994415283 3.183245897293091 
v 4.371404647827148 1.4375030994415283 3.2668378353118896 
v 4.448906421661377 1.321419596672058 3.183245897293091 
v 4.448906421661377 1.321419596672058 3.2668378353118896 
v 4.564990043640137 1.24391770362854 3.183245897293091 
v 4.564990043640137 1.24391770362854 3.2668378353118896 
v 4.702056884765625 1.216504454612732 3.183245897293091 
v 4.702056884765625 1.216504454612732 3.2668378353118896 
v 4.702056884765625 1.216504454612732 3.183245897293091 
v 4.702056884765625 1.216504454612732 3.2668378353118896 
v 4.838784694671631 1.24391770362854 3.183245897293091 
v 4.838784694671631 1.24391770362854 3.2668378353118896 
v 4.954868316650391 1.321419596672058 3.183245897293091 
v 4.954868316650391 1.321419596672058 3.2668378353118896 
v 5.032370090484619 1.4375030994415283 3.183245897293091 
v 5.032370090484619 1.4375030994415283 3.2668378353118896 
v 5.059783458709717 1.5742312669754028 3.183245897293091 
v 5.059783458709717 1.5742312669754028 3.2668378353118896 
v 5.032370090484619 1.711297869682312 3.183245897293091 
v 5.032370090484619 1.711297869682312 3.2668378353118896 
v 4.954868316650391 1.8273813724517822 3.183245897293091 
v 4.954868316650391 1.8273813724517822 3.2668378353118896 
v 4.838784694671631 1.9048832654953003 3.183245897293091 
v 4.838784694671631 1.9048832654953003 3.2668378353118896 
v 4.702056884765625 1.9322965145111084 3.183245897293091 
v 4.702056884765625 1.9322965145111084 3.2668378353118896 
v 4.702056884765625 1.8767930269241333 3.183245897293091 
v 4.8178019523620605 1.8537794351577759 3.183245897293091 
v 4.702056884765625 1.9322965145111084 3.183245897293091 
v 4.838784694671631 1.9048832654953003 3.183245897293091 
v 4.954868316650391 1.8273813724517822 3.183245897293091 
v 4.915948390960693 1.7884612083435059 3.183245897293091 
v 5.032370090484619 1.711297869682312 3.183245897293091 
v 4.981605052947998 1.6899763345718384 3.183245897293091 
v 5.059783458709717 1.5742312669754028 3.183245897293091 
v 5.0046186447143555 1.5742312669754028 3.183245897293091 
v 4.981605052947998 1.4584861993789673 3.183245897293091 
v 5.032370090484619 1.4375030994415283 3.183245897293091 
v 4.915948390960693 1.3603397607803345 3.183245897293091 
v 4.954868316650391 1.321419596672058 3.183245897293091 
v 4.8178019523620605 1.2946830987930298 3.183245897293091 
v 4.838784694671631 1.24391770362854 3.183245897293091 
v 4.702056884765625 1.216504454612732 3.183245897293091 
v 4.702056884765625 1.2716695070266724 3.183245897293091 
v 4.702056884765625 1.8767930269241333 3.21907114982605 
v 4.8178019523620605 1.8537794351577759 3.21907114982605 
v 4.702056884765625 1.8767930269241333 3.183245897293091 
v 4.8178019523620605 1.8537794351577759 3.183245897293091 
v 4.915948390960693 1.7884612083435059 3.21907114982605 
v 4.915948390960693 1.7884612083435059 3.183245897293091 
v 4.981605052947998 1.6899763345718384 3.21907114982605 
v 4.981605052947998 1.6899763345718384 3.183245897293091 
v 5.0046186447143555 1.5742312669754028 3.21907114982605 
v 5.0046186447143555 1.5742312669754028 3.183245897293091 
v 4.981605052947998 1.4584861993789673 3.21907114982605 
v 4.981605052947998 1.4584861993789673 3.183245897293091 
v 4.915948390960693 1.3603397607803345 3.21907114982605 
v 4.915948390960693 1.3603397607803345 3.183245897293091 
v 4.8178019523620605 1.2946830987930298 3.21907114982605 
v 4.8178019523620605 1.2946830987930298 3.183245897293091 
v 4.702056884765625 1.2716695070266724 3.21907114982605 
v 4.702056884765625 1.2716695070266724 3.183245897293091 
v 4.422508716583252 3.0328903198242188 3.183245897293091 
v 4.343991279602051 3.1486356258392334 3.183245897293091 
v 4.3994951248168945 3.1486356258392334 3.183245897293091 
v 4.422508716583252 3.264380693435669 3.183245897293091 
v 4.371404647827148 3.2857022285461426 3.183245897293091 
v 4.448906421661377 3.4017856121063232 3.183245897293091 
v 4.487826824188232 3.3625271320343018 3.183245897293091 
v 4.585973262786865 3.4281835556030273 3.183245897293091 
v 4.564990043640137 3.4792873859405518 3.183245897293091 
v 4.702056884765625 3.451197385787964 3.183245897293091 
v 4.702056884765625 3.5063624382019043 3.183245897293091 
v 4.371404647827148 3.0119073390960693 3.183245897293091 
v 4.448906421661377 2.8958239555358887 3.183245897293091 
v 4.487826824188232 2.934743881225586 3.183245897293091 
v 4.585973262786865 2.8690874576568604 3.183245897293091 
v 4.564990043640137 2.817983627319336 3.183245897293091 
v 4.702056884765625 2.7909085750579834 3.183245897293091 
v 4.702056884765625 2.846073865890503 3.183245897293091 
v 4.3994951248168945 3.1486356258392334 3.183245897293091 
v 4.3994951248168945 3.1486356258392334 3.21907114982605 
v 4.422508716583252 3.0328903198242188 3.183245897293091 
v 4.422508716583252 3.0328903198242188 3.21907114982605 
v 4.422508716583252 3.264380693435669 3.21907114982605 
v 4.422508716583252 3.264380693435669 3.183245897293091 
v 4.487826824188232 3.3625271320343018 3.21907114982605 
v 4.487826824188232 3.3625271320343018 3.183245897293091 
v 4.585973262786865 3.4281835556030273 3.21907114982605 
v 4.585973262786865 3.4281835556030273 3.183245897293091 
v 4.702056884765625 3.451197385787964 3.21907114982605 
v 4.702056884765625 3.451197385787964 3.183245897293091 
v 4.487826824188232 2.934743881225586 3.183245897293091 
v 4.487826824188232 2.934743881225586 3.21907114982605 
v 4.585973262786865 2.8690874576568604 3.183245897293091 
v 4.585973262786865 2.8690874576568604 3.21907114982605 
v 4.702056884765625 2.846073865890503 3.183245897293091 
v 4.702056884765625 2.846073865890503 3.21907114982605 
v 4.915948390960693 2.934743881225586 3.21907114982605 
v 4.8178019523620605 2.8690874576568604 3.21907114982605 
v 4.981605052947998 3.0328903198242188 3.21907114982605 
v 5.0046186447143555 3.1486356258392334 3.21907114982605 
v 4.981605052947998 3.264380693435669 3.21907114982605 
v 4.422508716583252 3.0328903198242188 3.21907114982605 
v 4.585973262786865 3.4281835556030273 3.21907114982605 
v 4.487826824188232 3.3625271320343018 3.21907114982605 
v 4.422508716583252 3.264380693435669 3.21907114982605 
v 4.3994951248168945 3.1486356258392334 3.21907114982605 
v 4.487826824188232 2.934743881225586 3.21907114982605 
v 4.585973262786865 2.8690874576568604 3.21907114982605 
v 4.702056884765625 2.846073865890503 3.21907114982605 
v 4.702056884765625 3.451197385787964 3.21907114982605 
v 4.8178019523620605 3.4281835556030273 3.21907114982605 
v 4.915948390960693 3.3625271320343018 3.21907114982605 
v 4.702056884765625 3.5063624382019043 3.183245897293091 
v 4.702056884765625 3.5063624382019043 3.2668378353118896 
v 4.564990043640137 3.4792873859405518 3.183245897293091 
v 4.564990043640137 3.4792873859405518 3.2668378353118896 
v 4.448906421661377 3.4017856121063232 3.183245897293091 
v 4.448906421661377 3.4017856121063232 3.2668378353118896 
v 4.371404647827148 3.2857022285461426 3.183245897293091 
v 4.371404647827148 3.2857022285461426 3.2668378353118896 
v 4.343991279602051 3.1486356258392334 3.183245897293091 
v 4.343991279602051 3.1486356258392334 3.2668378353118896 
v 4.371404647827148 3.0119073390960693 3.183245897293091 
v 4.371404647827148 3.0119073390960693 3.2668378353118896 
v 4.448906421661377 2.8958239555358887 3.183245897293091 
v 4.448906421661377 2.8958239555358887 3.2668378353118896 
v 4.564990043640137 2.817983627319336 3.183245897293091 
v 4.564990043640137 2.817983627319336 3.2668378353118896 
v 4.702056884765625 2.7909085750579834 3.183245897293091 
v 4.702056884765625 2.7909085750579834 3.2668378353118896 
v 4.702056884765625 2.7909085750579834 3.183245897293091 
v 4.702056884765625 2.7909085750579834 3.2668378353118896 
v 4.838784694671631 2.817983627319336 3.183245897293091 
v 4.838784694671631 2.817983627319336 3.2668378353118896 
v 4.954868316650391 2.8958239555358887 3.183245897293091 
v 4.954868316650391 2.8958239555358887 3.2668378353118896 
v 5.032370090484619 3.0119073390960693 3.183245897293091 
v 5.032370090484619 3.0119073390960693 3.2668378353118896 
v 5.059783458709717 3.1486356258392334 3.183245897293091 
v 5.059783458709717 3.1486356258392334 3.2668378353118896 
v 5.032370090484619 3.2857022285461426 3.183245897293091 
v 5.032370090484619 3.2857022285461426 3.2668378353118896 
v 4.954868316650391 3.4017856121063232 3.183245897293091 
v 4.954868316650391 3.4017856121063232 3.2668378353118896 
v 4.838784694671631 3.4792873859405518 3.183245897293091 
v 4.838784694671631 3.4792873859405518 3.2668378353118896 
v 4.702056884765625 3.5063624382019043 3.183245897293091 
v 4.702056884765625 3.5063624382019043 3.2668378353118896 
v 4.702056884765625 3.451197385787964 3.183245897293091 
v 4.8178019523620605 3.4281835556030273 3.183245897293091 
v 4.702056884765625 3.5063624382019043 3.183245897293091 
v 4.838784694671631 3.4792873859405518 3.183245897293091 
v 4.915948390960693 3.3625271320343018 3.183245897293091 
v 4.954868316650391 3.4017856121063232 3.183245897293091 
v 5.032370090484619 3.2857022285461426 3.183245897293091 
v 4.981605052947998 3.264380693435669 3.183245897293091 
v 5.0046186447143555 3.1486356258392334 3.183245897293091 
v 5.059783458709717 3.1486356258392334 3.183245897293091 
v 5.032370090484619 3.0119073390960693 3.183245897293091 
v 4.981605052947998 3.0328903198242188 3.183245897293091 
v 4.915948390960693 2.934743881225586 3.183245897293091 
v 4.954868316650391 2.8958239555358887 3.183245897293091 
v 4.838784694671631 2.817983627319336 3.183245897293091 
v 4.8178019523620605 2.8690874576568604 3.183245897293091 
v 4.702056884765625 2.7909085750579834 3.183245897293091 
v 4.702056884765625 2.846073865890503 3.183245897293091 
v 4.702056884765625 3.451197385787964 3.21907114982605 
v 4.8178019523620605 3.4281835556030273 3.21907114982605 
v 4.702056884765625 3.451197385787964 3.183245897293091 
v 4.8178019523620605 3.4281835556030273 3.183245897293091 
v 4.915948390960693 3.3625271320343018 3.21907114982605 
v 4.915948390960693 3.3625271320343018 3.183245897293091 
v 4.981605052947998 3.264380693435669 3.21907114982605 
v 4.981605052947998 3.264380693435669 3.183245897293091 
v 5.0046186447143555 3.1486356258392334 3.21907114982605 
v 5.0046186447143555 3.1486356258392334 3.183245897293091 
v 4.981605052947998 3.0328903198242188 3.21907114982605 
v 4.981605052947998 3.0328903198242188 3.183245897293091 
v 4.915948390960693 2.934743881225586 3.21907114982605 
v 4.915948390960693 2.934743881225586 3.183245897293091 
v 4.8178019523620605 2.8690874576568604 3.21907114982605 
v 4.8178019523620605 2.8690874576568604 3.183245897293091 
v 4.702056884765625 2.846073865890503 3.21907114982605 
v 4.702056884765625 2.846073865890503 3.183245897293091 
v -4.343998908996582 1.5742312669754028 3.183245897293091 
v -4.37141227722168 1.4375030994415283 3.183245897293091 
v -4.399502754211426 1.5742312669754028 3.183245897293091 
v -4.422516345977783 1.4584861993789673 3.183245897293091 
v -4.37141227722168 1.711297869682312 3.183245897293091 
v -4.422516345977783 1.6899763345718384 3.183245897293091 
v -4.448914051055908 1.8273813724517822 3.183245897293091 
v -4.487834453582764 1.7884612083435059 3.183245897293091 
v -4.5859808921813965 1.8537794351577759 3.183245897293091 
v -4.564997673034668 1.9048832654953003 3.183245897293091 
v -4.702064514160156 1.8767930269241333 3.183245897293091 
v -4.702064514160156 1.9322965145111084 3.183245897293091 
v -4.448914051055908 1.321419596672058 3.183245897293091 
v -4.487834453582764 1.3603397607803345 3.183245897293091 
v -4.5859808921813965 1.2946830987930298 3.183245897293091 
v -4.564997673034668 1.24391770362854 3.183245897293091 
v -4.702064514160156 1.2716695070266724 3.183245897293091 
v -4.702064514160156 1.216504454612732 3.183245897293091 
v -4.702064514160156 1.2716695070266724 3.21907114982605 
v -4.5859808921813965 1.2946830987930298 3.21907114982605 
v -4.702064514160156 1.2716695070266724 3.183245897293091 
v -4.5859808921813965 1.2946830987930298 3.183245897293091 
v -4.487834453582764 1.3603397607803345 3.21907114982605 
v -4.487834453582764 1.3603397607803345 3.183245897293091 
v -4.422516345977783 1.4584861993789673 3.21907114982605 
v -4.422516345977783 1.4584861993789673 3.183245897293091 
v -4.399502754211426 1.5742312669754028 3.21907114982605 
v -4.399502754211426 1.5742312669754028 3.183245897293091 
v -4.422516345977783 1.6899763345718384 3.21907114982605 
v -4.422516345977783 1.6899763345718384 3.183245897293091 
v -4.487834453582764 1.7884612083435059 3.21907114982605 
v -4.487834453582764 1.7884612083435059 3.183245897293091 
v -4.5859808921813965 1.8537794351577759 3.21907114982605 
v -4.5859808921813965 1.8537794351577759 3.183245897293091 
v -4.702064514160156 1.8767930269241333 3.21907114982605 
v -4.702064514160156 1.8767930269241333 3.183245897293091 
v -4.915956020355225 1.7884612083435059 3.21907114982605 
v -4.981612682342529 1.6899763345718384 3.21907114982605 
v -4.817809581756592 1.8537794351577759 3.21907114982605 
v -5.004626274108887 1.5742312669754028 3.21907114982605 
v -4.981612682342529 1.4584861993789673 3.21907114982605 
v -4.5859808921813965 1.2946830987930298 3.21907114982605 
v -4.422516345977783 1.6899763345718384 3.21907114982605 
v -4.399502754211426 1.5742312669754028 3.21907114982605 
v -4.422516345977783 1.4584861993789673 3.21907114982605 
v -4.487834453582764 1.3603397607803345 3.21907114982605 
v -4.702064514160156 1.8767930269241333 3.21907114982605 
v -4.5859808921813965 1.8537794351577759 3.21907114982605 
v -4.487834453582764 1.7884612083435059 3.21907114982605 
v -4.915956020355225 1.3603397607803345 3.21907114982605 
v -4.817809581756592 1.2946830987930298 3.21907114982605 
v -4.702064514160156 1.2716695070266724 3.21907114982605 
v -4.702064514160156 1.9322965145111084 3.183245897293091 
v -4.702064514160156 1.9322965145111084 3.2668378353118896 
v -4.564997673034668 1.9048832654953003 3.183245897293091 
v -4.564997673034668 1.9048832654953003 3.2668378353118896 
v -4.448914051055908 1.8273813724517822 3.183245897293091 
v -4.448914051055908 1.8273813724517822 3.2668378353118896 
v -4.37141227722168 1.711297869682312 3.183245897293091 
v -4.37141227722168 1.711297869682312 3.2668378353118896 
v -4.343998908996582 1.5742312669754028 3.183245897293091 
v -4.343998908996582 1.5742312669754028 3.2668378353118896 
v -4.37141227722168 1.4375030994415283 3.183245897293091 
v -4.37141227722168 1.4375030994415283 3.2668378353118896 
v -4.448914051055908 1.321419596672058 3.183245897293091 
v -4.448914051055908 1.321419596672058 3.2668378353118896 
v -4.564997673034668 1.24391770362854 3.183245897293091 
v -4.564997673034668 1.24391770362854 3.2668378353118896 
v -4.702064514160156 1.216504454612732 3.183245897293091 
v -4.702064514160156 1.216504454612732 3.2668378353118896 
v -4.702064514160156 1.216504454612732 3.183245897293091 
v -4.702064514160156 1.216504454612732 3.2668378353118896 
v -4.838792324066162 1.24391770362854 3.183245897293091 
v -4.838792324066162 1.24391770362854 3.2668378353118896 
v -4.954875946044922 1.321419596672058 3.183245897293091 
v -4.954875946044922 1.321419596672058 3.2668378353118896 
v -5.03237771987915 1.4375030994415283 3.183245897293091 
v -5.03237771987915 1.4375030994415283 3.2668378353118896 
v -5.059791088104248 1.5742312669754028 3.183245897293091 
v -5.059791088104248 1.5742312669754028 3.2668378353118896 
v -5.03237771987915 1.711297869682312 3.183245897293091 
v -5.03237771987915 1.711297869682312 3.2668378353118896 
v -4.954875946044922 1.8273813724517822 3.183245897293091 
v -4.954875946044922 1.8273813724517822 3.2668378353118896 
v -4.838792324066162 1.9048832654953003 3.183245897293091 
v -4.838792324066162 1.9048832654953003 3.2668378353118896 
v -4.702064514160156 1.9322965145111084 3.183245897293091 
v -4.702064514160156 1.9322965145111084 3.2668378353118896 
v -4.702064514160156 1.8767930269241333 3.183245897293091 
v -4.817809581756592 1.8537794351577759 3.183245897293091 
v -4.702064514160156 1.9322965145111084 3.183245897293091 
v -4.838792324066162 1.9048832654953003 3.183245897293091 
v -4.915956020355225 1.7884612083435059 3.183245897293091 
v -4.954875946044922 1.8273813724517822 3.183245897293091 
v -5.03237771987915 1.711297869682312 3.183245897293091 
v -4.981612682342529 1.6899763345718384 3.183245897293091 
v -5.059791088104248 1.5742312669754028 3.183245897293091 
v -5.004626274108887 1.5742312669754028 3.183245897293091 
v -4.981612682342529 1.4584861993789673 3.183245897293091 
v -5.03237771987915 1.4375030994415283 3.183245897293091 
v -4.915956020355225 1.3603397607803345 3.183245897293091 
v -4.954875946044922 1.321419596672058 3.183245897293091 
v -4.838792324066162 1.24391770362854 3.183245897293091 
v -4.817809581756592 1.2946830987930298 3.183245897293091 
v -4.702064514160156 1.216504454612732 3.183245897293091 
v -4.702064514160156 1.2716695070266724 3.183245897293091 
v -4.702064514160156 1.8767930269241333 3.21907114982605 
v -4.817809581756592 1.8537794351577759 3.21907114982605 
v -4.702064514160156 1.8767930269241333 3.183245897293091 
v -4.817809581756592 1.8537794351577759 3.183245897293091 
v -4.915956020355225 1.7884612083435059 3.21907114982605 
v -4.915956020355225 1.7884612083435059 3.183245897293091 
v -4.981612682342529 1.6899763345718384 3.21907114982605 
v -4.981612682342529 1.6899763345718384 3.183245897293091 
v -5.004626274108887 1.5742312669754028 3.21907114982605 
v -5.004626274108887 1.5742312669754028 3.183245897293091 
v -4.981612682342529 1.4584861993789673 3.21907114982605 
v -4.981612682342529 1.4584861993789673 3.183245897293091 
v -4.915956020355225 1.3603397607803345 3.21907114982605 
v -4.915956020355225 1.3603397607803345 3.183245897293091 
v -4.817809581756592 1.2946830987930298 3.21907114982605 
v -4.817809581756592 1.2946830987930298 3.183245897293091 
v -4.702064514160156 1.2716695070266724 3.21907114982605 
v -4.702064514160156 1.2716695070266724 3.183245897293091 
v -4.343998908996582 3.1486356258392334 3.183245897293091 
v -4.399502754211426 3.1486356258392334 3.183245897293091 
v -4.37141227722168 3.0119073390960693 3.183245897293091 
v -4.422516345977783 3.0328903198242188 3.183245897293091 
v -4.37141227722168 3.2857022285461426 3.183245897293091 
v -4.422516345977783 3.264380693435669 3.183245897293091 
v -4.448914051055908 3.4017856121063232 3.183245897293091 
v -4.487834453582764 3.3625271320343018 3.183245897293091 
v -4.5859808921813965 3.4281835556030273 3.183245897293091 
v -4.564997673034668 3.4792873859405518 3.183245897293091 
v -4.702064514160156 3.5063624382019043 3.183245897293091 
v -4.702064514160156 3.451197385787964 3.183245897293091 
v -4.448914051055908 2.8958239555358887 3.183245897293091 
v -4.487834453582764 2.934743881225586 3.183245897293091 
v -4.5859808921813965 2.8690874576568604 3.183245897293091 
v -4.564997673034668 2.817983627319336 3.183245897293091 
v -4.702064514160156 2.7909085750579834 3.183245897293091 
v -4.702064514160156 2.846073865890503 3.183245897293091 
v -4.702064514160156 2.846073865890503 3.21907114982605 
v -4.702064514160156 2.846073865890503 3.183245897293091 
v -4.5859808921813965 2.8690874576568604 3.21907114982605 
v -4.5859808921813965 2.8690874576568604 3.183245897293091 
v -4.487834453582764 2.934743881225586 3.21907114982605 
v -4.487834453582764 2.934743881225586 3.183245897293091 
v -4.422516345977783 3.0328903198242188 3.21907114982605 
v -4.422516345977783 3.0328903198242188 3.183245897293091 
v -4.399502754211426 3.1486356258392334 3.21907114982605 
v -4.399502754211426 3.1486356258392334 3.183245897293091 
v -4.422516345977783 3.264380693435669 3.21907114982605 
v -4.422516345977783 3.264380693435669 3.183245897293091 
v -4.487834453582764 3.3625271320343018 3.21907114982605 
v -4.487834453582764 3.3625271320343018 3.183245897293091 
v -4.5859808921813965 3.4281835556030273 3.21907114982605 
v -4.5859808921813965 3.4281835556030273 3.183245897293091 
v -4.702064514160156 3.451197385787964 3.21907114982605 
v -4.702064514160156 3.451197385787964 3.183245897293091 
v -4.487834453582764 3.3625271320343018 3.21907114982605 
v -4.5859808921813965 3.4281835556030273 3.21907114982605 
v -4.422516345977783 3.264380693435669 3.21907114982605 
v -4.702064514160156 3.451197385787964 3.21907114982605 
v -4.817809581756592 3.4281835556030273 3.21907114982605 
v -4.981612682342529 3.0328903198242188 3.21907114982605 
v -4.5859808921813965 2.8690874576568604 3.21907114982605 
v -4.915956020355225 2.934743881225586 3.21907114982605 
v -4.817809581756592 2.8690874576568604 3.21907114982605 
v -4.702064514160156 2.846073865890503 3.21907114982605 
v -4.399502754211426 3.1486356258392334 3.21907114982605 
v -4.422516345977783 3.0328903198242188 3.21907114982605 
v -4.487834453582764 2.934743881225586 3.21907114982605 
v -5.004626274108887 3.1486356258392334 3.21907114982605 
v -4.981612682342529 3.264380693435669 3.21907114982605 
v -4.915956020355225 3.3625271320343018 3.21907114982605 
v -4.702064514160156 3.5063624382019043 3.183245897293091 
v -4.564997673034668 3.4792873859405518 3.183245897293091 
v -4.702064514160156 3.5063624382019043 3.2668378353118896 
v -4.564997673034668 3.4792873859405518 3.2668378353118896 
v -4.448914051055908 3.4017856121063232 3.183245897293091 
v -4.448914051055908 3.4017856121063232 3.2668378353118896 
v -4.37141227722168 3.2857022285461426 3.183245897293091 
v -4.37141227722168 3.2857022285461426 3.2668378353118896 
v -4.343998908996582 3.1486356258392334 3.183245897293091 
v -4.343998908996582 3.1486356258392334 3.2668378353118896 
v -4.37141227722168 3.0119073390960693 3.183245897293091 
v -4.37141227722168 3.0119073390960693 3.2668378353118896 
v -4.448914051055908 2.8958239555358887 3.183245897293091 
v -4.448914051055908 2.8958239555358887 3.2668378353118896 
v -4.564997673034668 2.817983627319336 3.183245897293091 
v -4.564997673034668 2.817983627319336 3.2668378353118896 
v -4.702064514160156 2.7909085750579834 3.183245897293091 
v -4.702064514160156 2.7909085750579834 3.2668378353118896 
v -4.702064514160156 2.7909085750579834 3.183245897293091 
v -4.702064514160156 2.7909085750579834 3.2668378353118896 
v -4.838792324066162 2.817983627319336 3.183245897293091 
v -4.838792324066162 2.817983627319336 3.2668378353118896 
v -4.954875946044922 2.8958239555358887 3.183245897293091 
v -4.954875946044922 2.8958239555358887 3.2668378353118896 
v -5.03237771987915 3.0119073390960693 3.183245897293091 
v -5.03237771987915 3.0119073390960693 3.2668378353118896 
v -5.059791088104248 3.1486356258392334 3.183245897293091 
v -5.059791088104248 3.1486356258392334 3.2668378353118896 
v -5.03237771987915 3.2857022285461426 3.183245897293091 
v -5.03237771987915 3.2857022285461426 3.2668378353118896 
v -4.954875946044922 3.4017856121063232 3.183245897293091 
v -4.954875946044922 3.4017856121063232 3.2668378353118896 
v -4.838792324066162 3.4792873859405518 3.183245897293091 
v -4.838792324066162 3.4792873859405518 3.2668378353118896 
v -4.702064514160156 3.5063624382019043 3.183245897293091 
v -4.702064514160156 3.5063624382019043 3.2668378353118896 
v -4.702064514160156 3.451197385787964 3.183245897293091 
v -4.817809581756592 3.4281835556030273 3.183245897293091 
v -4.702064514160156 3.5063624382019043 3.183245897293091 
v -4.838792324066162 3.4792873859405518 3.183245897293091 
v -4.915956020355225 3.3625271320343018 3.183245897293091 
v -4.954875946044922 3.4017856121063232 3.183245897293091 
v -5.03237771987915 3.2857022285461426 3.183245897293091 
v -4.981612682342529 3.264380693435669 3.183245897293091 
v -5.059791088104248 3.1486356258392334 3.183245897293091 
v -5.004626274108887 3.1486356258392334 3.183245897293091 
v -5.03237771987915 3.0119073390960693 3.183245897293091 
v -4.981612682342529 3.0328903198242188 3.183245897293091 
v -4.954875946044922 2.8958239555358887 3.183245897293091 
v -4.915956020355225 2.934743881225586 3.183245897293091 
v -4.838792324066162 2.817983627319336 3.183245897293091 
v -4.817809581756592 2.8690874576568604 3.183245897293091 
v -4.702064514160156 2.7909085750579834 3.183245897293091 
v -4.702064514160156 2.846073865890503 3.183245897293091 
v -4.702064514160156 3.451197385787964 3.21907114982605 
v -4.817809581756592 3.4281835556030273 3.21907114982605 
v -4.702064514160156 3.451197385787964 3.183245897293091 
v -4.817809581756592 3.4281835556030273 3.183245897293091 
v -4.915956020355225 3.3625271320343018 3.21907114982605 
v -4.915956020355225 3.3625271320343018 3.183245897293091 
v -4.981612682342529 3.264380693435669 3.21907114982605 
v -4.981612682342529 3.264380693435669 3.183245897293091 
v -5.004626274108887 3.1486356258392334 3.21907114982605 
v -5.004626274108887 3.1486356258392334 3.183245897293091 
v -4.981612682342529 3.0328903198242188 3.21907114982605 
v -4.981612682342529 3.0328903198242188 3.183245897293091 
v -4.915956020355225 2.934743881225586 3.21907114982605 
v -4.915956020355225 2.934743881225586 3.183245897293091 
v -4.817809581756592 2.8690874576568604 3.21907114982605 
v -4.817809581756592 2.8690874576568604 3.183245897293091 
v -4.702064514160156 2.846073865890503 3.21907114982605 
v -4.702064514160156 2.846073865890503 3.183245897293091 
v -4.702064514160156 4.420477867126465 3.183245897293091 
v -4.702064514160156 4.3653130531311035 3.183245897293091 
v -4.5859808921813965 4.443491458892822 3.183245897293091 
v -4.564997673034668 4.392387866973877 3.183245897293091 
v -4.448914051055908 4.4698896408081055 3.183245897293091 
v -4.487834453582764 4.509148120880127 3.183245897293091 
v -4.422516345977783 4.60729455947876 3.183245897293091 
v -4.37141227722168 4.585973262786865 3.183245897293091 
v -4.343998908996582 4.723039627075195 3.183245897293091 
v -4.399502754211426 4.723039627075195 3.183245897293091 
v -4.422516345977783 4.838784694671631 3.183245897293091 
v -4.37141227722168 4.859767913818359 3.183245897293091 
v -4.448914051055908 4.975851535797119 3.183245897293091 
v -4.487834453582764 4.936931133270264 3.183245897293091 
v -4.564997673034668 5.053691864013672 3.183245897293091 
v -4.5859808921813965 5.002587795257568 3.183245897293091 
v -4.702064514160156 5.025601387023926 3.183245897293091 
v -4.702064514160156 5.080766677856445 3.183245897293091 
v -4.702064514160156 4.420477867126465 3.21907114982605 
v -4.702064514160156 4.420477867126465 3.183245897293091 
v -4.5859808921813965 4.443491458892822 3.21907114982605 
v -4.5859808921813965 4.443491458892822 3.183245897293091 
v -4.487834453582764 4.509148120880127 3.21907114982605 
v -4.487834453582764 4.509148120880127 3.183245897293091 
v -4.422516345977783 4.60729455947876 3.21907114982605 
v -4.422516345977783 4.60729455947876 3.183245897293091 
v -4.399502754211426 4.723039627075195 3.21907114982605 
v -4.399502754211426 4.723039627075195 3.183245897293091 
v -4.422516345977783 4.838784694671631 3.21907114982605 
v -4.422516345977783 4.838784694671631 3.183245897293091 
v -4.487834453582764 4.936931133270264 3.21907114982605 
v -4.487834453582764 4.936931133270264 3.183245897293091 
v -4.5859808921813965 5.002587795257568 3.21907114982605 
v -4.5859808921813965 5.002587795257568 3.183245897293091 
v -4.702064514160156 5.025601387023926 3.21907114982605 
v -4.702064514160156 5.025601387023926 3.183245897293091 
v -4.915956020355225 4.936931133270264 3.21907114982605 
v -4.981612682342529 4.838784694671631 3.21907114982605 
v -4.817809581756592 5.002587795257568 3.21907114982605 
v -5.004626274108887 4.723039627075195 3.21907114982605 
v -4.981612682342529 4.60729455947876 3.21907114982605 
v -4.422516345977783 4.838784694671631 3.21907114982605 
v -4.5859808921813965 4.443491458892822 3.21907114982605 
v -4.399502754211426 4.723039627075195 3.21907114982605 
v -4.422516345977783 4.60729455947876 3.21907114982605 
v -4.487834453582764 4.509148120880127 3.21907114982605 
v -4.487834453582764 4.936931133270264 3.21907114982605 
v -4.5859808921813965 5.002587795257568 3.21907114982605 
v -4.702064514160156 5.025601387023926 3.21907114982605 
v -4.702064514160156 4.420477867126465 3.21907114982605 
v -4.817809581756592 4.443491458892822 3.21907114982605 
v -4.915956020355225 4.509148120880127 3.21907114982605 
v -4.702064514160156 5.080766677856445 3.183245897293091 
v -4.564997673034668 5.053691864013672 3.183245897293091 
v -4.702064514160156 5.080766677856445 3.2668378353118896 
v -4.564997673034668 5.053691864013672 3.2668378353118896 
v -4.448914051055908 4.975851535797119 3.183245897293091 
v -4.448914051055908 4.975851535797119 3.2668378353118896 
v -4.37141227722168 4.859767913818359 3.183245897293091 
v -4.37141227722168 4.859767913818359 3.2668378353118896 
v -4.343998908996582 4.723039627075195 3.183245897293091 
v -4.343998908996582 4.723039627075195 3.2668378353118896 
v -4.37141227722168 4.585973262786865 3.183245897293091 
v -4.37141227722168 4.585973262786865 3.2668378353118896 
v -4.448914051055908 4.4698896408081055 3.183245897293091 
v -4.448914051055908 4.4698896408081055 3.2668378353118896 
v -4.564997673034668 4.392387866973877 3.183245897293091 
v -4.564997673034668 4.392387866973877 3.2668378353118896 
v -4.702064514160156 4.3653130531311035 3.183245897293091 
v -4.702064514160156 4.3653130531311035 3.2668378353118896 
v -4.702064514160156 4.3653130531311035 3.183245897293091 
v -4.702064514160156 4.3653130531311035 3.2668378353118896 
v -4.838792324066162 4.392387866973877 3.183245897293091 
v -4.838792324066162 4.392387866973877 3.2668378353118896 
v -4.954875946044922 4.4698896408081055 3.183245897293091 
v -4.954875946044922 4.4698896408081055 3.2668378353118896 
v -5.03237771987915 4.585973262786865 3.183245897293091 
v -5.03237771987915 4.585973262786865 3.2668378353118896 
v -5.059791088104248 4.723039627075195 3.183245897293091 
v -5.059791088104248 4.723039627075195 3.2668378353118896 
v -5.03237771987915 4.859767913818359 3.183245897293091 
v -5.03237771987915 4.859767913818359 3.2668378353118896 
v -4.954875946044922 4.975851535797119 3.183245897293091 
v -4.954875946044922 4.975851535797119 3.2668378353118896 
v -4.838792324066162 5.053691864013672 3.183245897293091 
v -4.838792324066162 5.053691864013672 3.2668378353118896 
v -4.702064514160156 5.080766677856445 3.183245897293091 
v -4.702064514160156 5.080766677856445 3.2668378353118896 
v -4.702064514160156 5.080766677856445 3.183245897293091 
v -4.702064514160156 5.025601387023926 3.183245897293091 
v -4.838792324066162 5.053691864013672 3.183245897293091 
v -4.817809581756592 5.002587795257568 3.183245897293091 
v -4.954875946044922 4.975851535797119 3.183245897293091 
v -4.915956020355225 4.936931133270264 3.183245897293091 
v -5.03237771987915 4.859767913818359 3.183245897293091 
v -4.981612682342529 4.838784694671631 3.183245897293091 
v -5.059791088104248 4.723039627075195 3.183245897293091 
v -5.004626274108887 4.723039627075195 3.183245897293091 
v -5.03237771987915 4.585973262786865 3.183245897293091 
v -4.981612682342529 4.60729455947876 3.183245897293091 
v -4.915956020355225 4.509148120880127 3.183245897293091 
v -4.954875946044922 4.4698896408081055 3.183245897293091 
v -4.817809581756592 4.443491458892822 3.183245897293091 
v -4.838792324066162 4.392387866973877 3.183245897293091 
v -4.702064514160156 4.3653130531311035 3.183245897293091 
v -4.702064514160156 4.420477867126465 3.183245897293091 
v -4.702064514160156 5.025601387023926 3.21907114982605 
v -4.817809581756592 5.002587795257568 3.21907114982605 
v -4.702064514160156 5.025601387023926 3.183245897293091 
v -4.817809581756592 5.002587795257568 3.183245897293091 
v -4.915956020355225 4.936931133270264 3.21907114982605 
v -4.915956020355225 4.936931133270264 3.183245897293091 
v -4.981612682342529 4.838784694671631 3.21907114982605 
v -4.981612682342529 4.838784694671631 3.183245897293091 
v -5.004626274108887 4.723039627075195 3.21907114982605 
v -5.004626274108887 4.723039627075195 3.183245897293091 
v -4.981612682342529 4.60729455947876 3.21907114982605 
v -4.981612682342529 4.60729455947876 3.183245897293091 
v -4.915956020355225 4.509148120880127 3.21907114982605 
v -4.915956020355225 4.509148120880127 3.183245897293091 
v -4.817809581756592 4.443491458892822 3.21907114982605 
v -4.817809581756592 4.443491458892822 3.183245897293091 
v -4.702064514160156 4.420477867126465 3.21907114982605 
v -4.702064514160156 4.420477867126465 3.183245897293091 
v -4.422516345977783 -4.607302188873291 3.183245897293091 
v -4.399502754211426 -4.723047256469727 3.183245897293091 
v -4.343998908996582 -4.723047256469727 3.183245897293091 
v -4.422516345977783 -4.838792324066162 3.183245897293091 
v -4.702064514160156 -4.420485496520996 3.183245897293091 
v -4.5859808921813965 -4.4434990882873535 3.183245897293091 
v -4.702064514160156 -4.365320682525635 3.183245897293091 
v -4.564997673034668 -4.392395496368408 3.183245897293091 
v -4.448914051055908 -4.469897270202637 3.183245897293091 
v -4.487834453582764 -4.509155750274658 3.183245897293091 
v -4.37141227722168 -4.5859808921813965 3.183245897293091 
v -4.37141227722168 -4.859775543212891 3.183245897293091 
v -4.487834453582764 -4.936938762664795 3.183245897293091 
v -4.448914051055908 -4.97585916519165 3.183245897293091 
v -4.5859808921813965 -5.0025954246521 3.183245897293091 
v -4.564997673034668 -5.053699493408203 3.183245897293091 
v -4.702064514160156 -5.080774307250977 3.183245897293091 
v -4.702064514160156 -5.025609016418457 3.183245897293091 
v -4.399502754211426 -4.723047256469727 3.183245897293091 
v -4.422516345977783 -4.607302188873291 3.183245897293091 
v -4.399502754211426 -4.723047256469727 3.21907114982605 
v -4.422516345977783 -4.607302188873291 3.21907114982605 
v -4.422516345977783 -4.838792324066162 3.21907114982605 
v -4.422516345977783 -4.838792324066162 3.183245897293091 
v -4.487834453582764 -4.936938762664795 3.21907114982605 
v -4.487834453582764 -4.936938762664795 3.183245897293091 
v -4.5859808921813965 -5.0025954246521 3.21907114982605 
v -4.5859808921813965 -5.0025954246521 3.183245897293091 
v -4.702064514160156 -5.025609016418457 3.21907114982605 
v -4.702064514160156 -5.025609016418457 3.183245897293091 
v -4.487834453582764 -4.509155750274658 3.183245897293091 
v -4.487834453582764 -4.509155750274658 3.21907114982605 
v -4.5859808921813965 -4.4434990882873535 3.183245897293091 
v -4.5859808921813965 -4.4434990882873535 3.21907114982605 
v -4.702064514160156 -4.420485496520996 3.183245897293091 
v -4.702064514160156 -4.420485496520996 3.21907114982605 
v -4.915956020355225 -4.509155750274658 3.21907114982605 
v -4.817809581756592 -4.4434990882873535 3.21907114982605 
v -4.981612682342529 -4.607302188873291 3.21907114982605 
v -5.004626274108887 -4.723047256469727 3.21907114982605 
v -4.981612682342529 -4.838792324066162 3.21907114982605 
v -4.422516345977783 -4.607302188873291 3.21907114982605 
v -4.5859808921813965 -5.0025954246521 3.21907114982605 
v -4.399502754211426 -4.723047256469727 3.21907114982605 
v -4.422516345977783 -4.838792324066162 3.21907114982605 
v -4.487834453582764 -4.936938762664795 3.21907114982605 
v -4.702064514160156 -4.420485496520996 3.21907114982605 
v -4.5859808921813965 -4.4434990882873535 3.21907114982605 
v -4.487834453582764 -4.509155750274658 3.21907114982605 
v -4.702064514160156 -5.025609016418457 3.21907114982605 
v -4.817809581756592 -5.0025954246521 3.21907114982605 
v -4.915956020355225 -4.936938762664795 3.21907114982605 
v -4.702064514160156 -5.080774307250977 3.183245897293091 
v -4.702064514160156 -5.080774307250977 3.2668378353118896 
v -4.564997673034668 -5.053699493408203 3.183245897293091 
v -4.564997673034668 -5.053699493408203 3.2668378353118896 
v -4.448914051055908 -4.97585916519165 3.183245897293091 
v -4.448914051055908 -4.97585916519165 3.2668378353118896 
v -4.37141227722168 -4.859775543212891 3.183245897293091 
v -4.37141227722168 -4.859775543212891 3.2668378353118896 
v -4.343998908996582 -4.723047256469727 3.183245897293091 
v -4.343998908996582 -4.723047256469727 3.2668378353118896 
v -4.37141227722168 -4.5859808921813965 3.183245897293091 
v -4.37141227722168 -4.5859808921813965 3.2668378353118896 
v -4.448914051055908 -4.469897270202637 3.183245897293091 
v -4.448914051055908 -4.469897270202637 3.2668378353118896 
v -4.564997673034668 -4.392395496368408 3.183245897293091 
v -4.564997673034668 -4.392395496368408 3.2668378353118896 
v -4.702064514160156 -4.365320682525635 3.183245897293091 
v -4.702064514160156 -4.365320682525635 3.2668378353118896 
v -4.702064514160156 -4.365320682525635 3.183245897293091 
v -4.702064514160156 -4.365320682525635 3.2668378353118896 
v -4.838792324066162 -4.392395496368408 3.183245897293091 
v -4.838792324066162 -4.392395496368408 3.2668378353118896 
v -4.954875946044922 -4.469897270202637 3.183245897293091 
v -4.954875946044922 -4.469897270202637 3.2668378353118896 
v -5.03237771987915 -4.5859808921813965 3.183245897293091 
v -5.03237771987915 -4.5859808921813965 3.2668378353118896 
v -5.059791088104248 -4.723047256469727 3.183245897293091 
v -5.059791088104248 -4.723047256469727 3.2668378353118896 
v -5.03237771987915 -4.859775543212891 3.183245897293091 
v -5.03237771987915 -4.859775543212891 3.2668378353118896 
v -4.954875946044922 -4.97585916519165 3.183245897293091 
v -4.954875946044922 -4.97585916519165 3.2668378353118896 
v -4.838792324066162 -5.053699493408203 3.183245897293091 
v -4.838792324066162 -5.053699493408203 3.2668378353118896 
v -4.702064514160156 -5.080774307250977 3.183245897293091 
v -4.702064514160156 -5.080774307250977 3.2668378353118896 
v -4.702064514160156 -5.025609016418457 3.183245897293091 
v -4.817809581756592 -5.0025954246521 3.183245897293091 
v -4.702064514160156 -5.080774307250977 3.183245897293091 
v -4.838792324066162 -5.053699493408203 3.183245897293091 
v -4.954875946044922 -4.97585916519165 3.183245897293091 
v -4.915956020355225 -4.936938762664795 3.183245897293091 
v -5.03237771987915 -4.859775543212891 3.183245897293091 
v -4.981612682342529 -4.838792324066162 3.183245897293091 
v -5.059791088104248 -4.723047256469727 3.183245897293091 
v -5.004626274108887 -4.723047256469727 3.183245897293091 
v -4.981612682342529 -4.607302188873291 3.183245897293091 
v -5.03237771987915 -4.5859808921813965 3.183245897293091 
v -4.915956020355225 -4.509155750274658 3.183245897293091 
v -4.954875946044922 -4.469897270202637 3.183245897293091 
v -4.817809581756592 -4.4434990882873535 3.183245897293091 
v -4.838792324066162 -4.392395496368408 3.183245897293091 
v -4.702064514160156 -4.365320682525635 3.183245897293091 
v -4.702064514160156 -4.420485496520996 3.183245897293091 
v -4.702064514160156 -5.025609016418457 3.21907114982605 
v -4.817809581756592 -5.0025954246521 3.21907114982605 
v -4.702064514160156 -5.025609016418457 3.183245897293091 
v -4.817809581756592 -5.0025954246521 3.183245897293091 
v -4.915956020355225 -4.936938762664795 3.21907114982605 
v -4.915956020355225 -4.936938762664795 3.183245897293091 
v -4.981612682342529 -4.838792324066162 3.21907114982605 
v -4.981612682342529 -4.838792324066162 3.183245897293091 
v -5.004626274108887 -4.723047256469727 3.21907114982605 
v -5.004626274108887 -4.723047256469727 3.183245897293091 
v -4.981612682342529 -4.607302188873291 3.21907114982605 
v -4.981612682342529 -4.607302188873291 3.183245897293091 
v -4.915956020355225 -4.509155750274658 3.21907114982605 
v -4.915956020355225 -4.509155750274658 3.183245897293091 
v -4.817809581756592 -4.4434990882873535 3.21907114982605 
v -4.817809581756592 -4.4434990882873535 3.183245897293091 
v -4.702064514160156 -4.420485496520996 3.21907114982605 
v -4.702064514160156 -4.420485496520996 3.183245897293091 
v -2.0609097480773926 -4.607302188873291 3.183245897293091 
v -1.9827311038970947 -4.723047256469727 3.183245897293091 
v -2.037896156311035 -4.723047256469727 3.183245897293091 
v -2.0609097480773926 -4.838792324066162 3.183245897293091 
v -2.3404579162597656 -4.420485496520996 3.183245897293091 
v -2.3404579162597656 -4.365320682525635 3.183245897293091 
v -2.22471284866333 -4.4434990882873535 3.183245897293091 
v -2.2033913135528564 -4.392395496368408 3.183245897293091 
v -2.087307929992676 -4.469897270202637 3.183245897293091 
v -2.1265664100646973 -4.509155750274658 3.183245897293091 
v -2.009805917739868 -4.5859808921813965 3.183245897293091 
v -2.009805917739868 -4.859775543212891 3.183245897293091 
v -2.1265664100646973 -4.936938762664795 3.183245897293091 
v -2.087307929992676 -4.97585916519165 3.183245897293091 
v -2.22471284866333 -5.0025954246521 3.183245897293091 
v -2.2033913135528564 -5.053699493408203 3.183245897293091 
v -2.3404579162597656 -5.080774307250977 3.183245897293091 
v -2.3404579162597656 -5.025609016418457 3.183245897293091 
v -2.037896156311035 -4.723047256469727 3.183245897293091 
v -2.0609097480773926 -4.607302188873291 3.183245897293091 
v -2.037896156311035 -4.723047256469727 3.21907114982605 
v -2.0609097480773926 -4.607302188873291 3.21907114982605 
v -2.0609097480773926 -4.838792324066162 3.21907114982605 
v -2.0609097480773926 -4.838792324066162 3.183245897293091 
v -2.1265664100646973 -4.936938762664795 3.21907114982605 
v -2.1265664100646973 -4.936938762664795 3.183245897293091 
v -2.22471284866333 -5.0025954246521 3.21907114982605 
v -2.22471284866333 -5.0025954246521 3.183245897293091 
v -2.3404579162597656 -5.025609016418457 3.21907114982605 
v -2.3404579162597656 -5.025609016418457 3.183245897293091 
v -2.1265664100646973 -4.509155750274658 3.183245897293091 
v -2.1265664100646973 -4.509155750274658 3.21907114982605 
v -2.22471284866333 -4.4434990882873535 3.183245897293091 
v -2.22471284866333 -4.4434990882873535 3.21907114982605 
v -2.3404579162597656 -4.420485496520996 3.183245897293091 
v -2.3404579162597656 -4.420485496520996 3.21907114982605 
v -2.554349422454834 -4.509155750274658 3.21907114982605 
v -2.456202983856201 -4.4434990882873535 3.21907114982605 
v -2.6200060844421387 -4.607302188873291 3.21907114982605 
v -2.643019676208496 -4.723047256469727 3.21907114982605 
v -2.6200060844421387 -4.838792324066162 3.21907114982605 
v -2.0609097480773926 -4.607302188873291 3.21907114982605 
v -2.22471284866333 -5.0025954246521 3.21907114982605 
v -2.037896156311035 -4.723047256469727 3.21907114982605 
v -2.0609097480773926 -4.838792324066162 3.21907114982605 
v -2.1265664100646973 -4.936938762664795 3.21907114982605 
v -2.3404579162597656 -4.420485496520996 3.21907114982605 
v -2.22471284866333 -4.4434990882873535 3.21907114982605 
v -2.1265664100646973 -4.509155750274658 3.21907114982605 
v -2.3404579162597656 -5.025609016418457 3.21907114982605 
v -2.456202983856201 -5.0025954246521 3.21907114982605 
v -2.554349422454834 -4.936938762664795 3.21907114982605 
v -2.3404579162597656 -5.080774307250977 3.183245897293091 
v -2.3404579162597656 -5.080774307250977 3.2668378353118896 
v -2.2033913135528564 -5.053699493408203 3.183245897293091 
v -2.2033913135528564 -5.053699493408203 3.2668378353118896 
v -2.087307929992676 -4.97585916519165 3.183245897293091 
v -2.087307929992676 -4.97585916519165 3.2668378353118896 
v -2.009805917739868 -4.859775543212891 3.183245897293091 
v -2.009805917739868 -4.859775543212891 3.2668378353118896 
v -1.9827311038970947 -4.723047256469727 3.183245897293091 
v -1.9827311038970947 -4.723047256469727 3.2668378353118896 
v -2.009805917739868 -4.5859808921813965 3.183245897293091 
v -2.009805917739868 -4.5859808921813965 3.2668378353118896 
v -2.087307929992676 -4.469897270202637 3.183245897293091 
v -2.087307929992676 -4.469897270202637 3.2668378353118896 
v -2.2033913135528564 -4.392395496368408 3.183245897293091 
v -2.2033913135528564 -4.392395496368408 3.2668378353118896 
v -2.3404579162597656 -4.365320682525635 3.183245897293091 
v -2.3404579162597656 -4.365320682525635 3.2668378353118896 
v -2.3404579162597656 -4.365320682525635 3.183245897293091 
v -2.3404579162597656 -4.365320682525635 3.2668378353118896 
v -2.477524518966675 -4.392395496368408 3.183245897293091 
v -2.477524518966675 -4.392395496368408 3.2668378353118896 
v -2.5936081409454346 -4.469897270202637 3.183245897293091 
v -2.5936081409454346 -4.469897270202637 3.2668378353118896 
v -2.671109914779663 -4.5859808921813965 3.183245897293091 
v -2.671109914779663 -4.5859808921813965 3.2668378353118896 
v -2.6981847286224365 -4.723047256469727 3.183245897293091 
v -2.6981847286224365 -4.723047256469727 3.2668378353118896 
v -2.671109914779663 -4.859775543212891 3.183245897293091 
v -2.671109914779663 -4.859775543212891 3.2668378353118896 
v -2.5936081409454346 -4.97585916519165 3.183245897293091 
v -2.5936081409454346 -4.97585916519165 3.2668378353118896 
v -2.477524518966675 -5.053699493408203 3.183245897293091 
v -2.477524518966675 -5.053699493408203 3.2668378353118896 
v -2.3404579162597656 -5.080774307250977 3.183245897293091 
v -2.3404579162597656 -5.080774307250977 3.2668378353118896 
v -2.3404579162597656 -5.025609016418457 3.183245897293091 
v -2.456202983856201 -5.0025954246521 3.183245897293091 
v -2.3404579162597656 -5.080774307250977 3.183245897293091 
v -2.477524518966675 -5.053699493408203 3.183245897293091 
v -2.5936081409454346 -4.97585916519165 3.183245897293091 
v -2.554349422454834 -4.936938762664795 3.183245897293091 
v -2.671109914779663 -4.859775543212891 3.183245897293091 
v -2.6200060844421387 -4.838792324066162 3.183245897293091 
v -2.6981847286224365 -4.723047256469727 3.183245897293091 
v -2.643019676208496 -4.723047256469727 3.183245897293091 
v -2.6200060844421387 -4.607302188873291 3.183245897293091 
v -2.671109914779663 -4.5859808921813965 3.183245897293091 
v -2.554349422454834 -4.509155750274658 3.183245897293091 
v -2.5936081409454346 -4.469897270202637 3.183245897293091 
v -2.456202983856201 -4.4434990882873535 3.183245897293091 
v -2.477524518966675 -4.392395496368408 3.183245897293091 
v -2.3404579162597656 -4.365320682525635 3.183245897293091 
v -2.3404579162597656 -4.420485496520996 3.183245897293091 
v -2.3404579162597656 -5.025609016418457 3.21907114982605 
v -2.456202983856201 -5.0025954246521 3.21907114982605 
v -2.3404579162597656 -5.025609016418457 3.183245897293091 
v -2.456202983856201 -5.0025954246521 3.183245897293091 
v -2.554349422454834 -4.936938762664795 3.21907114982605 
v -2.554349422454834 -4.936938762664795 3.183245897293091 
v -2.6200060844421387 -4.838792324066162 3.21907114982605 
v -2.6200060844421387 -4.838792324066162 3.183245897293091 
v -2.643019676208496 -4.723047256469727 3.21907114982605 
v -2.643019676208496 -4.723047256469727 3.183245897293091 
v -2.6200060844421387 -4.607302188873291 3.21907114982605 
v -2.6200060844421387 -4.607302188873291 3.183245897293091 
v -2.554349422454834 -4.509155750274658 3.21907114982605 
v -2.554349422454834 -4.509155750274658 3.183245897293091 
v -2.456202983856201 -4.4434990882873535 3.21907114982605 
v -2.456202983856201 -4.4434990882873535 3.183245897293091 
v -2.3404579162597656 -4.420485496520996 3.21907114982605 
v -2.3404579162597656 -4.420485496520996 3.183245897293091 
v 0.30069658160209656 -4.607302188873291 3.183245897293091 
v 0.3788753151893616 -4.723047256469727 3.183245897293091 
v 0.32371023297309875 -4.723047256469727 3.183245897293091 
v 0.30069658160209656 -4.838792324066162 3.183245897293091 
v 0.021148456260561943 -4.420485496520996 3.183245897293091 
v 0.021148456260561943 -4.365320682525635 3.183245897293091 
v 0.13689357042312622 -4.4434990882873535 3.183245897293091 
v 0.15787659585475922 -4.392395496368408 3.183245897293091 
v 0.273960143327713 -4.469897270202637 3.183245897293091 
v 0.23504000902175903 -4.509155750274658 3.183245897293091 
v 0.3514620065689087 -4.5859808921813965 3.183245897293091 
v 0.3514620065689087 -4.859775543212891 3.183245897293091 
v 0.23504000902175903 -4.936938762664795 3.183245897293091 
v 0.273960143327713 -4.97585916519165 3.183245897293091 
v 0.13689357042312622 -5.0025954246521 3.183245897293091 
v 0.15787659585475922 -5.053699493408203 3.183245897293091 
v 0.021148456260561943 -5.080774307250977 3.183245897293091 
v 0.021148456260561943 -5.025609016418457 3.183245897293091 
v 0.32371023297309875 -4.723047256469727 3.183245897293091 
v 0.30069658160209656 -4.607302188873291 3.183245897293091 
v 0.32371023297309875 -4.723047256469727 3.21907114982605 
v 0.30069658160209656 -4.607302188873291 3.21907114982605 
v 0.30069658160209656 -4.838792324066162 3.21907114982605 
v 0.30069658160209656 -4.838792324066162 3.183245897293091 
v 0.23504000902175903 -4.936938762664795 3.21907114982605 
v 0.23504000902175903 -4.936938762664795 3.183245897293091 
v 0.13689357042312622 -5.0025954246521 3.21907114982605 
v 0.13689357042312622 -5.0025954246521 3.183245897293091 
v 0.021148456260561943 -5.025609016418457 3.21907114982605 
v 0.021148456260561943 -5.025609016418457 3.183245897293091 
v 0.23504000902175903 -4.509155750274658 3.183245897293091 
v 0.23504000902175903 -4.509155750274658 3.21907114982605 
v 0.13689357042312622 -4.4434990882873535 3.183245897293091 
v 0.13689357042312622 -4.4434990882873535 3.21907114982605 
v 0.021148456260561943 -4.420485496520996 3.183245897293091 
v 0.021148456260561943 -4.420485496520996 3.21907114982605 
v -0.19308152794837952 -4.509155750274658 3.21907114982605 
v -0.09459665417671204 -4.4434990882873535 3.21907114982605 
v -0.2583996653556824 -4.607302188873291 3.21907114982605 
v -0.28141331672668457 -4.723047256469727 3.21907114982605 
v -0.2583996653556824 -4.838792324066162 3.21907114982605 
v 0.30069658160209656 -4.607302188873291 3.21907114982605 
v 0.13689357042312622 -5.0025954246521 3.21907114982605 
v 0.32371023297309875 -4.723047256469727 3.21907114982605 
v 0.30069658160209656 -4.838792324066162 3.21907114982605 
v 0.23504000902175903 -4.936938762664795 3.21907114982605 
v 0.021148456260561943 -4.420485496520996 3.21907114982605 
v 0.13689357042312622 -4.4434990882873535 3.21907114982605 
v 0.23504000902175903 -4.509155750274658 3.21907114982605 
v 0.021148456260561943 -5.025609016418457 3.21907114982605 
v -0.09459665417671204 -5.0025954246521 3.21907114982605 
v -0.19308152794837952 -4.936938762664795 3.21907114982605 
v 0.021148456260561943 -5.080774307250977 3.183245897293091 
v 0.021148456260561943 -5.080774307250977 3.2668378353118896 
v 0.15787659585475922 -5.053699493408203 3.183245897293091 
v 0.15787659585475922 -5.053699493408203 3.2668378353118896 
v 0.273960143327713 -4.97585916519165 3.183245897293091 
v 0.273960143327713 -4.97585916519165 3.2668378353118896 
v 0.3514620065689087 -4.859775543212891 3.183245897293091 
v 0.3514620065689087 -4.859775543212891 3.2668378353118896 
v 0.3788753151893616 -4.723047256469727 3.183245897293091 
v 0.3788753151893616 -4.723047256469727 3.2668378353118896 
v 0.3514620065689087 -4.5859808921813965 3.183245897293091 
v 0.3514620065689087 -4.5859808921813965 3.2668378353118896 
v 0.273960143327713 -4.469897270202637 3.183245897293091 
v 0.273960143327713 -4.469897270202637 3.2668378353118896 
v 0.15787659585475922 -4.392395496368408 3.183245897293091 
v 0.15787659585475922 -4.392395496368408 3.2668378353118896 
v 0.021148456260561943 -4.365320682525635 3.183245897293091 
v 0.021148456260561943 -4.365320682525635 3.2668378353118896 
v 0.021148456260561943 -4.365320682525635 3.183245897293091 
v 0.021148456260561943 -4.365320682525635 3.2668378353118896 
v -0.1159181222319603 -4.392395496368408 3.183245897293091 
v -0.1159181222319603 -4.392395496368408 3.2668378353118896 
v -0.2320016771554947 -4.469897270202637 3.183245897293091 
v -0.2320016771554947 -4.469897270202637 3.2668378353118896 
v -0.3095035254955292 -4.5859808921813965 3.183245897293091 
v -0.3095035254955292 -4.5859808921813965 3.2668378353118896 
v -0.3365783989429474 -4.723047256469727 3.183245897293091 
v -0.3365783989429474 -4.723047256469727 3.2668378353118896 
v -0.3095035254955292 -4.859775543212891 3.183245897293091 
v -0.3095035254955292 -4.859775543212891 3.2668378353118896 
v -0.2320016771554947 -4.97585916519165 3.183245897293091 
v -0.2320016771554947 -4.97585916519165 3.2668378353118896 
v -0.1159181222319603 -5.053699493408203 3.183245897293091 
v -0.1159181222319603 -5.053699493408203 3.2668378353118896 
v 0.021148456260561943 -5.080774307250977 3.183245897293091 
v 0.021148456260561943 -5.080774307250977 3.2668378353118896 
v 0.021148456260561943 -5.025609016418457 3.183245897293091 
v -0.09459665417671204 -5.0025954246521 3.183245897293091 
v 0.021148456260561943 -5.080774307250977 3.183245897293091 
v -0.1159181222319603 -5.053699493408203 3.183245897293091 
v -0.2320016771554947 -4.97585916519165 3.183245897293091 
v -0.19308152794837952 -4.936938762664795 3.183245897293091 
v -0.3095035254955292 -4.859775543212891 3.183245897293091 
v -0.2583996653556824 -4.838792324066162 3.183245897293091 
v -0.3365783989429474 -4.723047256469727 3.183245897293091 
v -0.28141331672668457 -4.723047256469727 3.183245897293091 
v -0.2583996653556824 -4.607302188873291 3.183245897293091 
v -0.3095035254955292 -4.5859808921813965 3.183245897293091 
v -0.19308152794837952 -4.509155750274658 3.183245897293091 
v -0.2320016771554947 -4.469897270202637 3.183245897293091 
v -0.09459665417671204 -4.4434990882873535 3.183245897293091 
v -0.1159181222319603 -4.392395496368408 3.183245897293091 
v 0.021148456260561943 -4.365320682525635 3.183245897293091 
v 0.021148456260561943 -4.420485496520996 3.183245897293091 
v 0.021148456260561943 -5.025609016418457 3.21907114982605 
v -0.09459665417671204 -5.0025954246521 3.21907114982605 
v 0.021148456260561943 -5.025609016418457 3.183245897293091 
v -0.09459665417671204 -5.0025954246521 3.183245897293091 
v -0.19308152794837952 -4.936938762664795 3.21907114982605 
v -0.19308152794837952 -4.936938762664795 3.183245897293091 
v -0.2583996653556824 -4.838792324066162 3.21907114982605 
v -0.2583996653556824 -4.838792324066162 3.183245897293091 
v -0.28141331672668457 -4.723047256469727 3.21907114982605 
v -0.28141331672668457 -4.723047256469727 3.183245897293091 
v -0.2583996653556824 -4.607302188873291 3.21907114982605 
v -0.2583996653556824 -4.607302188873291 3.183245897293091 
v -0.19308152794837952 -4.509155750274658 3.21907114982605 
v -0.19308152794837952 -4.509155750274658 3.183245897293091 
v -0.09459665417671204 -4.4434990882873535 3.21907114982605 
v -0.09459665417671204 -4.4434990882873535 3.183245897293091 
v 0.021148456260561943 -4.420485496520996 3.21907114982605 
v 0.021148456260561943 -4.420485496520996 3.183245897293091 
v 2.6619646549224854 -4.607302188873291 3.183245897293091 
v 2.7404816150665283 -4.723047256469727 3.183245897293091 
v 2.685316562652588 -4.723047256469727 3.183245897293091 
v 2.6619646549224854 -4.838792324066162 3.183245897293091 
v 2.3824164867401123 -4.420485496520996 3.183245897293091 
v 2.3824164867401123 -4.365320682525635 3.183245897293091 
v 2.498499870300293 -4.4434990882873535 3.183245897293091 
v 2.5194830894470215 -4.392395496368408 3.183245897293091 
v 2.635566473007202 -4.469897270202637 3.183245897293091 
v 2.596646308898926 -4.509155750274658 3.183245897293091 
v 2.7130684852600098 -4.5859808921813965 3.183245897293091 
v 2.7130684852600098 -4.859775543212891 3.183245897293091 
v 2.596646308898926 -4.936938762664795 3.183245897293091 
v 2.635566473007202 -4.97585916519165 3.183245897293091 
v 2.498499870300293 -5.0025954246521 3.183245897293091 
v 2.5194830894470215 -5.053699493408203 3.183245897293091 
v 2.3824164867401123 -5.080774307250977 3.183245897293091 
v 2.3824164867401123 -5.025609016418457 3.183245897293091 
v 2.685316562652588 -4.723047256469727 3.183245897293091 
v 2.6619646549224854 -4.607302188873291 3.183245897293091 
v 2.685316562652588 -4.723047256469727 3.21907114982605 
v 2.6619646549224854 -4.607302188873291 3.21907114982605 
v 2.6619646549224854 -4.838792324066162 3.21907114982605 
v 2.6619646549224854 -4.838792324066162 3.183245897293091 
v 2.596646308898926 -4.936938762664795 3.21907114982605 
v 2.596646308898926 -4.936938762664795 3.183245897293091 
v 2.498499870300293 -5.0025954246521 3.21907114982605 
v 2.498499870300293 -5.0025954246521 3.183245897293091 
v 2.3824164867401123 -5.025609016418457 3.21907114982605 
v 2.3824164867401123 -5.025609016418457 3.183245897293091 
v 2.596646308898926 -4.509155750274658 3.183245897293091 
v 2.596646308898926 -4.509155750274658 3.21907114982605 
v 2.498499870300293 -4.4434990882873535 3.183245897293091 
v 2.498499870300293 -4.4434990882873535 3.21907114982605 
v 2.3824164867401123 -4.420485496520996 3.183245897293091 
v 2.3824164867401123 -4.420485496520996 3.21907114982605 
v 2.168524980545044 -4.509155750274658 3.21907114982605 
v 2.2666714191436768 -4.4434990882873535 3.21907114982605 
v 2.1028683185577393 -4.607302188873291 3.21907114982605 
v 2.079854726791382 -4.723047256469727 3.21907114982605 
v 2.1028683185577393 -4.838792324066162 3.21907114982605 
v 2.6619646549224854 -4.607302188873291 3.21907114982605 
v 2.498499870300293 -5.0025954246521 3.21907114982605 
v 2.685316562652588 -4.723047256469727 3.21907114982605 
v 2.6619646549224854 -4.838792324066162 3.21907114982605 
v 2.596646308898926 -4.936938762664795 3.21907114982605 
v 2.3824164867401123 -4.420485496520996 3.21907114982605 
v 2.498499870300293 -4.4434990882873535 3.21907114982605 
v 2.596646308898926 -4.509155750274658 3.21907114982605 
v 2.3824164867401123 -5.025609016418457 3.21907114982605 
v 2.2666714191436768 -5.0025954246521 3.21907114982605 
v 2.168524980545044 -4.936938762664795 3.21907114982605 
v 2.3824164867401123 -5.080774307250977 3.183245897293091 
v 2.3824164867401123 -5.080774307250977 3.2668378353118896 
v 2.5194830894470215 -5.053699493408203 3.183245897293091 
v 2.5194830894470215 -5.053699493408203 3.2668378353118896 
v 2.635566473007202 -4.97585916519165 3.183245897293091 
v 2.635566473007202 -4.97585916519165 3.2668378353118896 
v 2.7130684852600098 -4.859775543212891 3.183245897293091 
v 2.7130684852600098 -4.859775543212891 3.2668378353118896 
v 2.7404816150665283 -4.723047256469727 3.183245897293091 
v 2.7404816150665283 -4.723047256469727 3.2668378353118896 
v 2.7130684852600098 -4.5859808921813965 3.183245897293091 
v 2.7130684852600098 -4.5859808921813965 3.2668378353118896 
v 2.635566473007202 -4.469897270202637 3.183245897293091 
v 2.635566473007202 -4.469897270202637 3.2668378353118896 
v 2.5194830894470215 -4.392395496368408 3.183245897293091 
v 2.5194830894470215 -4.392395496368408 3.2668378353118896 
v 2.3824164867401123 -4.365320682525635 3.183245897293091 
v 2.3824164867401123 -4.365320682525635 3.2668378353118896 
v 2.3824164867401123 -4.365320682525635 3.183245897293091 
v 2.3824164867401123 -4.365320682525635 3.2668378353118896 
v 2.2456881999969482 -4.392395496368408 3.183245897293091 
v 2.2456881999969482 -4.392395496368408 3.2668378353118896 
v 2.1296048164367676 -4.469897270202637 3.183245897293091 
v 2.1296048164367676 -4.469897270202637 3.2668378353118896 
v 2.05210280418396 -4.5859808921813965 3.183245897293091 
v 2.05210280418396 -4.5859808921813965 3.2668378353118896 
v 2.0246896743774414 -4.723047256469727 3.183245897293091 
v 2.0246896743774414 -4.723047256469727 3.2668378353118896 
v 2.05210280418396 -4.859775543212891 3.183245897293091 
v 2.05210280418396 -4.859775543212891 3.2668378353118896 
v 2.1296048164367676 -4.97585916519165 3.183245897293091 
v 2.1296048164367676 -4.97585916519165 3.2668378353118896 
v 2.2456881999969482 -5.053699493408203 3.183245897293091 
v 2.2456881999969482 -5.053699493408203 3.2668378353118896 
v 2.3824164867401123 -5.080774307250977 3.183245897293091 
v 2.3824164867401123 -5.080774307250977 3.2668378353118896 
v 2.3824164867401123 -5.025609016418457 3.183245897293091 
v 2.2666714191436768 -5.0025954246521 3.183245897293091 
v 2.3824164867401123 -5.080774307250977 3.183245897293091 
v 2.2456881999969482 -5.053699493408203 3.183245897293091 
v 2.1296048164367676 -4.97585916519165 3.183245897293091 
v 2.168524980545044 -4.936938762664795 3.183245897293091 
v 2.05210280418396 -4.859775543212891 3.183245897293091 
v 2.1028683185577393 -4.838792324066162 3.183245897293091 
v 2.0246896743774414 -4.723047256469727 3.183245897293091 
v 2.079854726791382 -4.723047256469727 3.183245897293091 
v 2.1028683185577393 -4.607302188873291 3.183245897293091 
v 2.05210280418396 -4.5859808921813965 3.183245897293091 
v 2.168524980545044 -4.509155750274658 3.183245897293091 
v 2.1296048164367676 -4.469897270202637 3.183245897293091 
v 2.2666714191436768 -4.4434990882873535 3.183245897293091 
v 2.2456881999969482 -4.392395496368408 3.183245897293091 
v 2.3824164867401123 -4.365320682525635 3.183245897293091 
v 2.3824164867401123 -4.420485496520996 3.183245897293091 
v 2.3824164867401123 -5.025609016418457 3.21907114982605 
v 2.2666714191436768 -5.0025954246521 3.21907114982605 
v 2.3824164867401123 -5.025609016418457 3.183245897293091 
v 2.2666714191436768 -5.0025954246521 3.183245897293091 
v 2.168524980545044 -4.936938762664795 3.21907114982605 
v 2.168524980545044 -4.936938762664795 3.183245897293091 
v 2.1028683185577393 -4.838792324066162 3.21907114982605 
v 2.1028683185577393 -4.838792324066162 3.183245897293091 
v 2.079854726791382 -4.723047256469727 3.21907114982605 
v 2.079854726791382 -4.723047256469727 3.183245897293091 
v 2.1028683185577393 -4.607302188873291 3.21907114982605 
v 2.1028683185577393 -4.607302188873291 3.183245897293091 
v 2.168524980545044 -4.509155750274658 3.21907114982605 
v 2.168524980545044 -4.509155750274658 3.183245897293091 
v 2.2666714191436768 -4.4434990882873535 3.21907114982605 
v 2.2666714191436768 -4.4434990882873535 3.183245897293091 
v 2.3824164867401123 -4.420485496520996 3.21907114982605 
v 2.3824164867401123 -4.420485496520996 3.183245897293091 
v 4.371404647827148 4.585973262786865 3.183245897293091 
v 4.343991279602051 4.723039627075195 3.183245897293091 
v 4.422508716583252 4.60729455947876 3.183245897293091 
v 4.3994951248168945 4.723039627075195 3.183245897293091 
v 4.371404647827148 4.859767913818359 3.183245897293091 
v 4.422508716583252 4.838784694671631 3.183245897293091 
v 4.448906421661377 4.975851535797119 3.183245897293091 
v 4.487826824188232 4.936931133270264 3.183245897293091 
v 4.585973262786865 5.002587795257568 3.183245897293091 
v 4.564990043640137 5.053691864013672 3.183245897293091 
v 4.702056884765625 5.025601387023926 3.183245897293091 
v 4.702056884765625 5.080766677856445 3.183245897293091 
v 4.448906421661377 4.4698896408081055 3.183245897293091 
v 4.487826824188232 4.509148120880127 3.183245897293091 
v 4.585973262786865 4.443491458892822 3.183245897293091 
v 4.564990043640137 4.392387866973877 3.183245897293091 
v 4.702056884765625 4.420477867126465 3.183245897293091 
v 4.702056884765625 4.3653130531311035 3.183245897293091 
v 4.3994951248168945 4.723039627075195 3.183245897293091 
v 4.422508716583252 4.60729455947876 3.183245897293091 
v 4.3994951248168945 4.723039627075195 3.21907114982605 
v 4.422508716583252 4.60729455947876 3.21907114982605 
v 4.422508716583252 4.838784694671631 3.21907114982605 
v 4.422508716583252 4.838784694671631 3.183245897293091 
v 4.487826824188232 4.936931133270264 3.21907114982605 
v 4.487826824188232 4.936931133270264 3.183245897293091 
v 4.585973262786865 5.002587795257568 3.21907114982605 
v 4.585973262786865 5.002587795257568 3.183245897293091 
v 4.702056884765625 5.025601387023926 3.21907114982605 
v 4.702056884765625 5.025601387023926 3.183245897293091 
v 4.487826824188232 4.509148120880127 3.183245897293091 
v 4.487826824188232 4.509148120880127 3.21907114982605 
v 4.585973262786865 4.443491458892822 3.183245897293091 
v 4.585973262786865 4.443491458892822 3.21907114982605 
v 4.702056884765625 4.420477867126465 3.183245897293091 
v 4.702056884765625 4.420477867126465 3.21907114982605 
v 4.915948390960693 4.509148120880127 3.21907114982605 
v 4.8178019523620605 4.443491458892822 3.21907114982605 
v 4.981605052947998 4.60729455947876 3.21907114982605 
v 5.0046186447143555 4.723039627075195 3.21907114982605 
v 4.981605052947998 4.838784694671631 3.21907114982605 
v 4.422508716583252 4.60729455947876 3.21907114982605 
v 4.585973262786865 5.002587795257568 3.21907114982605 
v 4.3994951248168945 4.723039627075195 3.21907114982605 
v 4.422508716583252 4.838784694671631 3.21907114982605 
v 4.487826824188232 4.936931133270264 3.21907114982605 
v 4.702056884765625 4.420477867126465 3.21907114982605 
v 4.585973262786865 4.443491458892822 3.21907114982605 
v 4.487826824188232 4.509148120880127 3.21907114982605 
v 4.702056884765625 5.025601387023926 3.21907114982605 
v 4.8178019523620605 5.002587795257568 3.21907114982605 
v 4.915948390960693 4.936931133270264 3.21907114982605 
v 4.702056884765625 5.080766677856445 3.183245897293091 
v 4.702056884765625 5.080766677856445 3.2668378353118896 
v 4.564990043640137 5.053691864013672 3.183245897293091 
v 4.564990043640137 5.053691864013672 3.2668378353118896 
v 4.448906421661377 4.975851535797119 3.183245897293091 
v 4.448906421661377 4.975851535797119 3.2668378353118896 
v 4.371404647827148 4.859767913818359 3.183245897293091 
v 4.371404647827148 4.859767913818359 3.2668378353118896 
v 4.343991279602051 4.723039627075195 3.183245897293091 
v 4.343991279602051 4.723039627075195 3.2668378353118896 
v 4.371404647827148 4.585973262786865 3.183245897293091 
v 4.371404647827148 4.585973262786865 3.2668378353118896 
v 4.448906421661377 4.4698896408081055 3.183245897293091 
v 4.448906421661377 4.4698896408081055 3.2668378353118896 
v 4.564990043640137 4.392387866973877 3.183245897293091 
v 4.564990043640137 4.392387866973877 3.2668378353118896 
v 4.702056884765625 4.3653130531311035 3.183245897293091 
v 4.702056884765625 4.3653130531311035 3.2668378353118896 
v 4.702056884765625 4.3653130531311035 3.183245897293091 
v 4.702056884765625 4.3653130531311035 3.2668378353118896 
v 4.838784694671631 4.392387866973877 3.183245897293091 
v 4.838784694671631 4.392387866973877 3.2668378353118896 
v 4.954868316650391 4.4698896408081055 3.183245897293091 
v 4.954868316650391 4.4698896408081055 3.2668378353118896 
v 5.032370090484619 4.585973262786865 3.183245897293091 
v 5.032370090484619 4.585973262786865 3.2668378353118896 
v 5.059783458709717 4.723039627075195 3.183245897293091 
v 5.059783458709717 4.723039627075195 3.2668378353118896 
v 5.032370090484619 4.859767913818359 3.183245897293091 
v 5.032370090484619 4.859767913818359 3.2668378353118896 
v 4.954868316650391 4.975851535797119 3.183245897293091 
v 4.954868316650391 4.975851535797119 3.2668378353118896 
v 4.838784694671631 5.053691864013672 3.183245897293091 
v 4.838784694671631 5.053691864013672 3.2668378353118896 
v 4.702056884765625 5.080766677856445 3.183245897293091 
v 4.702056884765625 5.080766677856445 3.2668378353118896 
v 4.702056884765625 5.025601387023926 3.183245897293091 
v 4.8178019523620605 5.002587795257568 3.183245897293091 
v 4.702056884765625 5.080766677856445 3.183245897293091 
v 4.838784694671631 5.053691864013672 3.183245897293091 
v 4.954868316650391 4.975851535797119 3.183245897293091 
v 4.915948390960693 4.936931133270264 3.183245897293091 
v 4.981605052947998 4.838784694671631 3.183245897293091 
v 5.032370090484619 4.859767913818359 3.183245897293091 
v 5.0046186447143555 4.723039627075195 3.183245897293091 
v 5.059783458709717 4.723039627075195 3.183245897293091 
v 4.981605052947998 4.60729455947876 3.183245897293091 
v 5.032370090484619 4.585973262786865 3.183245897293091 
v 4.915948390960693 4.509148120880127 3.183245897293091 
v 4.954868316650391 4.4698896408081055 3.183245897293091 
v 4.8178019523620605 4.443491458892822 3.183245897293091 
v 4.838784694671631 4.392387866973877 3.183245897293091 
v 4.702056884765625 4.3653130531311035 3.183245897293091 
v 4.702056884765625 4.420477867126465 3.183245897293091 
v 4.702056884765625 5.025601387023926 3.21907114982605 
v 4.8178019523620605 5.002587795257568 3.21907114982605 
v 4.702056884765625 5.025601387023926 3.183245897293091 
v 4.8178019523620605 5.002587795257568 3.183245897293091 
v 4.915948390960693 4.936931133270264 3.21907114982605 
v 4.915948390960693 4.936931133270264 3.183245897293091 
v 4.981605052947998 4.838784694671631 3.21907114982605 
v 4.981605052947998 4.838784694671631 3.183245897293091 
v 5.0046186447143555 4.723039627075195 3.21907114982605 
v 5.0046186447143555 4.723039627075195 3.183245897293091 
v 4.981605052947998 4.60729455947876 3.21907114982605 
v 4.981605052947998 4.60729455947876 3.183245897293091 
v 4.915948390960693 4.509148120880127 3.21907114982605 
v 4.915948390960693 4.509148120880127 3.183245897293091 
v 4.8178019523620605 4.443491458892822 3.21907114982605 
v 4.8178019523620605 4.443491458892822 3.183245897293091 
v 4.702056884765625 4.420477867126465 3.21907114982605 
v 4.702056884765625 4.420477867126465 3.183245897293091 
v 2.009798288345337 4.585973262786865 3.183245897293091 
v 1.9827234745025635 4.723039627075195 3.183245897293091 
v 2.0609021186828613 4.60729455947876 3.183245897293091 
v 2.037888526916504 4.723039627075195 3.183245897293091 
v 2.009798288345337 4.859767913818359 3.183245897293091 
v 2.0609021186828613 4.838784694671631 3.183245897293091 
v 2.0873003005981445 4.975851535797119 3.183245897293091 
v 2.126558780670166 4.936931133270264 3.183245897293091 
v 2.224705219268799 5.002587795257568 3.183245897293091 
v 2.203383684158325 5.053691864013672 3.183245897293091 
v 2.3404502868652344 5.025601387023926 3.183245897293091 
v 2.3404502868652344 5.080766677856445 3.183245897293091 
v 2.0873003005981445 4.4698896408081055 3.183245897293091 
v 2.126558780670166 4.509148120880127 3.183245897293091 
v 2.224705219268799 4.443491458892822 3.183245897293091 
v 2.203383684158325 4.392387866973877 3.183245897293091 
v 2.3404502868652344 4.420477867126465 3.183245897293091 
v 2.3404502868652344 4.3653130531311035 3.183245897293091 
v 2.037888526916504 4.723039627075195 3.183245897293091 
v 2.0609021186828613 4.60729455947876 3.183245897293091 
v 2.037888526916504 4.723039627075195 3.21907114982605 
v 2.0609021186828613 4.60729455947876 3.21907114982605 
v 2.0609021186828613 4.838784694671631 3.21907114982605 
v 2.0609021186828613 4.838784694671631 3.183245897293091 
v 2.126558780670166 4.936931133270264 3.21907114982605 
v 2.126558780670166 4.936931133270264 3.183245897293091 
v 2.224705219268799 5.002587795257568 3.21907114982605 
v 2.224705219268799 5.002587795257568 3.183245897293091 
v 2.3404502868652344 5.025601387023926 3.21907114982605 
v 2.3404502868652344 5.025601387023926 3.183245897293091 
v 2.126558780670166 4.509148120880127 3.183245897293091 
v 2.126558780670166 4.509148120880127 3.21907114982605 
v 2.224705219268799 4.443491458892822 3.183245897293091 
v 2.224705219268799 4.443491458892822 3.21907114982605 
v 2.3404502868652344 4.420477867126465 3.183245897293091 
v 2.3404502868652344 4.420477867126465 3.21907114982605 
v 2.554342031478882 4.509148120880127 3.21907114982605 
v 2.456195592880249 4.443491458892822 3.21907114982605 
v 2.6199984550476074 4.60729455947876 3.21907114982605 
v 2.643012046813965 4.723039627075195 3.21907114982605 
v 2.6199984550476074 4.838784694671631 3.21907114982605 
v 2.0609021186828613 4.60729455947876 3.21907114982605 
v 2.224705219268799 5.002587795257568 3.21907114982605 
v 2.037888526916504 4.723039627075195 3.21907114982605 
v 2.0609021186828613 4.838784694671631 3.21907114982605 
v 2.126558780670166 4.936931133270264 3.21907114982605 
v 2.3404502868652344 4.420477867126465 3.21907114982605 
v 2.224705219268799 4.443491458892822 3.21907114982605 
v 2.126558780670166 4.509148120880127 3.21907114982605 
v 2.3404502868652344 5.025601387023926 3.21907114982605 
v 2.456195592880249 5.002587795257568 3.21907114982605 
v 2.554342031478882 4.936931133270264 3.21907114982605 
v 2.3404502868652344 5.080766677856445 3.183245897293091 
v 2.3404502868652344 5.080766677856445 3.2668378353118896 
v 2.203383684158325 5.053691864013672 3.183245897293091 
v 2.203383684158325 5.053691864013672 3.2668378353118896 
v 2.0873003005981445 4.975851535797119 3.183245897293091 
v 2.0873003005981445 4.975851535797119 3.2668378353118896 
v 2.009798288345337 4.859767913818359 3.183245897293091 
v 2.009798288345337 4.859767913818359 3.2668378353118896 
v 1.9827234745025635 4.723039627075195 3.183245897293091 
v 1.9827234745025635 4.723039627075195 3.2668378353118896 
v 2.009798288345337 4.585973262786865 3.183245897293091 
v 2.009798288345337 4.585973262786865 3.2668378353118896 
v 2.0873003005981445 4.4698896408081055 3.183245897293091 
v 2.0873003005981445 4.4698896408081055 3.2668378353118896 
v 2.203383684158325 4.392387866973877 3.183245897293091 
v 2.203383684158325 4.392387866973877 3.2668378353118896 
v 2.3404502868652344 4.3653130531311035 3.183245897293091 
v 2.3404502868652344 4.3653130531311035 3.2668378353118896 
v 2.3404502868652344 4.3653130531311035 3.183245897293091 
v 2.3404502868652344 4.3653130531311035 3.2668378353118896 
v 2.4775168895721436 4.392387866973877 3.183245897293091 
v 2.4775168895721436 4.392387866973877 3.2668378353118896 
v 2.5936005115509033 4.4698896408081055 3.183245897293091 
v 2.5936005115509033 4.4698896408081055 3.2668378353118896 
v 2.671102285385132 4.585973262786865 3.183245897293091 
v 2.671102285385132 4.585973262786865 3.2668378353118896 
v 2.6981770992279053 4.723039627075195 3.183245897293091 
v 2.6981770992279053 4.723039627075195 3.2668378353118896 
v 2.671102285385132 4.859767913818359 3.183245897293091 
v 2.671102285385132 4.859767913818359 3.2668378353118896 
v 2.5936005115509033 4.975851535797119 3.183245897293091 
v 2.5936005115509033 4.975851535797119 3.2668378353118896 
v 2.4775168895721436 5.053691864013672 3.183245897293091 
v 2.4775168895721436 5.053691864013672 3.2668378353118896 
v 2.3404502868652344 5.080766677856445 3.183245897293091 
v 2.3404502868652344 5.080766677856445 3.2668378353118896 
v 2.3404502868652344 5.025601387023926 3.183245897293091 
v 2.456195592880249 5.002587795257568 3.183245897293091 
v 2.3404502868652344 5.080766677856445 3.183245897293091 
v 2.4775168895721436 5.053691864013672 3.183245897293091 
v 2.5936005115509033 4.975851535797119 3.183245897293091 
v 2.554342031478882 4.936931133270264 3.183245897293091 
v 2.6199984550476074 4.838784694671631 3.183245897293091 
v 2.671102285385132 4.859767913818359 3.183245897293091 
v 2.643012046813965 4.723039627075195 3.183245897293091 
v 2.6981770992279053 4.723039627075195 3.183245897293091 
v 2.6199984550476074 4.60729455947876 3.183245897293091 
v 2.671102285385132 4.585973262786865 3.183245897293091 
v 2.554342031478882 4.509148120880127 3.183245897293091 
v 2.5936005115509033 4.4698896408081055 3.183245897293091 
v 2.456195592880249 4.443491458892822 3.183245897293091 
v 2.4775168895721436 4.392387866973877 3.183245897293091 
v 2.3404502868652344 4.3653130531311035 3.183245897293091 
v 2.3404502868652344 4.420477867126465 3.183245897293091 
v 2.3404502868652344 5.025601387023926 3.21907114982605 
v 2.456195592880249 5.002587795257568 3.21907114982605 
v 2.3404502868652344 5.025601387023926 3.183245897293091 
v 2.456195592880249 5.002587795257568 3.183245897293091 
v 2.554342031478882 4.936931133270264 3.21907114982605 
v 2.554342031478882 4.936931133270264 3.183245897293091 
v 2.6199984550476074 4.838784694671631 3.21907114982605 
v 2.6199984550476074 4.838784694671631 3.183245897293091 
v 2.643012046813965 4.723039627075195 3.21907114982605 
v 2.643012046813965 4.723039627075195 3.183245897293091 
v 2.6199984550476074 4.60729455947876 3.21907114982605 
v 2.6199984550476074 4.60729455947876 3.183245897293091 
v 2.554342031478882 4.509148120880127 3.21907114982605 
v 2.554342031478882 4.509148120880127 3.183245897293091 
v 2.456195592880249 4.443491458892822 3.21907114982605 
v 2.456195592880249 4.443491458892822 3.183245897293091 
v 2.3404502868652344 4.420477867126465 3.21907114982605 
v 2.3404502868652344 4.420477867126465 3.183245897293091 
v -0.35146957635879517 4.585973262786865 3.183245897293091 
v -0.37888288497924805 4.723039627075195 3.183245897293091 
v -0.3007041811943054 4.60729455947876 3.183245897293091 
v -0.3237178325653076 4.723039627075195 3.183245897293091 
v -0.35146957635879517 4.859767913818359 3.183245897293091 
v -0.3007041811943054 4.838784694671631 3.183245897293091 
v -0.2739677429199219 4.975851535797119 3.183245897293091 
v -0.2350475937128067 4.936931133270264 3.183245897293091 
v -0.1369011551141739 5.002587795257568 3.183245897293091 
v -0.15788419544696808 5.053691864013672 3.183245897293091 
v -0.02115604467689991 5.025601387023926 3.183245897293091 
v -0.02115604467689991 5.080766677856445 3.183245897293091 
v -0.2739677429199219 4.4698896408081055 3.183245897293091 
v -0.2350475937128067 4.509148120880127 3.183245897293091 
v -0.1369011551141739 4.443491458892822 3.183245897293091 
v -0.15788419544696808 4.392387866973877 3.183245897293091 
v -0.02115604467689991 4.420477867126465 3.183245897293091 
v -0.02115604467689991 4.3653130531311035 3.183245897293091 
v -0.3237178325653076 4.723039627075195 3.183245897293091 
v -0.3007041811943054 4.60729455947876 3.183245897293091 
v -0.3237178325653076 4.723039627075195 3.21907114982605 
v -0.3007041811943054 4.60729455947876 3.21907114982605 
v -0.3007041811943054 4.838784694671631 3.21907114982605 
v -0.3007041811943054 4.838784694671631 3.183245897293091 
v -0.2350475937128067 4.936931133270264 3.21907114982605 
v -0.2350475937128067 4.936931133270264 3.183245897293091 
v -0.1369011551141739 5.002587795257568 3.21907114982605 
v -0.1369011551141739 5.002587795257568 3.183245897293091 
v -0.02115604467689991 5.025601387023926 3.21907114982605 
v -0.02115604467689991 5.025601387023926 3.183245897293091 
v -0.2350475937128067 4.509148120880127 3.183245897293091 
v -0.2350475937128067 4.509148120880127 3.21907114982605 
v -0.1369011551141739 4.443491458892822 3.183245897293091 
v -0.1369011551141739 4.443491458892822 3.21907114982605 
v -0.02115604467689991 4.420477867126465 3.183245897293091 
v -0.02115604467689991 4.420477867126465 3.21907114982605 
v 0.19273550808429718 4.509148120880127 3.21907114982605 
v 0.09458906948566437 4.443491458892822 3.21907114982605 
v 0.2583920955657959 4.60729455947876 3.21907114982605 
v 0.2814057469367981 4.723039627075195 3.21907114982605 
v 0.2583920955657959 4.838784694671631 3.21907114982605 
v -0.3007041811943054 4.60729455947876 3.21907114982605 
v -0.1369011551141739 5.002587795257568 3.21907114982605 
v -0.3237178325653076 4.723039627075195 3.21907114982605 
v -0.3007041811943054 4.838784694671631 3.21907114982605 
v -0.2350475937128067 4.936931133270264 3.21907114982605 
v -0.02115604467689991 4.420477867126465 3.21907114982605 
v -0.1369011551141739 4.443491458892822 3.21907114982605 
v -0.2350475937128067 4.509148120880127 3.21907114982605 
v -0.02115604467689991 5.025601387023926 3.21907114982605 
v 0.09458906948566437 5.002587795257568 3.21907114982605 
v 0.19273550808429718 4.936931133270264 3.21907114982605 
v -0.02115604467689991 5.080766677856445 3.183245897293091 
v -0.02115604467689991 5.080766677856445 3.2668378353118896 
v -0.15788419544696808 5.053691864013672 3.183245897293091 
v -0.15788419544696808 5.053691864013672 3.2668378353118896 
v -0.2739677429199219 4.975851535797119 3.183245897293091 
v -0.2739677429199219 4.975851535797119 3.2668378353118896 
v -0.35146957635879517 4.859767913818359 3.183245897293091 
v -0.35146957635879517 4.859767913818359 3.2668378353118896 
v -0.37888288497924805 4.723039627075195 3.183245897293091 
v -0.37888288497924805 4.723039627075195 3.2668378353118896 
v -0.35146957635879517 4.585973262786865 3.183245897293091 
v -0.35146957635879517 4.585973262786865 3.2668378353118896 
v -0.2739677429199219 4.4698896408081055 3.183245897293091 
v -0.2739677429199219 4.4698896408081055 3.2668378353118896 
v -0.15788419544696808 4.392387866973877 3.183245897293091 
v -0.15788419544696808 4.392387866973877 3.2668378353118896 
v -0.02115604467689991 4.3653130531311035 3.183245897293091 
v -0.02115604467689991 4.3653130531311035 3.2668378353118896 
v -0.02115604467689991 4.3653130531311035 3.183245897293091 
v -0.02115604467689991 4.3653130531311035 3.2668378353118896 
v 0.11591053754091263 4.392387866973877 3.183245897293091 
v 0.11591053754091263 4.392387866973877 3.2668378353118896 
v 0.23199407756328583 4.4698896408081055 3.183245897293091 
v 0.23199407756328583 4.4698896408081055 3.2668378353118896 
v 0.3094959259033203 4.585973262786865 3.183245897293091 
v 0.3094959259033203 4.585973262786865 3.2668378353118896 
v 0.3365707993507385 4.723039627075195 3.183245897293091 
v 0.3365707993507385 4.723039627075195 3.2668378353118896 
v 0.3094959259033203 4.859767913818359 3.183245897293091 
v 0.3094959259033203 4.859767913818359 3.2668378353118896 
v 0.23199407756328583 4.975851535797119 3.183245897293091 
v 0.23199407756328583 4.975851535797119 3.2668378353118896 
v 0.11591053754091263 5.053691864013672 3.183245897293091 
v 0.11591053754091263 5.053691864013672 3.2668378353118896 
v -0.02115604467689991 5.080766677856445 3.183245897293091 
v -0.02115604467689991 5.080766677856445 3.2668378353118896 
v -0.02115604467689991 5.025601387023926 3.183245897293091 
v 0.09458906948566437 5.002587795257568 3.183245897293091 
v -0.02115604467689991 5.080766677856445 3.183245897293091 
v 0.11591053754091263 5.053691864013672 3.183245897293091 
v 0.23199407756328583 4.975851535797119 3.183245897293091 
v 0.19273550808429718 4.936931133270264 3.183245897293091 
v 0.2583920955657959 4.838784694671631 3.183245897293091 
v 0.3094959259033203 4.859767913818359 3.183245897293091 
v 0.2814057469367981 4.723039627075195 3.183245897293091 
v 0.3365707993507385 4.723039627075195 3.183245897293091 
v 0.2583920955657959 4.60729455947876 3.183245897293091 
v 0.3094959259033203 4.585973262786865 3.183245897293091 
v 0.19273550808429718 4.509148120880127 3.183245897293091 
v 0.23199407756328583 4.4698896408081055 3.183245897293091 
v 0.09458906948566437 4.443491458892822 3.183245897293091 
v 0.11591053754091263 4.392387866973877 3.183245897293091 
v -0.02115604467689991 4.3653130531311035 3.183245897293091 
v -0.02115604467689991 4.420477867126465 3.183245897293091 
v -0.02115604467689991 5.025601387023926 3.21907114982605 
v 0.09458906948566437 5.002587795257568 3.21907114982605 
v -0.02115604467689991 5.025601387023926 3.183245897293091 
v 0.09458906948566437 5.002587795257568 3.183245897293091 
v 0.19273550808429718 4.936931133270264 3.21907114982605 
v 0.19273550808429718 4.936931133270264 3.183245897293091 
v 0.2583920955657959 4.838784694671631 3.21907114982605 
v 0.2583920955657959 4.838784694671631 3.183245897293091 
v 0.2814057469367981 4.723039627075195 3.21907114982605 
v 0.2814057469367981 4.723039627075195 3.183245897293091 
v 0.2583920955657959 4.60729455947876 3.21907114982605 
v 0.2583920955657959 4.60729455947876 3.183245897293091 
v 0.19273550808429718 4.509148120880127 3.21907114982605 
v 0.19273550808429718 4.509148120880127 3.183245897293091 
v 0.09458906948566437 4.443491458892822 3.21907114982605 
v 0.09458906948566437 4.443491458892822 3.183245897293091 
v -0.02115604467689991 4.420477867126465 3.21907114982605 
v -0.02115604467689991 4.420477867126465 3.183245897293091 
v -2.713075876235962 4.585973262786865 3.183245897293091 
v -2.7404892444610596 4.723039627075195 3.183245897293091 
v -2.6619720458984375 4.60729455947876 3.183245897293091 
v -2.685324192047119 4.723039627075195 3.183245897293091 
v -2.713075876235962 4.859767913818359 3.183245897293091 
v -2.6619720458984375 4.838784694671631 3.183245897293091 
v -2.6355741024017334 4.975851535797119 3.183245897293091 
v -2.596653938293457 4.936931133270264 3.183245897293091 
v -2.498507499694824 5.002587795257568 3.183245897293091 
v -2.5194904804229736 5.053691864013672 3.183245897293091 
v -2.3824241161346436 5.025601387023926 3.183245897293091 
v -2.3824241161346436 5.080766677856445 3.183245897293091 
v -2.6355741024017334 4.4698896408081055 3.183245897293091 
v -2.596653938293457 4.509148120880127 3.183245897293091 
v -2.498507499694824 4.443491458892822 3.183245897293091 
v -2.5194904804229736 4.392387866973877 3.183245897293091 
v -2.3824241161346436 4.420477867126465 3.183245897293091 
v -2.3824241161346436 4.3653130531311035 3.183245897293091 
v -2.685324192047119 4.723039627075195 3.183245897293091 
v -2.6619720458984375 4.60729455947876 3.183245897293091 
v -2.685324192047119 4.723039627075195 3.21907114982605 
v -2.6619720458984375 4.60729455947876 3.21907114982605 
v -2.6619720458984375 4.838784694671631 3.21907114982605 
v -2.6619720458984375 4.838784694671631 3.183245897293091 
v -2.596653938293457 4.936931133270264 3.21907114982605 
v -2.596653938293457 4.936931133270264 3.183245897293091 
v -2.498507499694824 5.002587795257568 3.21907114982605 
v -2.498507499694824 5.002587795257568 3.183245897293091 
v -2.3824241161346436 5.025601387023926 3.21907114982605 
v -2.3824241161346436 5.025601387023926 3.183245897293091 
v -2.596653938293457 4.509148120880127 3.183245897293091 
v -2.596653938293457 4.509148120880127 3.21907114982605 
v -2.498507499694824 4.443491458892822 3.183245897293091 
v -2.498507499694824 4.443491458892822 3.21907114982605 
v -2.3824241161346436 4.420477867126465 3.183245897293091 
v -2.3824241161346436 4.420477867126465 3.21907114982605 
v -2.168532371520996 4.509148120880127 3.21907114982605 
v -2.266678810119629 4.443491458892822 3.21907114982605 
v -2.1028759479522705 4.60729455947876 3.21907114982605 
v -2.079862117767334 4.723039627075195 3.21907114982605 
v -2.1028759479522705 4.838784694671631 3.21907114982605 
v -2.6619720458984375 4.60729455947876 3.21907114982605 
v -2.498507499694824 5.002587795257568 3.21907114982605 
v -2.685324192047119 4.723039627075195 3.21907114982605 
v -2.6619720458984375 4.838784694671631 3.21907114982605 
v -2.596653938293457 4.936931133270264 3.21907114982605 
v -2.3824241161346436 4.420477867126465 3.21907114982605 
v -2.498507499694824 4.443491458892822 3.21907114982605 
v -2.596653938293457 4.509148120880127 3.21907114982605 
v -2.3824241161346436 5.025601387023926 3.21907114982605 
v -2.266678810119629 5.002587795257568 3.21907114982605 
v -2.168532371520996 4.936931133270264 3.21907114982605 
v -2.3824241161346436 5.080766677856445 3.183245897293091 
v -2.3824241161346436 5.080766677856445 3.2668378353118896 
v -2.5194904804229736 5.053691864013672 3.183245897293091 
v -2.5194904804229736 5.053691864013672 3.2668378353118896 
v -2.6355741024017334 4.975851535797119 3.183245897293091 
v -2.6355741024017334 4.975851535797119 3.2668378353118896 
v -2.713075876235962 4.859767913818359 3.183245897293091 
v -2.713075876235962 4.859767913818359 3.2668378353118896 
v -2.7404892444610596 4.723039627075195 3.183245897293091 
v -2.7404892444610596 4.723039627075195 3.2668378353118896 
v -2.713075876235962 4.585973262786865 3.183245897293091 
v -2.713075876235962 4.585973262786865 3.2668378353118896 
v -2.6355741024017334 4.4698896408081055 3.183245897293091 
v -2.6355741024017334 4.4698896408081055 3.2668378353118896 
v -2.5194904804229736 4.392387866973877 3.183245897293091 
v -2.5194904804229736 4.392387866973877 3.2668378353118896 
v -2.3824241161346436 4.3653130531311035 3.183245897293091 
v -2.3824241161346436 4.3653130531311035 3.2668378353118896 
v -2.3824241161346436 4.3653130531311035 3.183245897293091 
v -2.3824241161346436 4.3653130531311035 3.2668378353118896 
v -2.2456958293914795 4.392387866973877 3.183245897293091 
v -2.2456958293914795 4.392387866973877 3.2668378353118896 
v -2.1296122074127197 4.4698896408081055 3.183245897293091 
v -2.1296122074127197 4.4698896408081055 3.2668378353118896 
v -2.052110433578491 4.585973262786865 3.183245897293091 
v -2.052110433578491 4.585973262786865 3.2668378353118896 
v -2.0246970653533936 4.723039627075195 3.183245897293091 
v -2.0246970653533936 4.723039627075195 3.2668378353118896 
v -2.052110433578491 4.859767913818359 3.183245897293091 
v -2.052110433578491 4.859767913818359 3.2668378353118896 
v -2.1296122074127197 4.975851535797119 3.183245897293091 
v -2.1296122074127197 4.975851535797119 3.2668378353118896 
v -2.2456958293914795 5.053691864013672 3.183245897293091 
v -2.2456958293914795 5.053691864013672 3.2668378353118896 
v -2.3824241161346436 5.080766677856445 3.183245897293091 
v -2.3824241161346436 5.080766677856445 3.2668378353118896 
v -2.3824241161346436 5.025601387023926 3.183245897293091 
v -2.266678810119629 5.002587795257568 3.183245897293091 
v -2.3824241161346436 5.080766677856445 3.183245897293091 
v -2.2456958293914795 5.053691864013672 3.183245897293091 
v -2.1296122074127197 4.975851535797119 3.183245897293091 
v -2.168532371520996 4.936931133270264 3.183245897293091 
v -2.1028759479522705 4.838784694671631 3.183245897293091 
v -2.052110433578491 4.859767913818359 3.183245897293091 
v -2.079862117767334 4.723039627075195 3.183245897293091 
v -2.0246970653533936 4.723039627075195 3.183245897293091 
v -2.1028759479522705 4.60729455947876 3.183245897293091 
v -2.052110433578491 4.585973262786865 3.183245897293091 
v -2.168532371520996 4.509148120880127 3.183245897293091 
v -2.1296122074127197 4.4698896408081055 3.183245897293091 
v -2.266678810119629 4.443491458892822 3.183245897293091 
v -2.2456958293914795 4.392387866973877 3.183245897293091 
v -2.3824241161346436 4.3653130531311035 3.183245897293091 
v -2.3824241161346436 4.420477867126465 3.183245897293091 
v -2.3824241161346436 5.025601387023926 3.21907114982605 
v -2.266678810119629 5.002587795257568 3.21907114982605 
v -2.3824241161346436 5.025601387023926 3.183245897293091 
v -2.266678810119629 5.002587795257568 3.183245897293091 
v -2.168532371520996 4.936931133270264 3.21907114982605 
v -2.168532371520996 4.936931133270264 3.183245897293091 
v -2.1028759479522705 4.838784694671631 3.21907114982605 
v -2.1028759479522705 4.838784694671631 3.183245897293091 
v -2.079862117767334 4.723039627075195 3.21907114982605 
v -2.079862117767334 4.723039627075195 3.183245897293091 
v -2.1028759479522705 4.60729455947876 3.21907114982605 
v -2.1028759479522705 4.60729455947876 3.183245897293091 
v -2.168532371520996 4.509148120880127 3.21907114982605 
v -2.168532371520996 4.509148120880127 3.183245897293091 
v -2.266678810119629 4.443491458892822 3.21907114982605 
v -2.266678810119629 4.443491458892822 3.183245897293091 
v -2.3824241161346436 4.420477867126465 3.21907114982605 
v -2.3824241161346436 4.420477867126465 3.183245897293091 
vn 0.999997615814209 0 0.002184694167226553 
vn 0.999997615814209 0 0.002184694167226553 
vn 0.999997615814209 0 0.002184694167226553 
vn 0.999997615814209 0 0.002184694167226553 
vn 0 0 1 
vn 0 0 1 
vn 0 0 1 
vn 0 0 1 
vn 0 0 1 
vn 0 0 1 
vn 0 0 1 
vn 0 0 1 
vn -2.0682311115474694e-13 0 -1 
vn -2.0682311115474694e-13 0 -1 
vn -2.0682311115474694e-13 0 -1 
vn -2.0682311115474694e-13 0 -1 
vn -0.999997615814209 -2.0682260971124217e-13 0.002184694167226553 
vn -0.999997615814209 -2.0682260971124217e-13 0.002184694167226553 
vn -0.999997615814209 -2.0682260971124217e-13 0.002184694167226553 
vn -0.999997615814209 -2.0682260971124217e-13 0.002184694167226553 
vn -1.0341130485562108e-13 0.999997615814209 0.002184694167226553 
vn -1.0341130485562108e-13 0.999997615814209 0.002184694167226553 
vn -1.0341130485562108e-13 0.999997615814209 0.002184694167226553 
vn -1.0341130485562108e-13 0.999997615814209 0.002184694167226553 
vn 3.097898456858039e-13 -0.999997615814209 0.002184694167226553 
vn 3.097898456858039e-13 -0.999997615814209 0.002184694167226553 
vn 3.097898456858039e-13 -0.999997615814209 0.002184694167226553 
vn 3.097898456858039e-13 -0.999997615814209 0.002184694167226553 
vn 0.999997615814209 0 0.002184694167226553 
vn 0.999997615814209 0 0.002184694167226553 
vn 0.999997615814209 0 0.002184694167226553 
vn 0.999997615814209 0 0.002184694167226553 
vn -2.0682311115474694e-13 0 -1 
vn -2.0682311115474694e-13 0 -1 
vn -2.0682311115474694e-13 0 -1 
vn -2.0682311115474694e-13 0 -1 
vn -2.0682311115474694e-13 0 -1 
vn -2.0682311115474694e-13 0 -1 
vn -2.0682311115474694e-13 0 -1 
vn -2.0682311115474694e-13 0 -1 
vn -2.0682311115474694e-13 0 -1 
vn -2.0682311115474694e-13 0 -1 
vn -2.0682311115474694e-13 0 -1 
vn -2.0682311115474694e-13 0 -1 
vn 0 0 1 
vn 0 0 1 
vn 0 0 1 
vn 0 0 1 
vn -0.999997615814209 -2.0682260971124217e-13 0.002184694167226553 
vn -0.999997615814209 -2.0682260971124217e-13 0.002184694167226553 
vn -0.999997615814209 -2.0682260971124217e-13 0.002184694167226553 
vn -0.999997615814209 -2.0682260971124217e-13 0.002184694167226553 
vn -1.0341130485562108e-13 0.999997615814209 0.002184694167226553 
vn -1.0341130485562108e-13 0.999997615814209 0.002184694167226553 
vn -1.0341130485562108e-13 0.999997615814209 0.002184694167226553 
vn -1.0341130485562108e-13 0.999997615814209 0.002184694167226553 
vn 3.097898456858039e-13 -0.999997615814209 0.002184694167226553 
vn 3.097898456858039e-13 -0.999997615814209 0.002184694167226553 
vn 3.097898456858039e-13 -0.999997615814209 0.002184694167226553 
vn 3.097898456858039e-13 -0.999997615814209 0.002184694167226553 
vn -0.999997615814209 -2.0682260971124217e-13 0.002184694167226553 
vn -0.999997615814209 -2.0682260971124217e-13 0.002184694167226553 
vn -0.999997615814209 -2.0682260971124217e-13 0.002184694167226553 
vn -0.999997615814209 -2.0682260971124217e-13 0.002184694167226553 
vn 0.999997615814209 0 0.002184694167226553 
vn 0.999997615814209 0 0.002184694167226553 
vn 0.999997615814209 0 0.002184694167226553 
vn 0.999997615814209 0 0.002184694167226553 
vn 3.097898456858039e-13 -0.999997615814209 0.002184694167226553 
vn 3.097898456858039e-13 -0.999997615814209 0.002184694167226553 
vn 3.097898456858039e-13 -0.999997615814209 0.002184694167226553 
vn 3.097898456858039e-13 -0.999997615814209 0.002184694167226553 
vn -1.0341130485562108e-13 0.999997615814209 0.002184694167226553 
vn -1.0341130485562108e-13 0.999997615814209 0.002184694167226553 
vn -1.0341130485562108e-13 0.999997615814209 0.002184694167226553 
vn -1.0341130485562108e-13 0.999997615814209 0.002184694167226553 
vn -2.0682311115474694e-13 0 -1 
vn -2.0682311115474694e-13 0 -1 
vn -2.0682311115474694e-13 0 -1 
vn -2.0682311115474694e-13 0 -1 
vn -2.0682311115474694e-13 0 -1 
vn -2.0682311115474694e-13 0 -1 
vn -2.0682311115474694e-13 0 -1 
vn -2.0682311115474694e-13 0 -1 
vn -2.0682311115474694e-13 0 -1 
vn -2.0682311115474694e-13 0 -1 
vn -2.0682311115474694e-13 0 -1 
vn -2.0682311115474694e-13 0 -1 
vn -2.0682311115474694e-13 0 -1 
vn -2.0682311115474694e-13 0 -1 
vn -2.0682311115474694e-13 0 -1 
vn -2.0682311115474694e-13 0 -1 
vn -0.8836450576782227 0.0037769656628370285 -0.46814218163490295 
vn -0.8836450576782227 0.0037769656628370285 -0.46814218163490295 
vn -0.8836450576782227 0.0037769656628370285 -0.46814218163490295 
vn -0.8836450576782227 0.0037769656628370285 -0.46814218163490295 
vn 0.8836531639099121 0 -0.46814218163490295 
vn 0.8836531639099121 0 -0.46814218163490295 
vn 0.8836531639099121 0 -0.46814218163490295 
vn 0.8836531639099121 0 -0.46814218163490295 
vn -0.0018884871387854218 -0.8836511373519897 -0.46814218163490295 
vn -0.0018884871387854218 -0.8836511373519897 -0.46814218163490295 
vn -0.0018884871387854218 -0.8836511373519897 -0.46814218163490295 
vn -0.0018884871387854218 -0.8836511373519897 -0.46814218163490295 
vn -0.0018884871387854218 0.8836511373519897 -0.46814218163490295 
vn -0.0018884871387854218 0.8836511373519897 -0.46814218163490295 
vn -0.0018884871387854218 0.8836511373519897 -0.46814218163490295 
vn -0.0018884871387854218 0.8836511373519897 -0.46814218163490295 
vn 0.7071051001548767 -0.7071051001548767 0.002184694167226553 
vn 0.38268253207206726 -0.9238772988319397 0.002184694167226553 
vn 0.7019851803779602 -0.7059869766235352 0.09380380809307098 
vn 0.3755967617034912 -0.9215709567070007 0.0981530249118805 
vn 0.0980169028043747 -0.9951823353767395 0.002184694167226553 
vn 0.09801355004310608 -0.9903329610824585 0.0981530249118805 
vn -0.0980169028043747 -0.9951823353767395 0.002184694167226553 
vn -0.09801355004310608 -0.9903329610824585 0.0981530249118805 
vn -0.38268253207206726 -0.9238772988319397 0.002184694167226553 
vn -0.3755967617034912 -0.9215709567070007 0.0981530249118805 
vn -0.7071051001548767 -0.7071051001548767 0.002184694167226553 
vn -0.7046555876731873 -0.703321635723114 0.09380380809307098 
vn 0.7071051001548767 0.7071051001548767 0.002184694167226553 
vn 0.7019851803779602 0.7059869766235352 0.09380380809307098 
vn 0.9238772988319397 0.38268253207206726 0.002184694167226553 
vn 0.9215709567070007 0.3755967617034912 0.0981530249118805 
vn 0.9951823353767395 0.0980169028043747 0.002184694167226553 
vn 0.9903329610824585 0.09801355004310608 0.0981530249118805 
vn 0.9951823353767395 -0.0980169028043747 0.002184694167226553 
vn 0.9903329610824585 -0.09801355004310608 0.0981530249118805 
vn 0.9238772988319397 -0.38268253207206726 0.002184694167226553 
vn 0.9215709567070007 -0.3755967617034912 0.0981530249118805 
vn 0.7071051001548767 -0.7071051001548767 0.002184694167226553 
vn 0.7019851803779602 -0.7059869766235352 0.09380380809307098 
vn 0.09679239988327026 0.09416110068559647 0.990840494632721 
vn -0.09679239988327026 0.09416110068559647 0.990840494632721 
vn 0.09679239988327026 -0.09416110068559647 0.990840494632721 
vn -0.09679239988327026 -0.09416110068559647 0.990840494632721 
vn 0.09489385783672333 -0.379562646150589 0.9202865362167358 
vn -0.09853599965572357 -0.3786334693431854 0.9202865362167358 
vn -0.37815576791763306 -0.1003536805510521 0.9202865362167358 
vn -0.37815576791763306 0.1003536805510521 0.9202865362167358 
vn -0.09853599965572357 0.3786334693431854 0.9202865362167358 
vn 0.09489385783672333 0.379562646150589 0.9202865362167358 
vn 0.3791024386882782 0.09671604633331299 0.9202865362167358 
vn 0.3791024386882782 -0.09671604633331299 0.9202865362167358 
vn 0.3672481179237366 -0.37257903814315796 0.8522403836250305 
vn 0.09030436724424362 -0.7051997780799866 0.7032341957092285 
vn 0.3276197612285614 -0.6678982973098755 0.6682642698287964 
vn 0.3704332411289215 -0.852411150932312 0.3690181374549866 
vn 0.5786608457565308 -0.5773276686668396 0.5760593414306641 
vn -0.09030436724424362 -0.7051997780799866 0.7032341957092285 
vn -0.3672481179237366 -0.37257903814315796 0.8522403836250305 
vn -0.7051997780799866 -0.09030436724424362 0.7032341957092285 
vn 0.09605962783098221 -0.9211669564247131 0.37712597846984863 
vn -0.6678982973098755 -0.3276197612285614 0.6682642698287964 
vn -0.5759913921356201 -0.5799909830093384 0.5760593414306641 
vn -0.3276197612285614 -0.6678982973098755 0.6682642698287964 
vn -0.3704332411289215 -0.852411150932312 0.3690181374549866 
vn -0.09981229156255722 -0.9207679033279419 0.37712597846984863 
vn 0.09801355004310608 -0.9903329610824585 0.0981530249118805 
vn -0.09801355004310608 -0.9903329610824585 0.0981530249118805 
vn -0.3755967617034912 -0.9215709567070007 0.0981530249118805 
vn -0.7046555876731873 -0.703321635723114 0.09380380809307098 
vn -0.6673042178153992 -0.6686373949050903 0.3280687630176544 
vn -0.8509005904197693 -0.3738900423049927 0.3690181374549866 
vn -0.9213607311248779 -0.09418268501758575 0.37712597846984863 
vn -0.9215709567070007 -0.3755967617034912 0.0981530249118805 
vn -0.9903329610824585 -0.09801355004310608 0.0981530249118805 
vn -0.9213607311248779 0.09418268501758575 0.37712597846984863 
vn -0.9903329610824585 0.09801355004310608 0.0981530249118805 
vn -0.9215709567070007 0.3755967617034912 0.0981530249118805 
vn -0.8509005904197693 0.3738900423049927 0.3690181374549866 
vn -0.7046555876731873 0.703321635723114 0.09380380809307098 
vn -0.7051997780799866 0.09030436724424362 0.7032341957092285 
vn -0.3672481179237366 0.37257903814315796 0.8522403836250305 
vn -0.6678982973098755 0.3276197612285614 0.6682642698287964 
vn -0.5759913921356201 0.5799909830093384 0.5760593414306641 
vn -0.6673042178153992 0.6686373949050903 0.3280687630176544 
vn -0.3704332411289215 0.852411150932312 0.3690181374549866 
vn -0.3755967617034912 0.9215709567070007 0.0981530249118805 
vn -0.3276197612285614 0.6678982973098755 0.6682642698287964 
vn -0.09030436724424362 0.7051997780799866 0.7032341957092285 
vn -0.09981229156255722 0.9207679033279419 0.37712597846984863 
vn 0.09030436724424362 0.7051997780799866 0.7032341957092285 
vn -0.09801355004310608 0.9903329610824585 0.0981530249118805 
vn 0.09605962783098221 0.9211669564247131 0.37712597846984863 
vn 0.09801355004310608 0.9903329610824585 0.0981530249118805 
vn 0.3755967617034912 0.9215709567070007 0.0981530249118805 
vn 0.3704332411289215 0.852411150932312 0.3690181374549866 
vn 0.7019851803779602 0.7059869766235352 0.09380380809307098 
vn 0.6699679493904114 0.6659682989120483 0.3280687630176544 
vn 0.8509005904197693 0.3738900423049927 0.3690181374549866 
vn 0.5786608457565308 0.5773276686668396 0.5760593414306641 
vn 0.3276197612285614 0.6678982973098755 0.6682642698287964 
vn 0.3672481179237366 0.37257903814315796 0.8522403836250305 
vn 0.7051997780799866 0.09030436724424362 0.7032341957092285 
vn 0.9215709567070007 0.3755967617034912 0.0981530249118805 
vn 0.9209693074226379 0.09793616086244583 0.37712597846984863 
vn 0.9903329610824585 0.09801355004310608 0.0981530249118805 
vn 0.9209693074226379 -0.09793616086244583 0.37712597846984863 
vn 0.9903329610824585 -0.09801355004310608 0.0981530249118805 
vn 0.9215709567070007 -0.3755967617034912 0.0981530249118805 
vn 0.8509005904197693 -0.3738900423049927 0.3690181374549866 
vn 0.7019851803779602 -0.7059869766235352 0.09380380809307098 
vn 0.6678982973098755 0.3276197612285614 0.6682642698287964 
vn 0.7051997780799866 -0.09030436724424362 0.7032341957092285 
vn 0.6678982973098755 -0.3276197612285614 0.6682642698287964 
vn 0.3755967617034912 -0.9215709567070007 0.0981530249118805 
vn 0.6699679493904114 -0.6659682989120483 0.3280687630176544 
vn -0.7071051001548767 -0.7071051001548767 0.002184694167226553 
vn -0.9238772988319397 -0.38268253207206726 0.002184694167226553 
vn -0.7046555876731873 -0.703321635723114 0.09380380809307098 
vn -0.9215709567070007 -0.3755967617034912 0.0981530249118805 
vn -0.9951823353767395 -0.0980169028043747 0.002184694167226553 
vn -0.9903329610824585 -0.09801355004310608 0.0981530249118805 
vn -0.9951823353767395 0.0980169028043747 0.002184694167226553 
vn -0.9903329610824585 0.09801355004310608 0.0981530249118805 
vn -0.9238772988319397 0.38268253207206726 0.002184694167226553 
vn -0.9215709567070007 0.3755967617034912 0.0981530249118805 
vn -0.7071051001548767 0.7071051001548767 0.002184694167226553 
vn -0.7046555876731873 0.703321635723114 0.09380380809307098 
vn -0.7071051001548767 0.7071051001548767 0.002184694167226553 
vn -0.7046555876731873 0.703321635723114 0.09380380809307098 
vn -0.38268253207206726 0.9238772988319397 0.002184694167226553 
vn -0.3755967617034912 0.9215709567070007 0.0981530249118805 
vn -0.0980169028043747 0.9951823353767395 0.002184694167226553 
vn -0.09801355004310608 0.9903329610824585 0.0981530249118805 
vn 0.0980169028043747 0.9951823353767395 0.002184694167226553 
vn 0.09801355004310608 0.9903329610824585 0.0981530249118805 
vn 0.38268253207206726 0.9238772988319397 0.002184694167226553 
vn 0.3755967617034912 0.9215709567070007 0.0981530249118805 
vn 0.7071051001548767 0.7071051001548767 0.002184694167226553 
vn 0.7019851803779602 0.7059869766235352 0.09380380809307098 
vn -2.0682311115474694e-13 0 -1 
vn -2.0682311115474694e-13 0 -1 
vn -2.0682311115474694e-13 0 -1 
vn -2.0682311115474694e-13 0 -1 
vn -2.0682311115474694e-13 0 -1 
vn -2.0682311115474694e-13 0 -1 
vn -2.0682311115474694e-13 0 -1 
vn -2.0682311115474694e-13 0 -1 
vn -2.0682311115474694e-13 0 -1 
vn -2.0682311115474694e-13 0 -1 
vn -2.0682311115474694e-13 0 -1 
vn -2.0682311115474694e-13 0 -1 
vn 2.0682311115474694e-13 4.2775797696334704e-26 -1 
vn -2.0682311115474694e-13 0 -1 
vn -2.0682311115474694e-13 0 -1 
vn -2.0682311115474694e-13 0 -1 
vn -2.0682311115474694e-13 0 -1 
vn -2.0682311115474694e-13 0 -1 
vn -2.0682311115474694e-13 0 -1 
vn -2.0682311115474694e-13 0 -1 
vn -2.0682311115474694e-13 0 -1 
vn -2.0682311115474694e-13 0 -1 
vn -2.0682311115474694e-13 0 -1 
vn -2.0682311115474694e-13 0 -1 
vn -2.0682311115474694e-13 0 -1 
vn -2.0682311115474694e-13 0 -1 
vn -2.0682311115474694e-13 0 -1 
vn -2.0682311115474694e-13 0 -1 
vn -2.0682311115474694e-13 0 -1 
vn -2.0682311115474694e-13 0 -1 
vn -2.0682311115474694e-13 0 -1 
vn -2.0682311115474694e-13 0 -1 
vn 0.999997615814209 0 0.002184694167226553 
vn 0.999997615814209 0 0.002184694167226553 
vn 0.999997615814209 0 0.002184694167226553 
vn 0.999997615814209 0 0.002184694167226553 
vn 3.097898456858039e-13 -0.999997615814209 0.002184694167226553 
vn 3.097898456858039e-13 -0.999997615814209 0.002184694167226553 
vn 3.097898456858039e-13 -0.999997615814209 0.002184694167226553 
vn 3.097898456858039e-13 -0.999997615814209 0.002184694167226553 
vn -1.0341130485562108e-13 0.999997615814209 0.002184694167226553 
vn -1.0341130485562108e-13 0.999997615814209 0.002184694167226553 
vn -1.0341130485562108e-13 0.999997615814209 0.002184694167226553 
vn -1.0341130485562108e-13 0.999997615814209 0.002184694167226553 
vn -0.999997615814209 -2.0682260971124217e-13 0.002184694167226553 
vn -0.999997615814209 -2.0682260971124217e-13 0.002184694167226553 
vn -0.999997615814209 -2.0682260971124217e-13 0.002184694167226553 
vn -0.999997615814209 -2.0682260971124217e-13 0.002184694167226553 
vn 0.999997615814209 0 0.002184694167226553 
vn 0.999997615814209 0 0.002184694167226553 
vn 0.999997615814209 0 0.002184694167226553 
vn 0.999997615814209 0 0.002184694167226553 
vn -1.0341130485562108e-13 0.999997615814209 0.002184694167226553 
vn -1.0341130485562108e-13 0.999997615814209 0.002184694167226553 
vn -1.0341130485562108e-13 0.999997615814209 0.002184694167226553 
vn -1.0341130485562108e-13 0.999997615814209 0.002184694167226553 
vn -1.0341130485562108e-13 0.999997615814209 0.002184694167226553 
vn -1.0341130485562108e-13 0.999997615814209 0.002184694167226553 
vn -1.0341130485562108e-13 0.999997615814209 0.002184694167226553 
vn -1.0341130485562108e-13 0.999997615814209 0.002184694167226553 
vn -0.999997615814209 -2.0682260971124217e-13 0.002184694167226553 
vn -0.999997615814209 -2.0682260971124217e-13 0.002184694167226553 
vn -0.999997615814209 -2.0682260971124217e-13 0.002184694167226553 
vn -0.999997615814209 -2.0682260971124217e-13 0.002184694167226553 
vn 3.097898456858039e-13 -0.999997615814209 0.002184694167226553 
vn 3.097898456858039e-13 -0.999997615814209 0.002184694167226553 
vn 3.097898456858039e-13 -0.999997615814209 0.002184694167226553 
vn 3.097898456858039e-13 -0.999997615814209 0.002184694167226553 
vn 3.097898456858039e-13 -0.999997615814209 0.002184694167226553 
vn 3.097898456858039e-13 -0.999997615814209 0.002184694167226553 
vn 3.097898456858039e-13 -0.999997615814209 0.002184694167226553 
vn 3.097898456858039e-13 -0.999997615814209 0.002184694167226553 
vn -2.0682311115474694e-13 0 -1 
vn -2.0682311115474694e-13 0 -1 
vn -2.0682311115474694e-13 0 -1 
vn -2.0682311115474694e-13 0 -1 
vn -2.0682311115474694e-13 0 -1 
vn -2.0682311115474694e-13 0 -1 
vn -2.0682311115474694e-13 0 -1 
vn -2.0682311115474694e-13 0 -1 
vn -2.0682311115474694e-13 0 -1 
vn -2.0682311115474694e-13 0 -1 
vn -2.0682311115474694e-13 0 -1 
vn -2.0682311115474694e-13 0 -1 
vn -2.0682311115474694e-13 0 -1 
vn -2.0682311115474694e-13 0 -1 
vn -2.0682311115474694e-13 0 -1 
vn -2.0682311115474694e-13 0 -1 
vn -2.0682311115474694e-13 0 -1 
vn -2.0682311115474694e-13 0 -1 
vn -2.0682311115474694e-13 0 -1 
vn -2.0682311115474694e-13 0 -1 
vn -2.0682311115474694e-13 0 -1 
vn -2.0682311115474694e-13 0 -1 
vn -2.0682311115474694e-13 0 -1 
vn -2.0682311115474694e-13 0 -1 
vn -2.0682311115474694e-13 0 -1 
vn -2.0682311115474694e-13 0 -1 
vn -2.0682311115474694e-13 0 -1 
vn -2.0682311115474694e-13 0 -1 
vn -0.999997615814209 -2.0682260971124217e-13 0.002184694167226553 
vn -0.999997615814209 -2.0682260971124217e-13 0.002184694167226553 
vn -0.999997615814209 -2.0682260971124217e-13 0.002184694167226553 
vn -0.999997615814209 -2.0682260971124217e-13 0.002184694167226553 
vn -1.0341130485562108e-13 0.999997615814209 0.002184694167226553 
vn -1.0341130485562108e-13 0.999997615814209 0.002184694167226553 
vn -1.0341130485562108e-13 0.999997615814209 0.002184694167226553 
vn -1.0341130485562108e-13 0.999997615814209 0.002184694167226553 
vn -1.0341130485562108e-13 0.999997615814209 0.002184694167226553 
vn -1.0341130485562108e-13 0.999997615814209 0.002184694167226553 
vn -1.0341130485562108e-13 0.999997615814209 0.002184694167226553 
vn -1.0341130485562108e-13 0.999997615814209 0.002184694167226553 
vn 3.097898456858039e-13 -0.999997615814209 0.002184694167226553 
vn 3.097898456858039e-13 -0.999997615814209 0.002184694167226553 
vn 3.097898456858039e-13 -0.999997615814209 0.002184694167226553 
vn 3.097898456858039e-13 -0.999997615814209 0.002184694167226553 
vn 3.097898456858039e-13 -0.999997615814209 0.002184694167226553 
vn 3.097898456858039e-13 -0.999997615814209 0.002184694167226553 
vn 3.097898456858039e-13 -0.999997615814209 0.002184694167226553 
vn 3.097898456858039e-13 -0.999997615814209 0.002184694167226553 
vn 3.097898456858039e-13 -0.999997615814209 0.002184694167226553 
vn 3.097898456858039e-13 -0.999997615814209 0.002184694167226553 
vn 3.097898456858039e-13 -0.999997615814209 0.002184694167226553 
vn 3.097898456858039e-13 -0.999997615814209 0.002184694167226553 
vn -2.0682311115474694e-13 0 -1 
vn -2.0682311115474694e-13 0 -1 
vn -2.0682311115474694e-13 0 -1 
vn -2.0682311115474694e-13 0 -1 
vn -2.0682311115474694e-13 0 -1 
vn -2.0682311115474694e-13 0 -1 
vn -2.0682311115474694e-13 0 -1 
vn -2.0682311115474694e-13 0 -1 
vn -2.0682311115474694e-13 0 -1 
vn -2.0682311115474694e-13 0 -1 
vn -2.0682311115474694e-13 0 -1 
vn -2.0682311115474694e-13 0 -1 
vn -2.0682311115474694e-13 0 -1 
vn -2.0682311115474694e-13 0 -1 
vn -2.0682311115474694e-13 0 -1 
vn -2.0682311115474694e-13 0 -1 
vn 3.097898456858039e-13 -0.999997615814209 0.002184694167226553 
vn 3.097898456858039e-13 -0.999997615814209 0.002184694167226553 
vn 3.097898456858039e-13 -0.999997615814209 0.002184694167226553 
vn 3.097898456858039e-13 -0.999997615814209 0.002184694167226553 
vn 3.0978390967890956e-13 -0.9999785423278809 0.006554040592163801 
vn 3.097898456858039e-13 -0.999997615814209 0.002184694167226553 
vn 3.0978390967890956e-13 -0.9999785423278809 0.006554040592163801 
vn 3.097898456858039e-13 -0.999997615814209 0.002184694167226553 
vn -1.0341130485562108e-13 0.999997615814209 0.002184694167226553 
vn -1.0341130485562108e-13 0.999997615814209 0.002184694167226553 
vn -1.0341130485562108e-13 0.999997615814209 0.002184694167226553 
vn -1.0341130485562108e-13 0.999997615814209 0.002184694167226553 
vn -1.0341130485562108e-13 0.999997615814209 0.002184694167226553 
vn -1.0341130485562108e-13 0.999997615814209 0.002184694167226553 
vn -1.0341130485562108e-13 0.999997615814209 0.002184694167226553 
vn -1.0341130485562108e-13 0.999997615814209 0.002184694167226553 
vn -0.999997615814209 -2.0682260971124217e-13 0.002184694167226553 
vn -0.999997615814209 -2.0682260971124217e-13 0.002184694167226553 
vn -0.999997615814209 -2.0682260971124217e-13 0.002184694167226553 
vn -0.999997615814209 -2.0682260971124217e-13 0.002184694167226553 
vn -2.0682311115474694e-13 0 -1 
vn -2.0682311115474694e-13 0 -1 
vn -2.0682311115474694e-13 0 -1 
vn -2.0682311115474694e-13 0 -1 
vn 0.999997615814209 0 0.002184694167226553 
vn 0.999997615814209 0 0.002184694167226553 
vn 0.999997615814209 0 0.002184694167226553 
vn 0.999997615814209 0 0.002184694167226553 
vn 0.999997615814209 0 0.002184694167226553 
vn 0.999997615814209 0 0.002184694167226553 
vn 0.999997615814209 0 0.002184694167226553 
vn 0.999997615814209 0 0.002184694167226553 
vn -2.0682311115474694e-13 0 -1 
vn -2.0682311115474694e-13 0 -1 
vn -2.0682311115474694e-13 0 -1 
vn -2.0682311115474694e-13 0 -1 
vn -0.999997615814209 -2.0682260971124217e-13 0.002184694167226553 
vn -0.999997615814209 -2.0682260971124217e-13 0.002184694167226553 
vn -0.999997615814209 -2.0682260971124217e-13 0.002184694167226553 
vn -0.999997615814209 -2.0682260971124217e-13 0.002184694167226553 
vn -0.999997615814209 -2.0682260971124217e-13 0.002184694167226553 
vn -0.999997615814209 -2.0682260971124217e-13 0.002184694167226553 
vn -0.999997615814209 -2.0682260971124217e-13 0.002184694167226553 
vn -0.999997615814209 -2.0682260971124217e-13 0.002184694167226553 
vn 2.0682311115474694e-13 4.2775797696334704e-26 -1 
vn -2.0682311115474694e-13 0 -1 
vn 2.0682311115474694e-13 4.2775797696334704e-26 -1 
vn -2.0682311115474694e-13 0 -1 
vn -2.0682311115474694e-13 0 -1 
vn -2.0682311115474694e-13 0 -1 
vn -2.0682311115474694e-13 0 -1 
vn -2.0682311115474694e-13 0 -1 
vn -2.0682311115474694e-13 0 -1 
vn 2.0682311115474694e-13 4.2775797696334704e-26 -1 
vn -2.0682311115474694e-13 0 -1 
vn 2.0682311115474694e-13 4.2775797696334704e-26 -1 
vn 0.999997615814209 0 0.002184694167226553 
vn 0.999997615814209 0 0.002184694167226553 
vn 0.999997615814209 0 0.002184694167226553 
vn 0.999997615814209 0 0.002184694167226553 
vn 0.999997615814209 0 0.002184694167226553 
vn 0.999997615814209 0 0.002184694167226553 
vn 0.999997615814209 0 0.002184694167226553 
vn 0.999997615814209 0 0.002184694167226553 
vn -0.999997615814209 -2.0682260971124217e-13 0.002184694167226553 
vn -0.999997615814209 -2.0682260971124217e-13 0.002184694167226553 
vn -0.999997615814209 -2.0682260971124217e-13 0.002184694167226553 
vn -0.999997615814209 -2.0682260971124217e-13 0.002184694167226553 
vn -0.999997615814209 -2.0682260971124217e-13 0.002184694167226553 
vn -0.999997615814209 -2.0682260971124217e-13 0.002184694167226553 
vn -0.999997615814209 -2.0682260971124217e-13 0.002184694167226553 
vn -0.999997615814209 -2.0682260971124217e-13 0.002184694167226553 
vn 0.004369377624243498 0 -0.9999904632568359 
vn -0.002184688812121749 -0.0037839922588318586 -0.9999904632568359 
vn 0.004369377624243498 0 -0.9999904632568359 
vn 2.0682311115474694e-13 4.2775797696334704e-26 -1 
vn -0.002184688812121749 -0.0037839922588318586 -0.9999904632568359 
vn -2.0682311115474694e-13 0 -1 
vn 2.0682311115474694e-13 4.2775797696334704e-26 -1 
vn -2.0682311115474694e-13 0 -1 
vn -2.0682311115474694e-13 0 -1 
vn 0.004369377624243498 0 -0.9999904632568359 
vn -2.0682311115474694e-13 0 -1 
vn 0.004369377624243498 0 -0.9999904632568359 
vn -2.0682311115474694e-13 0 -1 
vn -2.0682311115474694e-13 0 -1 
vn -2.0682311115474694e-13 0 -1 
vn -2.0682311115474694e-13 0 -1 
vn -2.0682311115474694e-13 0 -1 
vn -2.0682311115474694e-13 0 -1 
vn -2.0682311115474694e-13 0 -1 
vn -2.0682311115474694e-13 0 -1 
vn -2.0682311115474694e-13 0 -1 
vn -2.0682311115474694e-13 0 -1 
vn -2.0682311115474694e-13 0 -1 
vn -2.0682311115474694e-13 0 -1 
vn -0.999997615814209 -2.0682260971124217e-13 0.002184694167226553 
vn -0.999997615814209 -2.0682260971124217e-13 0.002184694167226553 
vn -0.999997615814209 -2.0682260971124217e-13 0.002184694167226553 
vn -0.999997615814209 -2.0682260971124217e-13 0.002184694167226553 
vn -0.999997615814209 -2.0682260971124217e-13 0.002184694167226553 
vn -0.999997615814209 -2.0682260971124217e-13 0.002184694167226553 
vn -0.999997615814209 -2.0682260971124217e-13 0.002184694167226553 
vn -0.999997615814209 -2.0682260971124217e-13 0.002184694167226553 
vn 0.999997615814209 0 0.002184694167226553 
vn 0.999997615814209 0 0.002184694167226553 
vn 0.999997615814209 0 0.002184694167226553 
vn 0.999997615814209 0 0.002184694167226553 
vn -2.0682311115474694e-13 0 -1 
vn 2.0682311115474694e-13 4.2775797696334704e-26 -1 
vn 2.0682311115474694e-13 4.2775797696334704e-26 -1 
vn 0.004369377624243498 0 -0.9999904632568359 
vn 0.9999785423278809 0 0.006554040592163801 
vn 0.9999785423278809 0 0.006554040592163801 
vn 0.999997615814209 0 0.002184694167226553 
vn 0.999997615814209 0 0.002184694167226553 
vn 2.0682311115474694e-13 4.2775797696334704e-26 -1 
vn 2.0682311115474694e-13 4.2775797696334704e-26 -1 
vn 0.004369377624243498 0 -0.9999904632568359 
vn -0.002184688812121749 -0.0037839922588318586 -0.9999904632568359 
vn 3.097898456858039e-13 -0.999997615814209 0.002184694167226553 
vn 3.097898456858039e-13 -0.999997615814209 0.002184694167226553 
vn 3.097898456858039e-13 -0.999997615814209 0.002184694167226553 
vn 3.097898456858039e-13 -0.999997615814209 0.002184694167226553 
vn 0.999997615814209 0 0.002184694167226553 
vn 0.999997615814209 0 0.002184694167226553 
vn 0.999997615814209 0 0.002184694167226553 
vn 0.999997615814209 0 0.002184694167226553 
vn -1.0341130485562108e-13 0.999997615814209 0.002184694167226553 
vn -1.0341130485562108e-13 0.999997615814209 0.002184694167226553 
vn -1.0341130485562108e-13 0.999997615814209 0.002184694167226553 
vn -1.0341130485562108e-13 0.999997615814209 0.002184694167226553 
vn 2.0682311115474694e-13 4.2775797696334704e-26 -1 
vn -2.0682311115474694e-13 0 -1 
vn -2.0682311115474694e-13 0 -1 
vn 2.0682311115474694e-13 4.2775797696334704e-26 -1 
vn 3.097898456858039e-13 -0.999997615814209 -0.002184694167226553 
vn 3.097898456858039e-13 -0.999997615814209 -0.002184694167226553 
vn 3.097898456858039e-13 -0.999997615814209 -0.002184694167226553 
vn 3.097898456858039e-13 -0.999997615814209 0.002184694167226553 
vn -1.0341130485562108e-13 0.999997615814209 0.002184694167226553 
vn -1.0341130485562108e-13 0.999997615814209 0.002184694167226553 
vn -1.0341130485562108e-13 0.999997615814209 0.002184694167226553 
vn -1.0341130485562108e-13 0.999997615814209 0.002184694167226553 
vn -2.0682311115474694e-13 0 -1 
vn -2.0682311115474694e-13 0 -1 
vn -2.0682311115474694e-13 0 -1 
vn -2.0682311115474694e-13 0 -1 
vn 2.0682311115474694e-13 4.2775797696334704e-26 -1 
vn -2.0682311115474694e-13 0 -1 
vn -2.0682311115474694e-13 0 -1 
vn -2.0682311115474694e-13 0 -1 
vn 2.0682311115474694e-13 4.2775797696334704e-26 -1 
vn 2.0682311115474694e-13 4.2775797696334704e-26 -1 
vn -2.0682311115474694e-13 0 -1 
vn -2.0682311115474694e-13 0 -1 
vn 2.0682311115474694e-13 4.2775797696334704e-26 -1 
vn 2.0682311115474694e-13 4.2775797696334704e-26 -1 
vn -2.0682311115474694e-13 0 -1 
vn -2.0682311115474694e-13 0 -1 
vn 0.999997615814209 0 -0.002184694167226553 
vn 0.999997615814209 0 -0.002184694167226553 
vn 0.999997615814209 0 0.002184694167226553 
vn 0.999997615814209 0 0.002184694167226553 
vn -0.999997615814209 -2.0682260971124217e-13 0.002184694167226553 
vn -0.999997615814209 -2.0682260971124217e-13 0.002184694167226553 
vn -0.999997615814209 -2.0682260971124217e-13 0.002184694167226553 
vn -0.999997615814209 -2.0682260971124217e-13 0.002184694167226553 
vn 0.999997615814209 0 0.002184694167226553 
vn 0.999997615814209 0 0.002184694167226553 
vn 0.999997615814209 0 0.002184694167226553 
vn 0.999997615814209 0 0.002184694167226553 
vn -1.0341130485562108e-13 0.999997615814209 0.002184694167226553 
vn -1.0341130485562108e-13 0.999997615814209 0.002184694167226553 
vn -1.0341130485562108e-13 0.999997615814209 0.002184694167226553 
vn -1.0341130485562108e-13 0.999997615814209 0.002184694167226553 
vn 3.097898456858039e-13 -0.999997615814209 0.002184694167226553 
vn 3.097898456858039e-13 -0.999997615814209 0.002184694167226553 
vn 3.097898456858039e-13 -0.999997615814209 0.002184694167226553 
vn 3.097898456858039e-13 -0.999997615814209 0.002184694167226553 
vn -1.0341130485562108e-13 0.999997615814209 0.002184694167226553 
vn -1.0341130485562108e-13 0.999997615814209 0.002184694167226553 
vn -1.0341130485562108e-13 0.999997615814209 0.002184694167226553 
vn -1.0341130485562108e-13 0.999997615814209 0.002184694167226553 
vn -1.0341130485562108e-13 0.999997615814209 0.002184694167226553 
vn -1.0341130485562108e-13 0.999997615814209 0.002184694167226553 
vn -1.0341130485562108e-13 0.999997615814209 0.002184694167226553 
vn -1.0341130485562108e-13 0.999997615814209 0.002184694167226553 
vn 3.097898456858039e-13 -0.999997615814209 0.002184694167226553 
vn 3.097898456858039e-13 -0.999997615814209 0.002184694167226553 
vn 3.097898456858039e-13 -0.999997615814209 0.002184694167226553 
vn 3.097898456858039e-13 -0.999997615814209 0.002184694167226553 
vn -0.999997615814209 -2.0682260971124217e-13 0.002184694167226553 
vn -0.999997615814209 -2.0682260971124217e-13 0.002184694167226553 
vn -0.999997615814209 -2.0682260971124217e-13 0.002184694167226553 
vn -0.999997615814209 -2.0682260971124217e-13 0.002184694167226553 
vn -1.0341130485562108e-13 0.999997615814209 0.002184694167226553 
vn -1.0341130485562108e-13 0.999997615814209 0.002184694167226553 
vn -1.0341130485562108e-13 0.999997615814209 0.002184694167226553 
vn -1.0341130485562108e-13 0.999997615814209 0.002184694167226553 
vn 0.999997615814209 0 0.002184694167226553 
vn 0.999997615814209 0 0.002184694167226553 
vn 0.999997615814209 0 0.002184694167226553 
vn 0.999997615814209 0 0.002184694167226553 
vn -0.999997615814209 -2.0682260971124217e-13 0.002184694167226553 
vn -0.999997615814209 -2.0682260971124217e-13 0.002184694167226553 
vn -0.999997615814209 -2.0682260971124217e-13 0.002184694167226553 
vn -0.999997615814209 -2.0682260971124217e-13 0.002184694167226553 
vn 0.999997615814209 0 0.002184694167226553 
vn 0.999997615814209 0 0.002184694167226553 
vn 0.999997615814209 0 0.002184694167226553 
vn 0.999997615814209 0 0.002184694167226553 
vn 2.0682311115474694e-13 4.2775797696334704e-26 -1 
vn 2.0682311115474694e-13 4.2775797696334704e-26 -1 
vn -2.0682311115474694e-13 0 -1 
vn -2.0682311115474694e-13 0 -1 
vn -2.0682311115474694e-13 0 -1 
vn -2.0682311115474694e-13 0 -1 
vn -2.0682311115474694e-13 0 -1 
vn -2.0682311115474694e-13 0 -1 
vn -2.0682311115474694e-13 0 -1 
vn -2.0682311115474694e-13 0 -1 
vn 2.0682311115474694e-13 4.2775797696334704e-26 -1 
vn 2.0682311115474694e-13 4.2775797696334704e-26 -1 
vn -2.0682311115474694e-13 0 -1 
vn -2.0682311115474694e-13 0 -1 
vn -2.0682311115474694e-13 0 -1 
vn -2.0682311115474694e-13 0 -1 
vn -0.999997615814209 -2.0682260971124217e-13 0.002184694167226553 
vn -0.999997615814209 -2.0682260971124217e-13 0.002184694167226553 
vn -0.999997615814209 -2.0682260971124217e-13 0.002184694167226553 
vn -0.999997615814209 -2.0682260971124217e-13 0.002184694167226553 
vn -1.0341130485562108e-13 0.999997615814209 0.002184694167226553 
vn -1.0341130485562108e-13 0.999997615814209 0.002184694167226553 
vn -1.0341130485562108e-13 0.999997615814209 0.002184694167226553 
vn -1.0341130485562108e-13 0.999997615814209 0.002184694167226553 
vn 3.097898456858039e-13 -0.999997615814209 0.002184694167226553 
vn 3.097898456858039e-13 -0.999997615814209 0.002184694167226553 
vn 3.097898456858039e-13 -0.999997615814209 0.002184694167226553 
vn 3.097898456858039e-13 -0.999997615814209 0.002184694167226553 
vn 0.999997615814209 0 0.002184694167226553 
vn 0.999997615814209 0 0.002184694167226553 
vn 0.999997615814209 0 0.002184694167226553 
vn 0.999997615814209 0 0.002184694167226553 
vn 3.097898456858039e-13 -0.999997615814209 0.002184694167226553 
vn 3.097898456858039e-13 -0.999997615814209 0.002184694167226553 
vn 3.097898456858039e-13 -0.999997615814209 0.002184694167226553 
vn 3.097898456858039e-13 -0.999997615814209 0.002184694167226553 
vn -1.0341130485562108e-13 0.999997615814209 0.002184694167226553 
vn -1.0341130485562108e-13 0.999997615814209 0.002184694167226553 
vn -1.0341130485562108e-13 0.999997615814209 0.002184694167226553 
vn -1.0341130485562108e-13 0.999997615814209 0.002184694167226553 
vn -1.0341130485562108e-13 0.999997615814209 0.002184694167226553 
vn -1.0341130485562108e-13 0.999997615814209 0.002184694167226553 
vn -1.0341130485562108e-13 0.999997615814209 0.002184694167226553 
vn -1.0341130485562108e-13 0.999997615814209 0.002184694167226553 
vn 3.097898456858039e-13 -0.999997615814209 0.002184694167226553 
vn 3.097898456858039e-13 -0.999997615814209 0.002184694167226553 
vn 3.097898456858039e-13 -0.999997615814209 0.002184694167226553 
vn 3.097898456858039e-13 -0.999997615814209 0.002184694167226553 
vn 3.097898456858039e-13 -0.999997615814209 0.002184694167226553 
vn 3.097898456858039e-13 -0.999997615814209 0.002184694167226553 
vn 3.097898456858039e-13 -0.999997615814209 0.002184694167226553 
vn 3.097898456858039e-13 -0.999997615814209 0.002184694167226553 
vn 3.097898456858039e-13 -0.999997615814209 0.002184694167226553 
vn 3.097898456858039e-13 -0.999997615814209 0.002184694167226553 
vn 3.097898456858039e-13 -0.999997615814209 0.002184694167226553 
vn 3.097898456858039e-13 -0.999997615814209 0.002184694167226553 
vn 0.999997615814209 0 0.002184694167226553 
vn 0.999997615814209 0 0.002184694167226553 
vn 0.999997615814209 0 0.002184694167226553 
vn 0.999997615814209 0 0.002184694167226553 
vn 0.999997615814209 0 0.002184694167226553 
vn 0.999997615814209 0 0.002184694167226553 
vn 0.999997615814209 0 0.002184694167226553 
vn 0.999997615814209 0 0.002184694167226553 
vn 0.999997615814209 0 0.002184694167226553 
vn 0.999997615814209 0 0.002184694167226553 
vn 0.999997615814209 0 0.002184694167226553 
vn 0.999997615814209 0 0.002184694167226553 
vn -1.0341130485562108e-13 0.999997615814209 0.002184694167226553 
vn -1.0341130485562108e-13 0.999997615814209 0.002184694167226553 
vn -1.0341130485562108e-13 0.999997615814209 0.002184694167226553 
vn -1.0341130485562108e-13 0.999997615814209 0.002184694167226553 
vn -0.999997615814209 -2.0682260971124217e-13 0.002184694167226553 
vn -0.999997615814209 -2.0682260971124217e-13 0.002184694167226553 
vn -0.999997615814209 -2.0682260971124217e-13 0.002184694167226553 
vn -0.999997615814209 -2.0682260971124217e-13 0.002184694167226553 
vn -0.999997615814209 -2.0682260971124217e-13 0.002184694167226553 
vn -0.999997615814209 -2.0682260971124217e-13 0.002184694167226553 
vn -0.999997615814209 -2.0682260971124217e-13 0.002184694167226553 
vn -0.999997615814209 -2.0682260971124217e-13 0.002184694167226553 
vn -0.999997615814209 -2.0682260971124217e-13 0.002184694167226553 
vn -0.999997615814209 -2.0682260971124217e-13 0.002184694167226553 
vn -0.999997615814209 -2.0682260971124217e-13 0.002184694167226553 
vn -0.999997615814209 -2.0682260971124217e-13 0.002184694167226553 
vn -2.0682311115474694e-13 0 -1 
vn -2.0682311115474694e-13 0 -1 
vn -2.0682311115474694e-13 0 -1 
vn -2.0682311115474694e-13 0 -1 
vn -2.0682311115474694e-13 0 -1 
vn -2.0682311115474694e-13 0 -1 
vn -2.0682311115474694e-13 0 -1 
vn -2.0682311115474694e-13 0 -1 
vn -2.0682311115474694e-13 0 -1 
vn -2.0682311115474694e-13 0 -1 
vn -2.0682311115474694e-13 0 -1 
vn -2.0682311115474694e-13 0 -1 
vn -2.0682311115474694e-13 0 -1 
vn -2.0682311115474694e-13 0 -1 
vn -2.0682311115474694e-13 0 -1 
vn -2.0682311115474694e-13 0 -1 
vn -0.999997615814209 -2.0682260971124217e-13 0.002184694167226553 
vn -0.999997615814209 -2.0682260971124217e-13 0.002184694167226553 
vn -0.999997615814209 -2.0682260971124217e-13 0.002184694167226553 
vn -0.999997615814209 -2.0682260971124217e-13 0.002184694167226553 
vn 0.999997615814209 0 0.002184694167226553 
vn 0.999997615814209 0 0.002184694167226553 
vn 0.999997615814209 0 0.002184694167226553 
vn 0.999997615814209 0 0.002184694167226553 
vn -1.0341130485562108e-13 0.999997615814209 0.002184694167226553 
vn -1.0341130485562108e-13 0.999997615814209 0.002184694167226553 
vn -1.0341130485562108e-13 0.999997615814209 0.002184694167226553 
vn -1.0341130485562108e-13 0.999997615814209 0.002184694167226553 
vn 0 0 1 
vn 0 0 1 
vn 0 0 1 
vn 0 0 1 
vn 0 0 1 
vn 0 0 1 
vn -0.999997615814209 -2.0682260971124217e-13 0.002184694167226553 
vn -0.999997615814209 -2.0682260971124217e-13 0.002184694167226553 
vn -0.999997615814209 -2.0682260971124217e-13 0.002184694167226553 
vn -0.999997615814209 -2.0682260971124217e-13 0.002184694167226553 
vn -1.0341130485562108e-13 0.999997615814209 0.002184694167226553 
vn -1.0341130485562108e-13 0.999997615814209 0.002184694167226553 
vn -1.0341130485562108e-13 0.999997615814209 0.002184694167226553 
vn -1.0341130485562108e-13 0.999997615814209 0.002184694167226553 
vn -1.0341130485562108e-13 0.999997615814209 0.002184694167226553 
vn -1.0341130485562108e-13 0.999997615814209 0.002184694167226553 
vn -1.0341130485562108e-13 0.999997615814209 0.002184694167226553 
vn -1.0341130485562108e-13 0.999997615814209 0.002184694167226553 
vn -1.0341130485562108e-13 0.999997615814209 0.002184694167226553 
vn -1.0341130485562108e-13 0.999997615814209 0.002184694167226553 
vn -1.0341130485562108e-13 0.999997615814209 0.002184694167226553 
vn -1.0341130485562108e-13 0.999997615814209 0.002184694167226553 
vn -1.0341130485562108e-13 0.999997615814209 0.002184694167226553 
vn -1.0341130485562108e-13 0.999997615814209 0.002184694167226553 
vn -1.0341130485562108e-13 0.999997615814209 0.002184694167226553 
vn -1.0341130485562108e-13 0.999997615814209 0.002184694167226553 
vn -1.0341130485562108e-13 0.999997615814209 0.002184694167226553 
vn -1.0341130485562108e-13 0.999997615814209 0.002184694167226553 
vn -1.0341130485562108e-13 0.999997615814209 0.002184694167226553 
vn -1.0341130485562108e-13 0.999997615814209 0.002184694167226553 
vn -2.0682311115474694e-13 0 -1 
vn -2.0682311115474694e-13 0 -1 
vn -2.0682311115474694e-13 0 -1 
vn 2.0682311115474694e-13 4.2775797696334704e-26 -1 
vn 2.0682311115474694e-13 4.2775797696334704e-26 -1 
vn 2.0682311115474694e-13 4.2775797696334704e-26 -1 
vn -2.0682311115474694e-13 0 -1 
vn -2.0682311115474694e-13 0 -1 
vn -2.0682311115474694e-13 0 -1 
vn -2.0682311115474694e-13 0 -1 
vn 0.999997615814209 0 0.002184694167226553 
vn 0.999997615814209 0 0.002184694167226553 
vn 0.999997615814209 0 0.002184694167226553 
vn 0.999997615814209 0 0.002184694167226553 
vn -1.0341130485562108e-13 0.999997615814209 0.002184694167226553 
vn -1.0341130485562108e-13 0.999997615814209 0.002184694167226553 
vn -1.0341130485562108e-13 0.999997615814209 0.002184694167226553 
vn -1.0341130485562108e-13 0.999997615814209 0.002184694167226553 
vn 0 0 1 
vn 0 0 1 
vn 0 0 1 
vn 0 0 1 
vn 0 0 1 
vn 0 0 1 
vn 0 0 1 
vn 0 0 1 
vn 0 0 1 
vn 0 0 1 
vn -0.999997615814209 -2.0682260971124217e-13 0.002184694167226553 
vn -0.999997615814209 -2.0682260971124217e-13 0.002184694167226553 
vn -0.999997615814209 -2.0682260971124217e-13 0.002184694167226553 
vn -0.999997615814209 -2.0682260971124217e-13 0.002184694167226553 
vn -1.0341130485562108e-13 0.999997615814209 0.002184694167226553 
vn -1.0341130485562108e-13 0.999997615814209 0.002184694167226553 
vn -1.0341130485562108e-13 0.999997615814209 0.002184694167226553 
vn -1.0341130485562108e-13 0.999997615814209 0.002184694167226553 
vn 0.999997615814209 0 0.002184694167226553 
vn 0.999997615814209 0 0.002184694167226553 
vn 0.999997615814209 0 0.002184694167226553 
vn 0.999997615814209 0 0.002184694167226553 
vn 0.924505352973938 0 -0.3811691105365753 
vn 0.924505352973938 0 -0.3811691105365753 
vn 0.924505352973938 0 -0.3811691105365753 
vn 0.924505352973938 0 -0.3811691105365753 
vn 0.3831879794597626 0 -0.9236704111099243 
vn 0.3831879794597626 0 -0.9236704111099243 
vn 0.3831879794597626 0 -0.9236704111099243 
vn 0.3831879794597626 0 -0.9236704111099243 
vn -0.3831879794597626 -7.925212949008026e-14 -0.9236704111099243 
vn -0.3831879794597626 -7.925212949008026e-14 -0.9236704111099243 
vn -0.3831879794597626 -7.925212949008026e-14 -0.9236704111099243 
vn -0.3831879794597626 -7.925212949008026e-14 -0.9236704111099243 
vn -0.9244976043701172 0.0037768674083054066 -0.3811691105365753 
vn -0.9244976043701172 0.0037768674083054066 -0.3811691105365753 
vn -0.9244976043701172 -0.0037768674083054066 -0.3811691105365753 
vn -0.9244976043701172 -0.0037768674083054066 -0.3811691105365753 
vn -0.924505352973938 -1.9120906843538704e-13 0.3811691105365753 
vn -0.924505352973938 -1.9120906843538704e-13 0.3811691105365753 
vn -0.924505352973938 -1.9120906843538704e-13 0.3811691105365753 
vn -0.924505352973938 -1.9120906843538704e-13 0.3811691105365753 
vn -0.3831879794597626 -7.925212949008026e-14 0.9236704111099243 
vn -0.3831879794597626 -7.925212949008026e-14 0.9236704111099243 
vn -0.3831879794597626 -7.925212949008026e-14 0.9236704111099243 
vn -0.3831879794597626 -7.925212949008026e-14 0.9236704111099243 
vn 0.3831879794597626 0 0.9236704111099243 
vn 0.3831879794597626 0 0.9236704111099243 
vn 0.3831879794597626 0 0.9236704111099243 
vn 0.3831879794597626 0 0.9236704111099243 
vn 0.924505352973938 0 0.3811691105365753 
vn 0.924505352973938 0 0.3811691105365753 
vn 0.924505352973938 0 0.3811691105365753 
vn 0.924505352973938 0 0.3811691105365753 
vn -2.0682311115474694e-13 0 -1 
vn -2.0682311115474694e-13 0 -1 
vn -2.0682311115474694e-13 0 -1 
vn -2.0682311115474694e-13 0 -1 
vn -0.999997615814209 -2.0682260971124217e-13 0.002184694167226553 
vn -0.999997615814209 -2.0682260971124217e-13 0.002184694167226553 
vn -0.999997615814209 -2.0682260971124217e-13 0.002184694167226553 
vn -0.999997615814209 -2.0682260971124217e-13 0.002184694167226553 
vn 0 0 1 
vn 0 0 1 
vn 0 0 1 
vn 0 0 1 
vn 3.097898456858039e-13 -0.999997615814209 0.002184694167226553 
vn 3.097898456858039e-13 -0.999997615814209 0.002184694167226553 
vn 3.097898456858039e-13 -0.999997615814209 0.002184694167226553 
vn 3.097898456858039e-13 -0.999997615814209 0.002184694167226553 
vn 0.999997615814209 0 0.002184694167226553 
vn 0.999997615814209 0 0.002184694167226553 
vn 0.999997615814209 0 0.002184694167226553 
vn 0.999997615814209 0 0.002184694167226553 
vn -1.0341130485562108e-13 0.999997615814209 0.002184694167226553 
vn -1.0341130485562108e-13 0.999997615814209 0.002184694167226553 
vn -1.0341130485562108e-13 0.999997615814209 0.002184694167226553 
vn -1.0341130485562108e-13 0.999997615814209 0.002184694167226553 
vn -1.0341130485562108e-13 0.999997615814209 0.002184694167226553 
vn -1.0341130485562108e-13 0.999997615814209 0.002184694167226553 
vn -1.0341130485562108e-13 0.999997615814209 0.002184694167226553 
vn -1.0341130485562108e-13 0.999997615814209 0.002184694167226553 
vn -1.0341130485562108e-13 0.999997615814209 0.002184694167226553 
vn -1.0341130485562108e-13 0.999997615814209 0.002184694167226553 
vn -1.0341130485562108e-13 0.999997615814209 0.002184694167226553 
vn -1.0341130485562108e-13 0.999997615814209 0.002184694167226553 
vn -0.999997615814209 -2.0682260971124217e-13 0.002184694167226553 
vn -0.999997615814209 -2.0682260971124217e-13 0.002184694167226553 
vn -0.999997615814209 -2.0682260971124217e-13 0.002184694167226553 
vn -0.999997615814209 -2.0682260971124217e-13 0.002184694167226553 
vn 0.999997615814209 0 0.002184694167226553 
vn 0.999997615814209 0 0.002184694167226553 
vn 0.999997615814209 0 0.002184694167226553 
vn 0.999997615814209 0 0.002184694167226553 
vn -1.0341130485562108e-13 0.999997615814209 0.002184694167226553 
vn -1.0341130485562108e-13 0.999997615814209 0.002184694167226553 
vn -1.0341130485562108e-13 0.999997615814209 -0.002184694167226553 
vn -1.0341130485562108e-13 0.999997615814209 -0.002184694167226553 
vn -2.0682311115474694e-13 0 -1 
vn -2.0682311115474694e-13 0 -1 
vn -2.0682311115474694e-13 0 -1 
vn -2.0682311115474694e-13 0 -1 
vn 0 0 1 
vn 0 0 1 
vn 0 0 1 
vn 0 0 1 
vn -0.9244976043701172 0.0037768674083054066 -0.3811691105365753 
vn -0.9244976043701172 0.0037768674083054066 -0.3811691105365753 
vn -0.9244976043701172 0.0037768674083054066 -0.3811691105365753 
vn -0.9244976043701172 0.0037768674083054066 -0.3811691105365753 
vn -0.3831879794597626 -7.925212949008026e-14 -0.9236704111099243 
vn -0.3831879794597626 -7.925212949008026e-14 -0.9236704111099243 
vn -0.3831879794597626 -7.925212949008026e-14 -0.9236704111099243 
vn -0.3831879794597626 -7.925212949008026e-14 -0.9236704111099243 
vn 0.3831879794597626 0 -0.9236704111099243 
vn 0.3831879794597626 0 -0.9236704111099243 
vn 0.3831879794597626 0 -0.9236704111099243 
vn 0.3831879794597626 0 -0.9236704111099243 
vn 0.924505352973938 0 -0.3811691105365753 
vn 0.924505352973938 0 -0.3811691105365753 
vn 0.924505352973938 0 -0.3811691105365753 
vn 0.924505352973938 0 -0.3811691105365753 
vn 0.924505352973938 0 0.3811691105365753 
vn 0.924505352973938 0 0.3811691105365753 
vn 0.924505352973938 0 0.3811691105365753 
vn 0.924505352973938 0 0.3811691105365753 
vn 0.3831879794597626 0 0.9236704111099243 
vn 0.3831879794597626 0 0.9236704111099243 
vn 0.3831879794597626 0 0.9236704111099243 
vn 0.3831879794597626 0 0.9236704111099243 
vn -0.3831879794597626 -7.925212949008026e-14 0.9236704111099243 
vn -0.3831879794597626 -7.925212949008026e-14 0.9236704111099243 
vn -0.3831879794597626 -7.925212949008026e-14 0.9236704111099243 
vn -0.3831879794597626 -7.925212949008026e-14 0.9236704111099243 
vn -0.924505352973938 -1.9120906843538704e-13 0.3811691105365753 
vn -0.924505352973938 -1.9120906843538704e-13 0.3811691105365753 
vn -0.924505352973938 -1.9120906843538704e-13 0.3811691105365753 
vn -0.924505352973938 -1.9120906843538704e-13 0.3811691105365753 
vn -2.0682311115474694e-13 0 -1 
vn -2.0682311115474694e-13 0 -1 
vn -2.0682311115474694e-13 0 -1 
vn -2.0682311115474694e-13 0 -1 
vn 0.999997615814209 0 0.002184694167226553 
vn 0.999997615814209 0 0.002184694167226553 
vn 0.999997615814209 0 0.002184694167226553 
vn 0.999997615814209 0 0.002184694167226553 
vn 0 0 1 
vn 0 0 1 
vn 0 0 1 
vn 0 0 1 
vn 3.097898456858039e-13 -0.999997615814209 0.002184694167226553 
vn 3.097898456858039e-13 -0.999997615814209 0.002184694167226553 
vn 3.097898456858039e-13 -0.999997615814209 0.002184694167226553 
vn 3.097898456858039e-13 -0.999997615814209 0.002184694167226553 
vn -0.999997615814209 -2.0682260971124217e-13 0.002184694167226553 
vn -0.999997615814209 -2.0682260971124217e-13 0.002184694167226553 
vn -0.999997615814209 -2.0682260971124217e-13 0.002184694167226553 
vn -0.999997615814209 -2.0682260971124217e-13 0.002184694167226553 
vn -1.0341130485562108e-13 0.999997615814209 0.002184694167226553 
vn -1.0341130485562108e-13 0.999997615814209 0.002184694167226553 
vn -1.0341130485562108e-13 0.999997615814209 0.002184694167226553 
vn -1.0341130485562108e-13 0.999997615814209 0.002184694167226553 
vn -1.0341130485562108e-13 0.999997615814209 0.002184694167226553 
vn -1.0341130485562108e-13 0.999997615814209 0.002184694167226553 
vn -1.0341130485562108e-13 0.999997615814209 0.002184694167226553 
vn -1.0341130485562108e-13 0.999997615814209 0.002184694167226553 
vn -1.0341130485562108e-13 0.999997615814209 0.002184694167226553 
vn -1.0341130485562108e-13 0.999997615814209 0.002184694167226553 
vn -1.0341130485562108e-13 0.999997615814209 0.002184694167226553 
vn -1.0341130485562108e-13 0.999997615814209 0.002184694167226553 
vn 0.999997615814209 0 0.002184694167226553 
vn 0.999997615814209 0 0.002184694167226553 
vn 0.999997615814209 0 0.002184694167226553 
vn 0.999997615814209 0 0.002184694167226553 
vn -0.999997615814209 -2.0682260971124217e-13 0.002184694167226553 
vn -0.999997615814209 -2.0682260971124217e-13 0.002184694167226553 
vn -0.999997615814209 -2.0682260971124217e-13 0.002184694167226553 
vn -0.999997615814209 -2.0682260971124217e-13 0.002184694167226553 
vn -1.0341130485562108e-13 0.999997615814209 -0.002184694167226553 
vn -1.0341130485562108e-13 0.999997615814209 -0.002184694167226553 
vn -1.0341130485562108e-13 0.999997615814209 -0.002184694167226553 
vn -1.0341130485562108e-13 0.999997615814209 0.002184694167226553 
vn -2.0682311115474694e-13 0 -1 
vn -2.0682311115474694e-13 0 -1 
vn -2.0682311115474694e-13 0 -1 
vn -2.0682311115474694e-13 0 -1 
vn 0 0 1 
vn 0 0 1 
vn 0 0 1 
vn 0 0 1 
vn -0.999997615814209 -2.0682260971124217e-13 0.002184694167226553 
vn -0.9238772988319397 0.38268253207206726 0.002184694167226553 
vn -0.9238772988319397 0.38268253207206726 0.002184694167226553 
vn -0.7071051001548767 0.7071051001548767 0.002184694167226553 
vn -0.999997615814209 -2.0682260971124217e-13 0.002184694167226553 
vn -0.9238772988319397 -0.38268253207206726 0.002184694167226553 
vn -0.9238772988319397 -0.38268253207206726 0.002184694167226553 
vn -0.7071051001548767 -0.7071051001548767 -0.002184694167226553 
vn -0.7071051001548767 -0.7071051001548767 0.002184694167226553 
vn -0.38268253207206726 -0.9238772988319397 -0.002184694167226553 
vn -0.38268253207206726 -0.9238772988319397 -0.002184694167226553 
vn 3.097898456858039e-13 -0.999997615814209 -0.002184694167226553 
vn 3.097898456858039e-13 -0.999997615814209 0.002184694167226553 
vn -0.7071051001548767 0.7071051001548767 0.002184694167226553 
vn -0.38268253207206726 0.9238772988319397 0.002184694167226553 
vn -0.38268253207206726 0.9238772988319397 0.002184694167226553 
vn -1.0341130485562108e-13 0.999997615814209 0.002184694167226553 
vn -1.0341130485562108e-13 0.999997615814209 -0.002184694167226553 
vn -1.0341130485562108e-13 0.999997615814209 0.002184694167226553 
vn -1.0341130485562108e-13 0.999997615814209 -0.002184694167226553 
vn 0.38268253207206726 0.9238772988319397 -0.002184694167226553 
vn 0.38268253207206726 0.9238772988319397 -0.002184694167226553 
vn 0.7071051001548767 0.7071051001548767 -0.002184694167226553 
vn 0.7071051001548767 0.7071051001548767 0.002184694167226553 
vn 0.9238772988319397 0.38268253207206726 0.002184694167226553 
vn 0.9238772988319397 0.38268253207206726 0.002184694167226553 
vn 0.999997615814209 0 0.002184694167226553 
vn 0.999997615814209 0 0.002184694167226553 
vn 0.9238772988319397 -0.38268253207206726 0.002184694167226553 
vn 0.9238772988319397 -0.38268253207206726 0.002184694167226553 
vn 0.7071051001548767 -0.7071051001548767 0.002184694167226553 
vn 0.7071051001548767 -0.7071051001548767 0.002184694167226553 
vn 0.38268253207206726 -0.9238772988319397 0.002184694167226553 
vn 0.38268253207206726 -0.9238772988319397 0.002184694167226553 
vn 3.097898456858039e-13 -0.999997615814209 -0.002184694167226553 
vn 3.097898456858039e-13 -0.999997615814209 0.002184694167226553 
vn 3.097898456858039e-13 -0.999997615814209 -0.002184694167226553 
vn 3.097898456858039e-13 -0.999997615814209 -0.002184694167226553 
vn 0.38268253207206726 -0.9238772988319397 -0.002184694167226553 
vn 0.38268253207206726 -0.9238772988319397 -0.002184694167226553 
vn 0.7071051001548767 -0.7071051001548767 -0.002184694167226553 
vn 0.7071051001548767 -0.7071051001548767 -0.002184694167226553 
vn 0.9238772988319397 -0.38268253207206726 0.002184694167226553 
vn 0.9238772988319397 -0.38268253207206726 0.002184694167226553 
vn 0.999997615814209 0 0.002184694167226553 
vn 0.999997615814209 0 0.002184694167226553 
vn 0.9238772988319397 0.38268253207206726 0.002184694167226553 
vn 0.9238772988319397 0.38268253207206726 0.002184694167226553 
vn 0.7071051001548767 0.7071051001548767 0.002184694167226553 
vn 0.7071051001548767 0.7071051001548767 0.002184694167226553 
vn 0.38268253207206726 0.9238772988319397 0.002184694167226553 
vn 0.38268253207206726 0.9238772988319397 0.002184694167226553 
vn -1.0341130485562108e-13 0.999997615814209 0.002184694167226553 
vn -1.0341130485562108e-13 0.999997615814209 0.002184694167226553 
vn -2.0682311115474694e-13 0 -1 
vn -2.0682311115474694e-13 0 -1 
vn -2.0682311115474694e-13 0 -1 
vn -2.0682311115474694e-13 0 -1 
vn -2.0682311115474694e-13 0 -1 
vn -2.0682311115474694e-13 0 -1 
vn -2.0682311115474694e-13 0 -1 
vn -2.0682311115474694e-13 0 -1 
vn -2.0682311115474694e-13 0 -1 
vn -2.0682311115474694e-13 0 -1 
vn 2.0682311115474694e-13 4.2775797696334704e-26 -1 
vn -2.0682311115474694e-13 0 -1 
vn 2.0682311115474694e-13 4.2775797696334704e-26 -1 
vn 2.0682311115474694e-13 4.2775797696334704e-26 -1 
vn -2.0682311115474694e-13 0 -1 
vn -2.0682311115474694e-13 0 -1 
vn -2.0682311115474694e-13 0 -1 
vn -2.0682311115474694e-13 0 -1 
vn -2.0682311115474694e-13 0 -1 
vn -2.0682311115474694e-13 0 -1 
vn -2.0682311115474694e-13 0 -1 
vn -2.0682311115474694e-13 0 -1 
vn -2.0682311115474694e-13 0 -1 
vn -2.0682311115474694e-13 0 -1 
vn -2.0682311115474694e-13 0 -1 
vn -2.0682311115474694e-13 0 -1 
vn -2.0682311115474694e-13 0 -1 
vn -2.0682311115474694e-13 0 -1 
vn -2.0682311115474694e-13 0 -1 
vn -2.0682311115474694e-13 0 -1 
vn -2.0682311115474694e-13 0 -1 
vn -2.0682311115474694e-13 0 -1 
vn 2.0682311115474694e-13 4.2775797696334704e-26 -1 
vn 2.0682311115474694e-13 4.2775797696334704e-26 -1 
vn -2.0682311115474694e-13 0 -1 
vn -2.0682311115474694e-13 0 -1 
vn -2.0682311115474694e-13 0 -1 
vn -2.0682311115474694e-13 0 -1 
vn -2.0682311115474694e-13 0 -1 
vn -2.0682311115474694e-13 0 -1 
vn 2.0682311115474694e-13 4.2775797696334704e-26 -1 
vn -2.0682311115474694e-13 0 -1 
vn 2.0682311115474694e-13 4.2775797696334704e-26 -1 
vn -2.0682311115474694e-13 0 -1 
vn -2.0682311115474694e-13 0 -1 
vn -2.0682311115474694e-13 0 -1 
vn -2.0682311115474694e-13 0 -1 
vn -2.0682311115474694e-13 0 -1 
vn -2.0682311115474694e-13 0 -1 
vn 2.0682311115474694e-13 4.2775797696334704e-26 -1 
vn -2.0682311115474694e-13 0 -1 
vn 2.0682311115474694e-13 4.2775797696334704e-26 -1 
vn -0.9238772988319397 0.38268253207206726 0.002184694167226553 
vn -0.999997615814209 -2.0682260971124217e-13 0.002184694167226553 
vn -0.999997615814209 -2.0682260971124217e-13 0.002184694167226553 
vn -0.9238772988319397 -0.38268253207206726 0.002184694167226553 
vn -0.9238772988319397 -0.38268253207206726 0.002184694167226553 
vn -0.7071051001548767 -0.7071051001548767 0.002184694167226553 
vn -0.7071051001548767 -0.7071051001548767 0.002184694167226553 
vn -0.38268253207206726 -0.9238772988319397 0.002184694167226553 
vn -0.38268253207206726 -0.9238772988319397 -0.002184694167226553 
vn 3.097898456858039e-13 -0.999997615814209 -0.002184694167226553 
vn 3.097898456858039e-13 -0.999997615814209 -0.002184694167226553 
vn -0.9238772988319397 0.38268253207206726 0.002184694167226553 
vn -0.7071051001548767 0.7071051001548767 0.002184694167226553 
vn -0.7071051001548767 0.7071051001548767 0.002184694167226553 
vn -0.38268253207206726 0.9238772988319397 0.002184694167226553 
vn -0.38268253207206726 0.9238772988319397 0.002184694167226553 
vn -1.0341130485562108e-13 0.999997615814209 0.002184694167226553 
vn -1.0341130485562108e-13 0.999997615814209 0.002184694167226553 
vn -2.0682311115474694e-13 0 -1 
vn 2.0682311115474694e-13 4.2775797696334704e-26 -1 
vn 2.0682311115474694e-13 4.2775797696334704e-26 -1 
vn 2.0682311115474694e-13 4.2775797696334704e-26 -1 
vn 2.0682311115474694e-13 4.2775797696334704e-26 -1 
vn 2.0682311115474694e-13 4.2775797696334704e-26 -1 
vn -2.0682311115474694e-13 0 -1 
vn -2.0682311115474694e-13 0 -1 
vn 2.0682311115474694e-13 4.2775797696334704e-26 -1 
vn 2.0682311115474694e-13 4.2775797696334704e-26 -1 
vn -2.0682311115474694e-13 0 -1 
vn -2.0682311115474694e-13 0 -1 
vn -2.0682311115474694e-13 0 -1 
vn -2.0682311115474694e-13 0 -1 
vn -2.0682311115474694e-13 0 -1 
vn 2.0682311115474694e-13 4.2775797696334704e-26 -1 
vn 2.0682311115474694e-13 4.2775797696334704e-26 -1 
vn 2.0682311115474694e-13 4.2775797696334704e-26 -1 
vn -0.999997615814209 -2.0682260971124217e-13 0.002184694167226553 
vn -0.9238772988319397 -0.38268253207206726 0.002184694167226553 
vn -0.999997615814209 -2.0682260971124217e-13 0.002184694167226553 
vn -0.9238772988319397 -0.38268253207206726 0.002184694167226553 
vn -0.9238772988319397 0.38268253207206726 0.002184694167226553 
vn -0.9238772988319397 0.38268253207206726 0.002184694167226553 
vn -0.7071051001548767 0.7071051001548767 0.002184694167226553 
vn -0.7071051001548767 0.7071051001548767 0.002184694167226553 
vn -0.38268253207206726 0.9238772988319397 0.002184694167226553 
vn -0.38268253207206726 0.9238772988319397 0.002184694167226553 
vn -1.0341130485562108e-13 0.999997615814209 0.002184694167226553 
vn -1.0341130485562108e-13 0.999997615814209 0.002184694167226553 
vn -0.7071051001548767 -0.7071051001548767 0.002184694167226553 
vn -0.7071051001548767 -0.7071051001548767 0.002184694167226553 
vn -0.38268253207206726 -0.9238772988319397 0.002184694167226553 
vn -0.38268253207206726 -0.9238772988319397 0.002184694167226553 
vn 3.097898456858039e-13 -0.999997615814209 0.002184694167226553 
vn 3.097898456858039e-13 -0.999997615814209 0.002184694167226553 
vn -2.0682311115474694e-13 0 -1 
vn -2.0682311115474694e-13 0 -1 
vn -2.0682311115474694e-13 0 -1 
vn 2.0682311115474694e-13 4.2775797696334704e-26 -1 
vn 2.0682311115474694e-13 4.2775797696334704e-26 -1 
vn -2.0682311115474694e-13 0 -1 
vn -2.0682311115474694e-13 0 -1 
vn -2.0682311115474694e-13 0 -1 
vn -2.0682311115474694e-13 0 -1 
vn -2.0682311115474694e-13 0 -1 
vn -2.0682311115474694e-13 0 -1 
vn -2.0682311115474694e-13 0 -1 
vn -2.0682311115474694e-13 0 -1 
vn 2.0682311115474694e-13 4.2775797696334704e-26 -1 
vn 2.0682311115474694e-13 4.2775797696334704e-26 -1 
vn -2.0682311115474694e-13 0 -1 
vn 3.097898456858039e-13 -0.999997615814209 0.002184694167226553 
vn 3.097898456858039e-13 -0.999997615814209 0.002184694167226553 
vn 0.38268253207206726 -0.9238772988319397 0.002184694167226553 
vn 0.38268253207206726 -0.9238772988319397 0.002184694167226553 
vn 0.7071051001548767 -0.7071051001548767 0.002184694167226553 
vn 0.7071051001548767 -0.7071051001548767 0.002184694167226553 
vn 0.9238772988319397 -0.38268253207206726 0.002184694167226553 
vn 0.9238772988319397 -0.38268253207206726 0.002184694167226553 
vn 0.999997615814209 0 0.002184694167226553 
vn 0.999997615814209 0 0.002184694167226553 
vn 0.9238772988319397 0.38268253207206726 0.002184694167226553 
vn 0.9238772988319397 0.38268253207206726 0.002184694167226553 
vn 0.7071051001548767 0.7071051001548767 0.002184694167226553 
vn 0.7071051001548767 0.7071051001548767 0.002184694167226553 
vn 0.38268253207206726 0.9238772988319397 0.002184694167226553 
vn 0.38268253207206726 0.9238772988319397 0.002184694167226553 
vn -1.0341130485562108e-13 0.999997615814209 0.002184694167226553 
vn -1.0341130485562108e-13 0.999997615814209 0.002184694167226553 
vn -1.0341130485562108e-13 0.999997615814209 0.002184694167226553 
vn -1.0341130485562108e-13 0.999997615814209 0.002184694167226553 
vn -0.38268253207206726 0.9238772988319397 0.002184694167226553 
vn -0.38268253207206726 0.9238772988319397 0.002184694167226553 
vn -0.7071051001548767 0.7071051001548767 0.002184694167226553 
vn -0.7071051001548767 0.7071051001548767 0.002184694167226553 
vn -0.9238772988319397 0.38268253207206726 0.002184694167226553 
vn -0.9238772988319397 0.38268253207206726 0.002184694167226553 
vn -0.999997615814209 -2.0682260971124217e-13 0.002184694167226553 
vn -0.999997615814209 -2.0682260971124217e-13 0.002184694167226553 
vn -0.9238772988319397 -0.38268253207206726 0.002184694167226553 
vn -0.9238772988319397 -0.38268253207206726 0.002184694167226553 
vn -0.7071051001548767 -0.7071051001548767 0.002184694167226553 
vn -0.7071051001548767 -0.7071051001548767 0.002184694167226553 
vn -0.38268253207206726 -0.9238772988319397 0.002184694167226553 
vn -0.38268253207206726 -0.9238772988319397 0.002184694167226553 
vn 3.097898456858039e-13 -0.999997615814209 0.002184694167226553 
vn 3.097898456858039e-13 -0.999997615814209 0.002184694167226553 
vn -2.0682311115474694e-13 0 -1 
vn -2.0682311115474694e-13 0 -1 
vn -2.0682311115474694e-13 0 -1 
vn -2.0682311115474694e-13 0 -1 
vn 2.0682311115474694e-13 4.2775797696334704e-26 -1 
vn -2.0682311115474694e-13 0 -1 
vn 2.0682311115474694e-13 4.2775797696334704e-26 -1 
vn 2.0682311115474694e-13 4.2775797696334704e-26 -1 
vn -2.0682311115474694e-13 0 -1 
vn -2.0682311115474694e-13 0 -1 
vn -2.0682311115474694e-13 0 -1 
vn -2.0682311115474694e-13 0 -1 
vn 2.0682311115474694e-13 4.2775797696334704e-26 -1 
vn 2.0682311115474694e-13 4.2775797696334704e-26 -1 
vn -2.0682311115474694e-13 0 -1 
vn -2.0682311115474694e-13 0 -1 
vn 2.0682311115474694e-13 4.2775797696334704e-26 -1 
vn 2.0682311115474694e-13 4.2775797696334704e-26 -1 
vn -1.0341130485562108e-13 0.999997615814209 0.002184694167226553 
vn 0.38268253207206726 0.9238772988319397 0.002184694167226553 
vn -1.0341130485562108e-13 0.999997615814209 0.002184694167226553 
vn 0.38268253207206726 0.9238772988319397 0.002184694167226553 
vn 0.7071051001548767 0.7071051001548767 0.002184694167226553 
vn 0.7071051001548767 0.7071051001548767 0.002184694167226553 
vn 0.9238772988319397 0.38268253207206726 0.002184694167226553 
vn 0.9238772988319397 0.38268253207206726 0.002184694167226553 
vn 0.999997615814209 0 0.002184694167226553 
vn 0.999997615814209 0 0.002184694167226553 
vn 0.9238772988319397 -0.38268253207206726 0.002184694167226553 
vn 0.9238772988319397 -0.38268253207206726 0.002184694167226553 
vn 0.7071051001548767 -0.7071051001548767 0.002184694167226553 
vn 0.7071051001548767 -0.7071051001548767 0.002184694167226553 
vn 0.38268253207206726 -0.9238772988319397 0.002184694167226553 
vn 0.38268253207206726 -0.9238772988319397 0.002184694167226553 
vn 3.097898456858039e-13 -0.999997615814209 0.002184694167226553 
vn 3.097898456858039e-13 -0.999997615814209 0.002184694167226553 
vn -2.0682311115474694e-13 0 -1 
vn -2.0682311115474694e-13 0 -1 
vn -2.0682311115474694e-13 0 -1 
vn -2.0682311115474694e-13 0 -1 
vn 2.0682311115474694e-13 4.2775797696334704e-26 -1 
vn 2.0682311115474694e-13 4.2775797696334704e-26 -1 
vn 2.0682311115474694e-13 4.2775797696334704e-26 -1 
vn -2.0682311115474694e-13 0 -1 
vn -2.0682311115474694e-13 0 -1 
vn -2.0682311115474694e-13 0 -1 
vn 2.0682311115474694e-13 4.2775797696334704e-26 -1 
vn -2.0682311115474694e-13 0 -1 
vn 2.0682311115474694e-13 4.2775797696334704e-26 -1 
vn 2.0682311115474694e-13 4.2775797696334704e-26 -1 
vn -2.0682311115474694e-13 0 -1 
vn -2.0682311115474694e-13 0 -1 
vn -2.0682311115474694e-13 0 -1 
vn -2.0682311115474694e-13 0 -1 
vn 3.097898456858039e-13 -0.999997615814209 0.002184694167226553 
vn 0.38268253207206726 -0.9238772988319397 0.002184694167226553 
vn 3.097898456858039e-13 -0.999997615814209 0.002184694167226553 
vn 0.38268253207206726 -0.9238772988319397 0.002184694167226553 
vn 0.7071051001548767 -0.7071051001548767 0.002184694167226553 
vn 0.7071051001548767 -0.7071051001548767 0.002184694167226553 
vn 0.9238772988319397 -0.38268253207206726 0.002184694167226553 
vn 0.9238772988319397 -0.38268253207206726 0.002184694167226553 
vn 0.999997615814209 0 0.002184694167226553 
vn 0.999997615814209 0 0.002184694167226553 
vn 0.9238772988319397 0.38268253207206726 0.002184694167226553 
vn 0.9238772988319397 0.38268253207206726 0.002184694167226553 
vn 0.7071051001548767 0.7071051001548767 0.002184694167226553 
vn 0.7071051001548767 0.7071051001548767 0.002184694167226553 
vn 0.38268253207206726 0.9238772988319397 0.002184694167226553 
vn 0.38268253207206726 0.9238772988319397 0.002184694167226553 
vn -1.0341130485562108e-13 0.999997615814209 0.002184694167226553 
vn -1.0341130485562108e-13 0.999997615814209 0.002184694167226553 
vn -2.0682311115474694e-13 0 -1 
vn -2.0682311115474694e-13 0 -1 
vn -2.0682311115474694e-13 0 -1 
vn -2.0682311115474694e-13 0 -1 
vn -2.0682311115474694e-13 0 -1 
vn 2.0682311115474694e-13 4.2775797696334704e-26 -1 
vn -2.0682311115474694e-13 0 -1 
vn -2.0682311115474694e-13 0 -1 
vn 2.0682311115474694e-13 4.2775797696334704e-26 -1 
vn 2.0682311115474694e-13 4.2775797696334704e-26 -1 
vn -2.0682311115474694e-13 0 -1 
vn -2.0682311115474694e-13 0 -1 
vn -2.0682311115474694e-13 0 -1 
vn -2.0682311115474694e-13 0 -1 
vn -2.0682311115474694e-13 0 -1 
vn -2.0682311115474694e-13 0 -1 
vn 3.097898456858039e-13 -0.999997615814209 0.002184694167226553 
vn -0.38268253207206726 -0.9238772988319397 0.002184694167226553 
vn 3.097898456858039e-13 -0.999997615814209 0.002184694167226553 
vn -0.38268253207206726 -0.9238772988319397 0.002184694167226553 
vn -0.7071051001548767 -0.7071051001548767 0.002184694167226553 
vn -0.7071051001548767 -0.7071051001548767 0.002184694167226553 
vn -0.9238772988319397 -0.38268253207206726 0.002184694167226553 
vn -0.9238772988319397 -0.38268253207206726 0.002184694167226553 
vn -0.999997615814209 -2.0682260971124217e-13 0.002184694167226553 
vn -0.999997615814209 -2.0682260971124217e-13 0.002184694167226553 
vn -0.9238772988319397 0.38268253207206726 0.002184694167226553 
vn -0.9238772988319397 0.38268253207206726 0.002184694167226553 
vn -0.7071051001548767 0.7071051001548767 0.002184694167226553 
vn -0.7071051001548767 0.7071051001548767 0.002184694167226553 
vn -0.38268253207206726 0.9238772988319397 0.002184694167226553 
vn -0.38268253207206726 0.9238772988319397 0.002184694167226553 
vn -1.0341130485562108e-13 0.999997615814209 0.002184694167226553 
vn -1.0341130485562108e-13 0.999997615814209 0.002184694167226553 
vn -1.0341130485562108e-13 0.999997615814209 0.002184694167226553 
vn -1.0341130485562108e-13 0.999997615814209 0.002184694167226553 
vn 0.38268253207206726 0.9238772988319397 0.002184694167226553 
vn 0.38268253207206726 0.9238772988319397 0.002184694167226553 
vn 0.7071051001548767 0.7071051001548767 0.002184694167226553 
vn 0.7071051001548767 0.7071051001548767 0.002184694167226553 
vn 0.9238772988319397 0.38268253207206726 0.002184694167226553 
vn 0.9238772988319397 0.38268253207206726 0.002184694167226553 
vn 0.999997615814209 0 0.002184694167226553 
vn 0.999997615814209 0 0.002184694167226553 
vn 0.9238772988319397 -0.38268253207206726 0.002184694167226553 
vn 0.9238772988319397 -0.38268253207206726 0.002184694167226553 
vn 0.7071051001548767 -0.7071051001548767 0.002184694167226553 
vn 0.7071051001548767 -0.7071051001548767 0.002184694167226553 
vn 0.38268253207206726 -0.9238772988319397 0.002184694167226553 
vn 0.38268253207206726 -0.9238772988319397 0.002184694167226553 
vn 3.097898456858039e-13 -0.999997615814209 0.002184694167226553 
vn 3.097898456858039e-13 -0.999997615814209 0.002184694167226553 
vn -2.0682311115474694e-13 0 -1 
vn 2.0682311115474694e-13 4.2775797696334704e-26 -1 
vn -2.0682311115474694e-13 0 -1 
vn 2.0682311115474694e-13 4.2775797696334704e-26 -1 
vn -2.0682311115474694e-13 0 -1 
vn -2.0682311115474694e-13 0 -1 
vn -2.0682311115474694e-13 0 -1 
vn -2.0682311115474694e-13 0 -1 
vn -2.0682311115474694e-13 0 -1 
vn -2.0682311115474694e-13 0 -1 
vn -2.0682311115474694e-13 0 -1 
vn -2.0682311115474694e-13 0 -1 
vn -2.0682311115474694e-13 0 -1 
vn 2.0682311115474694e-13 4.2775797696334704e-26 -1 
vn 2.0682311115474694e-13 4.2775797696334704e-26 -1 
vn 2.0682311115474694e-13 4.2775797696334704e-26 -1 
vn -2.0682311115474694e-13 0 -1 
vn -2.0682311115474694e-13 0 -1 
vn -1.0341130485562108e-13 0.999997615814209 0.002184694167226553 
vn -0.38268253207206726 0.9238772988319397 0.002184694167226553 
vn -1.0341130485562108e-13 0.999997615814209 0.002184694167226553 
vn -0.38268253207206726 0.9238772988319397 0.002184694167226553 
vn -0.7071051001548767 0.7071051001548767 0.002184694167226553 
vn -0.7071051001548767 0.7071051001548767 0.002184694167226553 
vn -0.9238772988319397 0.38268253207206726 0.002184694167226553 
vn -0.9238772988319397 0.38268253207206726 0.002184694167226553 
vn -0.999997615814209 -2.0682260971124217e-13 0.002184694167226553 
vn -0.999997615814209 -2.0682260971124217e-13 0.002184694167226553 
vn -0.9238772988319397 -0.38268253207206726 0.002184694167226553 
vn -0.9238772988319397 -0.38268253207206726 0.002184694167226553 
vn -0.7071051001548767 -0.7071051001548767 0.002184694167226553 
vn -0.7071051001548767 -0.7071051001548767 0.002184694167226553 
vn -0.38268253207206726 -0.9238772988319397 0.002184694167226553 
vn -0.38268253207206726 -0.9238772988319397 0.002184694167226553 
vn 3.097898456858039e-13 -0.999997615814209 0.002184694167226553 
vn 3.097898456858039e-13 -0.999997615814209 0.002184694167226553 
vn -2.0682311115474694e-13 0 -1 
vn -2.0682311115474694e-13 0 -1 
vn -2.0682311115474694e-13 0 -1 
vn -2.0682311115474694e-13 0 -1 
vn -2.0682311115474694e-13 0 -1 
vn -2.0682311115474694e-13 0 -1 
vn -2.0682311115474694e-13 0 -1 
vn -2.0682311115474694e-13 0 -1 
vn -2.0682311115474694e-13 0 -1 
vn -2.0682311115474694e-13 0 -1 
vn -2.0682311115474694e-13 0 -1 
vn -2.0682311115474694e-13 0 -1 
vn -2.0682311115474694e-13 0 -1 
vn -2.0682311115474694e-13 0 -1 
vn -2.0682311115474694e-13 0 -1 
vn -2.0682311115474694e-13 0 -1 
vn -2.0682311115474694e-13 0 -1 
vn -2.0682311115474694e-13 0 -1 
vn 3.097898456858039e-13 -0.999997615814209 0.002184694167226553 
vn 3.097898456858039e-13 -0.999997615814209 0.002184694167226553 
vn 0.38268253207206726 -0.9238772988319397 0.002184694167226553 
vn 0.38268253207206726 -0.9238772988319397 0.002184694167226553 
vn 0.7071051001548767 -0.7071051001548767 0.002184694167226553 
vn 0.7071051001548767 -0.7071051001548767 0.002184694167226553 
vn 0.9238772988319397 -0.38268253207206726 0.002184694167226553 
vn 0.9238772988319397 -0.38268253207206726 0.002184694167226553 
vn 0.999997615814209 0 0.002184694167226553 
vn 0.999997615814209 0 0.002184694167226553 
vn 0.9238772988319397 0.38268253207206726 0.002184694167226553 
vn 0.9238772988319397 0.38268253207206726 0.002184694167226553 
vn 0.7071051001548767 0.7071051001548767 0.002184694167226553 
vn 0.7071051001548767 0.7071051001548767 0.002184694167226553 
vn 0.38268253207206726 0.9238772988319397 0.002184694167226553 
vn 0.38268253207206726 0.9238772988319397 0.002184694167226553 
vn -1.0341130485562108e-13 0.999997615814209 0.002184694167226553 
vn -1.0341130485562108e-13 0.999997615814209 0.002184694167226553 
vn -2.0682311115474694e-13 0 -1 
vn 2.0682311115474694e-13 4.2775797696334704e-26 -1 
vn -2.0682311115474694e-13 0 -1 
vn -2.0682311115474694e-13 0 -1 
vn -2.0682311115474694e-13 0 -1 
vn 2.0682311115474694e-13 4.2775797696334704e-26 -1 
vn -2.0682311115474694e-13 0 -1 
vn 2.0682311115474694e-13 4.2775797696334704e-26 -1 
vn -2.0682311115474694e-13 0 -1 
vn -2.0682311115474694e-13 0 -1 
vn 2.0682311115474694e-13 4.2775797696334704e-26 -1 
vn -2.0682311115474694e-13 0 -1 
vn 2.0682311115474694e-13 4.2775797696334704e-26 -1 
vn -2.0682311115474694e-13 0 -1 
vn 2.0682311115474694e-13 4.2775797696334704e-26 -1 
vn 2.0682311115474694e-13 4.2775797696334704e-26 -1 
vn 3.097898456858039e-13 -0.999997615814209 0.002184694167226553 
vn -0.38268253207206726 -0.9238772988319397 0.002184694167226553 
vn 3.097898456858039e-13 -0.999997615814209 0.002184694167226553 
vn -0.38268253207206726 -0.9238772988319397 0.002184694167226553 
vn -0.7071051001548767 -0.7071051001548767 0.002184694167226553 
vn -0.7071051001548767 -0.7071051001548767 0.002184694167226553 
vn -0.9238772988319397 -0.38268253207206726 0.002184694167226553 
vn -0.9238772988319397 -0.38268253207206726 0.002184694167226553 
vn -0.999997615814209 -2.0682260971124217e-13 0.002184694167226553 
vn -0.999997615814209 -2.0682260971124217e-13 0.002184694167226553 
vn -0.9238772988319397 0.38268253207206726 0.002184694167226553 
vn -0.9238772988319397 0.38268253207206726 0.002184694167226553 
vn -0.7071051001548767 0.7071051001548767 0.002184694167226553 
vn -0.7071051001548767 0.7071051001548767 0.002184694167226553 
vn -0.38268253207206726 0.9238772988319397 0.002184694167226553 
vn -0.38268253207206726 0.9238772988319397 0.002184694167226553 
vn -1.0341130485562108e-13 0.999997615814209 0.002184694167226553 
vn -1.0341130485562108e-13 0.999997615814209 0.002184694167226553 
vn -1.0341130485562108e-13 0.999997615814209 0.002184694167226553 
vn -1.0341130485562108e-13 0.999997615814209 0.002184694167226553 
vn 0.38268253207206726 0.9238772988319397 0.002184694167226553 
vn 0.38268253207206726 0.9238772988319397 0.002184694167226553 
vn 0.7071051001548767 0.7071051001548767 0.002184694167226553 
vn 0.7071051001548767 0.7071051001548767 0.002184694167226553 
vn 0.9238772988319397 0.38268253207206726 0.002184694167226553 
vn 0.9238772988319397 0.38268253207206726 0.002184694167226553 
vn 0.999997615814209 0 0.002184694167226553 
vn 0.999997615814209 0 0.002184694167226553 
vn 0.9238772988319397 -0.38268253207206726 0.002184694167226553 
vn 0.9238772988319397 -0.38268253207206726 0.002184694167226553 
vn 0.7071051001548767 -0.7071051001548767 0.002184694167226553 
vn 0.7071051001548767 -0.7071051001548767 0.002184694167226553 
vn 0.38268253207206726 -0.9238772988319397 0.002184694167226553 
vn 0.38268253207206726 -0.9238772988319397 0.002184694167226553 
vn 3.097898456858039e-13 -0.999997615814209 0.002184694167226553 
vn 3.097898456858039e-13 -0.999997615814209 0.002184694167226553 
vn -2.0682311115474694e-13 0 -1 
vn 2.0682311115474694e-13 4.2775797696334704e-26 -1 
vn -2.0682311115474694e-13 0 -1 
vn 2.0682311115474694e-13 4.2775797696334704e-26 -1 
vn -2.0682311115474694e-13 0 -1 
vn -2.0682311115474694e-13 0 -1 
vn 2.0682311115474694e-13 4.2775797696334704e-26 -1 
vn 2.0682311115474694e-13 4.2775797696334704e-26 -1 
vn 2.0682311115474694e-13 4.2775797696334704e-26 -1 
vn -2.0682311115474694e-13 0 -1 
vn -2.0682311115474694e-13 0 -1 
vn 2.0682311115474694e-13 4.2775797696334704e-26 -1 
vn 2.0682311115474694e-13 4.2775797696334704e-26 -1 
vn 2.0682311115474694e-13 4.2775797696334704e-26 -1 
vn 2.0682311115474694e-13 4.2775797696334704e-26 -1 
vn 2.0682311115474694e-13 4.2775797696334704e-26 -1 
vn -2.0682311115474694e-13 0 -1 
vn -2.0682311115474694e-13 0 -1 
vn -1.0341130485562108e-13 0.999997615814209 0.002184694167226553 
vn -0.38268253207206726 0.9238772988319397 0.002184694167226553 
vn -1.0341130485562108e-13 0.999997615814209 0.002184694167226553 
vn -0.38268253207206726 0.9238772988319397 0.002184694167226553 
vn -0.7071051001548767 0.7071051001548767 0.002184694167226553 
vn -0.7071051001548767 0.7071051001548767 0.002184694167226553 
vn -0.9238772988319397 0.38268253207206726 0.002184694167226553 
vn -0.9238772988319397 0.38268253207206726 0.002184694167226553 
vn -0.999997615814209 -2.0682260971124217e-13 0.002184694167226553 
vn -0.999997615814209 -2.0682260971124217e-13 0.002184694167226553 
vn -0.9238772988319397 -0.38268253207206726 0.002184694167226553 
vn -0.9238772988319397 -0.38268253207206726 0.002184694167226553 
vn -0.7071051001548767 -0.7071051001548767 0.002184694167226553 
vn -0.7071051001548767 -0.7071051001548767 0.002184694167226553 
vn -0.38268253207206726 -0.9238772988319397 0.002184694167226553 
vn -0.38268253207206726 -0.9238772988319397 0.002184694167226553 
vn 3.097898456858039e-13 -0.999997615814209 0.002184694167226553 
vn 3.097898456858039e-13 -0.999997615814209 0.002184694167226553 
vn -2.0682311115474694e-13 0 -1 
vn -2.0682311115474694e-13 0 -1 
vn -2.0682311115474694e-13 0 -1 
vn 2.0682311115474694e-13 4.2775797696334704e-26 -1 
vn 2.0682311115474694e-13 4.2775797696334704e-26 -1 
vn 2.0682311115474694e-13 4.2775797696334704e-26 -1 
vn -2.0682311115474694e-13 0 -1 
vn -2.0682311115474694e-13 0 -1 
vn -2.0682311115474694e-13 0 -1 
vn -2.0682311115474694e-13 0 -1 
vn -2.0682311115474694e-13 0 -1 
vn -2.0682311115474694e-13 0 -1 
vn 2.0682311115474694e-13 4.2775797696334704e-26 -1 
vn 2.0682311115474694e-13 4.2775797696334704e-26 -1 
vn -2.0682311115474694e-13 0 -1 
vn -2.0682311115474694e-13 0 -1 
vn -2.0682311115474694e-13 0 -1 
vn -2.0682311115474694e-13 0 -1 
vn 3.097898456858039e-13 -0.999997615814209 0.002184694167226553 
vn 3.097898456858039e-13 -0.999997615814209 0.002184694167226553 
vn 0.38268253207206726 -0.9238772988319397 0.002184694167226553 
vn 0.38268253207206726 -0.9238772988319397 0.002184694167226553 
vn 0.7071051001548767 -0.7071051001548767 0.002184694167226553 
vn 0.7071051001548767 -0.7071051001548767 0.002184694167226553 
vn 0.9238772988319397 -0.38268253207206726 0.002184694167226553 
vn 0.9238772988319397 -0.38268253207206726 0.002184694167226553 
vn 0.999997615814209 0 0.002184694167226553 
vn 0.999997615814209 0 0.002184694167226553 
vn 0.9238772988319397 0.38268253207206726 0.002184694167226553 
vn 0.9238772988319397 0.38268253207206726 0.002184694167226553 
vn 0.7071051001548767 0.7071051001548767 0.002184694167226553 
vn 0.7071051001548767 0.7071051001548767 0.002184694167226553 
vn 0.38268253207206726 0.9238772988319397 0.002184694167226553 
vn 0.38268253207206726 0.9238772988319397 0.002184694167226553 
vn -1.0341130485562108e-13 0.999997615814209 0.002184694167226553 
vn -1.0341130485562108e-13 0.999997615814209 0.002184694167226553 
vn -2.0682311115474694e-13 0 -1 
vn -2.0682311115474694e-13 0 -1 
vn -2.0682311115474694e-13 0 -1 
vn -2.0682311115474694e-13 0 -1 
vn -2.0682311115474694e-13 0 -1 
vn 2.0682311115474694e-13 4.2775797696334704e-26 -1 
vn -2.0682311115474694e-13 0 -1 
vn 2.0682311115474694e-13 4.2775797696334704e-26 -1 
vn -2.0682311115474694e-13 0 -1 
vn -2.0682311115474694e-13 0 -1 
vn 2.0682311115474694e-13 4.2775797696334704e-26 -1 
vn 2.0682311115474694e-13 4.2775797696334704e-26 -1 
vn -2.0682311115474694e-13 0 -1 
vn -2.0682311115474694e-13 0 -1 
vn 2.0682311115474694e-13 4.2775797696334704e-26 -1 
vn 2.0682311115474694e-13 4.2775797696334704e-26 -1 
vn 3.097898456858039e-13 -0.999997615814209 0.002184694167226553 
vn -0.38268253207206726 -0.9238772988319397 0.002184694167226553 
vn 3.097898456858039e-13 -0.999997615814209 0.002184694167226553 
vn -0.38268253207206726 -0.9238772988319397 0.002184694167226553 
vn -0.7071051001548767 -0.7071051001548767 0.002184694167226553 
vn -0.7071051001548767 -0.7071051001548767 0.002184694167226553 
vn -0.9238772988319397 -0.38268253207206726 0.002184694167226553 
vn -0.9238772988319397 -0.38268253207206726 0.002184694167226553 
vn -0.999997615814209 -2.0682260971124217e-13 0.002184694167226553 
vn -0.999997615814209 -2.0682260971124217e-13 0.002184694167226553 
vn -0.9238772988319397 0.38268253207206726 0.002184694167226553 
vn -0.9238772988319397 0.38268253207206726 0.002184694167226553 
vn -0.7071051001548767 0.7071051001548767 0.002184694167226553 
vn -0.7071051001548767 0.7071051001548767 0.002184694167226553 
vn -0.38268253207206726 0.9238772988319397 0.002184694167226553 
vn -0.38268253207206726 0.9238772988319397 0.002184694167226553 
vn -1.0341130485562108e-13 0.999997615814209 0.002184694167226553 
vn -1.0341130485562108e-13 0.999997615814209 0.002184694167226553 
vn -1.0341130485562108e-13 0.999997615814209 0.002184694167226553 
vn -1.0341130485562108e-13 0.999997615814209 0.002184694167226553 
vn 0.38268253207206726 0.9238772988319397 0.002184694167226553 
vn 0.38268253207206726 0.9238772988319397 0.002184694167226553 
vn 0.7071051001548767 0.7071051001548767 0.002184694167226553 
vn 0.7071051001548767 0.7071051001548767 0.002184694167226553 
vn 0.9238772988319397 0.38268253207206726 0.002184694167226553 
vn 0.9238772988319397 0.38268253207206726 0.002184694167226553 
vn 0.999997615814209 0 0.002184694167226553 
vn 0.999997615814209 0 0.002184694167226553 
vn 0.9238772988319397 -0.38268253207206726 0.002184694167226553 
vn 0.9238772988319397 -0.38268253207206726 0.002184694167226553 
vn 0.7071051001548767 -0.7071051001548767 0.002184694167226553 
vn 0.7071051001548767 -0.7071051001548767 0.002184694167226553 
vn 0.38268253207206726 -0.9238772988319397 0.002184694167226553 
vn 0.38268253207206726 -0.9238772988319397 0.002184694167226553 
vn 3.097898456858039e-13 -0.999997615814209 0.002184694167226553 
vn 3.097898456858039e-13 -0.999997615814209 0.002184694167226553 
vn -2.0682311115474694e-13 0 -1 
vn 2.0682311115474694e-13 4.2775797696334704e-26 -1 
vn -2.0682311115474694e-13 0 -1 
vn 2.0682311115474694e-13 4.2775797696334704e-26 -1 
vn -2.0682311115474694e-13 0 -1 
vn -2.0682311115474694e-13 0 -1 
vn 2.0682311115474694e-13 4.2775797696334704e-26 -1 
vn 2.0682311115474694e-13 4.2775797696334704e-26 -1 
vn 2.0682311115474694e-13 4.2775797696334704e-26 -1 
vn 2.0682311115474694e-13 4.2775797696334704e-26 -1 
vn 2.0682311115474694e-13 4.2775797696334704e-26 -1 
vn 2.0682311115474694e-13 4.2775797696334704e-26 -1 
vn -2.0682311115474694e-13 0 -1 
vn -2.0682311115474694e-13 0 -1 
vn -2.0682311115474694e-13 0 -1 
vn -2.0682311115474694e-13 0 -1 
vn -2.0682311115474694e-13 0 -1 
vn -2.0682311115474694e-13 0 -1 
vn -1.0341130485562108e-13 0.999997615814209 0.002184694167226553 
vn -1.0341130485562108e-13 0.999997615814209 0.002184694167226553 
vn -0.38268253207206726 0.9238772988319397 0.002184694167226553 
vn -0.38268253207206726 0.9238772988319397 0.002184694167226553 
vn -0.7071051001548767 0.7071051001548767 0.002184694167226553 
vn -0.7071051001548767 0.7071051001548767 0.002184694167226553 
vn -0.9238772988319397 0.38268253207206726 0.002184694167226553 
vn -0.9238772988319397 0.38268253207206726 0.002184694167226553 
vn -0.999997615814209 -2.0682260971124217e-13 0.002184694167226553 
vn -0.999997615814209 -2.0682260971124217e-13 0.002184694167226553 
vn -0.9238772988319397 -0.38268253207206726 0.002184694167226553 
vn -0.9238772988319397 -0.38268253207206726 0.002184694167226553 
vn -0.7071051001548767 -0.7071051001548767 0.002184694167226553 
vn -0.7071051001548767 -0.7071051001548767 0.002184694167226553 
vn -0.38268253207206726 -0.9238772988319397 0.002184694167226553 
vn -0.38268253207206726 -0.9238772988319397 0.002184694167226553 
vn 3.097898456858039e-13 -0.999997615814209 0.002184694167226553 
vn 3.097898456858039e-13 -0.999997615814209 0.002184694167226553 
vn -2.0682311115474694e-13 0 -1 
vn 2.0682311115474694e-13 4.2775797696334704e-26 -1 
vn -2.0682311115474694e-13 0 -1 
vn 2.0682311115474694e-13 4.2775797696334704e-26 -1 
vn 2.0682311115474694e-13 4.2775797696334704e-26 -1 
vn 2.0682311115474694e-13 4.2775797696334704e-26 -1 
vn -2.0682311115474694e-13 0 -1 
vn -2.0682311115474694e-13 0 -1 
vn -2.0682311115474694e-13 0 -1 
vn -2.0682311115474694e-13 0 -1 
vn 2.0682311115474694e-13 4.2775797696334704e-26 -1 
vn 2.0682311115474694e-13 4.2775797696334704e-26 -1 
vn 2.0682311115474694e-13 4.2775797696334704e-26 -1 
vn -2.0682311115474694e-13 0 -1 
vn 2.0682311115474694e-13 4.2775797696334704e-26 -1 
vn 2.0682311115474694e-13 4.2775797696334704e-26 -1 
vn 2.0682311115474694e-13 4.2775797696334704e-26 -1 
vn 2.0682311115474694e-13 4.2775797696334704e-26 -1 
vn -0.999997615814209 -2.0682260971124217e-13 -0.002184694167226553 
vn -0.9238772988319397 -0.38268253207206726 0.002184694167226553 
vn -0.9238772988319397 -0.38268253207206726 0.002184694167226553 
vn -0.7071051001548767 -0.7071051001548767 0.002184694167226553 
vn -0.999997615814209 -2.0682260971124217e-13 0.002184694167226553 
vn -0.9238772988319397 0.38268253207206726 -0.002184694167226553 
vn -0.9238772988319397 0.38268253207206726 -0.002184694167226553 
vn -0.7071051001548767 0.7071051001548767 -0.002184694167226553 
vn -0.7071051001548767 0.7071051001548767 0.002184694167226553 
vn -0.38268253207206726 0.9238772988319397 0.002184694167226553 
vn -0.38268253207206726 0.9238772988319397 0.002184694167226553 
vn -1.0341130485562108e-13 0.999997615814209 0.002184694167226553 
vn -1.0341130485562108e-13 0.999997615814209 0.002184694167226553 
vn -0.7071051001548767 -0.7071051001548767 0.002184694167226553 
vn -0.38268253207206726 -0.9238772988319397 0.002184694167226553 
vn -0.38268253207206726 -0.9238772988319397 0.002184694167226553 
vn 3.097898456858039e-13 -0.999997615814209 -0.002184694167226553 
vn 3.097898456858039e-13 -0.999997615814209 -0.002184694167226553 
vn 2.0682311115474694e-13 4.2775797696334704e-26 -1 
vn 2.0682311115474694e-13 4.2775797696334704e-26 -1 
vn 2.0682311115474694e-13 4.2775797696334704e-26 -1 
vn -2.0682311115474694e-13 0 -1 
vn -2.0682311115474694e-13 0 -1 
vn 2.0682311115474694e-13 4.2775797696334704e-26 -1 
vn 2.0682311115474694e-13 4.2775797696334704e-26 -1 
vn 2.0682311115474694e-13 4.2775797696334704e-26 -1 
vn -2.0682311115474694e-13 0 -1 
vn 2.0682311115474694e-13 4.2775797696334704e-26 -1 
vn -2.0682311115474694e-13 0 -1 
vn -2.0682311115474694e-13 0 -1 
vn -2.0682311115474694e-13 0 -1 
vn -2.0682311115474694e-13 0 -1 
vn -2.0682311115474694e-13 0 -1 
vn -2.0682311115474694e-13 0 -1 
vn 3.097898456858039e-13 -0.999997615814209 -0.002184694167226553 
vn 0.38268253207206726 -0.9238772988319397 -0.002184694167226553 
vn 3.097898456858039e-13 -0.999997615814209 -0.002184694167226553 
vn 0.38268253207206726 -0.9238772988319397 -0.002184694167226553 
vn 0.7071051001548767 -0.7071051001548767 -0.002184694167226553 
vn 0.7071051001548767 -0.7071051001548767 0.002184694167226553 
vn 0.9238772988319397 -0.38268253207206726 0.002184694167226553 
vn 0.9238772988319397 -0.38268253207206726 0.002184694167226553 
vn 0.999997615814209 0 0.002184694167226553 
vn 0.999997615814209 0 0.002184694167226553 
vn 0.9238772988319397 0.38268253207206726 0.002184694167226553 
vn 0.9238772988319397 0.38268253207206726 0.002184694167226553 
vn 0.7071051001548767 0.7071051001548767 0.002184694167226553 
vn 0.7071051001548767 0.7071051001548767 0.002184694167226553 
vn 0.38268253207206726 0.9238772988319397 0.002184694167226553 
vn 0.38268253207206726 0.9238772988319397 0.002184694167226553 
vn -1.0341130485562108e-13 0.999997615814209 0.002184694167226553 
vn -1.0341130485562108e-13 0.999997615814209 0.002184694167226553 
vn -1.0341130485562108e-13 0.999997615814209 0.002184694167226553 
vn -0.38268253207206726 0.9238772988319397 0.002184694167226553 
vn -1.0341130485562108e-13 0.999997615814209 0.002184694167226553 
vn -0.38268253207206726 0.9238772988319397 0.002184694167226553 
vn -0.7071051001548767 0.7071051001548767 0.002184694167226553 
vn -0.7071051001548767 0.7071051001548767 -0.002184694167226553 
vn -0.9238772988319397 0.38268253207206726 0.002184694167226553 
vn -0.9238772988319397 0.38268253207206726 0.002184694167226553 
vn -0.999997615814209 -2.0682260971124217e-13 0.002184694167226553 
vn -0.999997615814209 -2.0682260971124217e-13 0.002184694167226553 
vn -0.9238772988319397 -0.38268253207206726 0.002184694167226553 
vn -0.9238772988319397 -0.38268253207206726 0.002184694167226553 
vn -0.7071051001548767 -0.7071051001548767 0.002184694167226553 
vn -0.7071051001548767 -0.7071051001548767 0.002184694167226553 
vn -0.38268253207206726 -0.9238772988319397 0.002184694167226553 
vn -0.38268253207206726 -0.9238772988319397 0.002184694167226553 
vn 3.097898456858039e-13 -0.999997615814209 -0.002184694167226553 
vn 3.097898456858039e-13 -0.999997615814209 -0.002184694167226553 
vn -2.0682311115474694e-13 0 -1 
vn -2.0682311115474694e-13 0 -1 
vn -2.0682311115474694e-13 0 -1 
vn 2.0682311115474694e-13 4.2775797696334704e-26 -1 
vn 2.0682311115474694e-13 4.2775797696334704e-26 -1 
vn 2.0682311115474694e-13 4.2775797696334704e-26 -1 
vn -2.0682311115474694e-13 0 -1 
vn -2.0682311115474694e-13 0 -1 
vn 2.0682311115474694e-13 4.2775797696334704e-26 -1 
vn -2.0682311115474694e-13 0 -1 
vn 2.0682311115474694e-13 4.2775797696334704e-26 -1 
vn 2.0682311115474694e-13 4.2775797696334704e-26 -1 
vn 2.0682311115474694e-13 4.2775797696334704e-26 -1 
vn 2.0682311115474694e-13 4.2775797696334704e-26 -1 
vn 2.0682311115474694e-13 4.2775797696334704e-26 -1 
vn 2.0682311115474694e-13 4.2775797696334704e-26 -1 
vn 2.0682311115474694e-13 4.2775797696334704e-26 -1 
vn 2.0682311115474694e-13 4.2775797696334704e-26 -1 
vn 3.097898456858039e-13 -0.999997615814209 -0.002184694167226553 
vn 0.38268253207206726 -0.9238772988319397 -0.002184694167226553 
vn 3.097898456858039e-13 -0.999997615814209 -0.002184694167226553 
vn 0.38268253207206726 -0.9238772988319397 0.002184694167226553 
vn 0.7071051001548767 -0.7071051001548767 0.002184694167226553 
vn 0.7071051001548767 -0.7071051001548767 0.002184694167226553 
vn 0.9238772988319397 -0.38268253207206726 0.002184694167226553 
vn 0.9238772988319397 -0.38268253207206726 0.002184694167226553 
vn 0.999997615814209 0 0.002184694167226553 
vn 0.999997615814209 0 0.002184694167226553 
vn 0.9238772988319397 0.38268253207206726 0.002184694167226553 
vn 0.9238772988319397 0.38268253207206726 0.002184694167226553 
vn 0.7071051001548767 0.7071051001548767 0.002184694167226553 
vn 0.7071051001548767 0.7071051001548767 0.002184694167226553 
vn 0.38268253207206726 0.9238772988319397 0.002184694167226553 
vn 0.38268253207206726 0.9238772988319397 0.002184694167226553 
vn -1.0341130485562108e-13 0.999997615814209 0.002184694167226553 
vn -1.0341130485562108e-13 0.999997615814209 0.002184694167226553 
vn -2.0682311115474694e-13 0 -1 
vn -2.0682311115474694e-13 0 -1 
vn -2.0682311115474694e-13 0 -1 
vn 2.0682311115474694e-13 4.2775797696334704e-26 -1 
vn -2.0682311115474694e-13 0 -1 
vn -2.0682311115474694e-13 0 -1 
vn -2.0682311115474694e-13 0 -1 
vn -2.0682311115474694e-13 0 -1 
vn -2.0682311115474694e-13 0 -1 
vn -2.0682311115474694e-13 0 -1 
vn 2.0682311115474694e-13 4.2775797696334704e-26 -1 
vn 2.0682311115474694e-13 4.2775797696334704e-26 -1 
vn 2.0682311115474694e-13 4.2775797696334704e-26 -1 
vn 2.0682311115474694e-13 4.2775797696334704e-26 -1 
vn -2.0682311115474694e-13 0 -1 
vn -2.0682311115474694e-13 0 -1 
vn -2.0682311115474694e-13 0 -1 
vn -2.0682311115474694e-13 0 -1 
vn -0.999997615814209 -2.0682260971124217e-13 0.002184694167226553 
vn -0.9238772988319397 -0.38268253207206726 0.002184694167226553 
vn -0.999997615814209 -2.0682260971124217e-13 0.002184694167226553 
vn -0.9238772988319397 -0.38268253207206726 0.002184694167226553 
vn -0.9238772988319397 0.38268253207206726 0.002184694167226553 
vn -0.9238772988319397 0.38268253207206726 0.002184694167226553 
vn -0.7071051001548767 0.7071051001548767 0.002184694167226553 
vn -0.7071051001548767 0.7071051001548767 0.002184694167226553 
vn -0.38268253207206726 0.9238772988319397 0.002184694167226553 
vn -0.38268253207206726 0.9238772988319397 0.002184694167226553 
vn -1.0341130485562108e-13 0.999997615814209 0.002184694167226553 
vn -1.0341130485562108e-13 0.999997615814209 0.002184694167226553 
vn -0.7071051001548767 -0.7071051001548767 0.002184694167226553 
vn -0.7071051001548767 -0.7071051001548767 0.002184694167226553 
vn -0.38268253207206726 -0.9238772988319397 0.002184694167226553 
vn -0.38268253207206726 -0.9238772988319397 0.002184694167226553 
vn 3.097898456858039e-13 -0.999997615814209 0.002184694167226553 
vn 3.097898456858039e-13 -0.999997615814209 0.002184694167226553 
vn -2.0682311115474694e-13 0 -1 
vn -2.0682311115474694e-13 0 -1 
vn -2.0682311115474694e-13 0 -1 
vn -2.0682311115474694e-13 0 -1 
vn -2.0682311115474694e-13 0 -1 
vn -2.0682311115474694e-13 0 -1 
vn -2.0682311115474694e-13 0 -1 
vn -2.0682311115474694e-13 0 -1 
vn -2.0682311115474694e-13 0 -1 
vn -2.0682311115474694e-13 0 -1 
vn -2.0682311115474694e-13 0 -1 
vn -2.0682311115474694e-13 0 -1 
vn -2.0682311115474694e-13 0 -1 
vn -2.0682311115474694e-13 0 -1 
vn -2.0682311115474694e-13 0 -1 
vn -2.0682311115474694e-13 0 -1 
vn 3.097898456858039e-13 -0.999997615814209 0.002184694167226553 
vn 0.38268253207206726 -0.9238772988319397 0.002184694167226553 
vn 3.097898456858039e-13 -0.999997615814209 0.002184694167226553 
vn 0.38268253207206726 -0.9238772988319397 0.002184694167226553 
vn 0.7071051001548767 -0.7071051001548767 0.002184694167226553 
vn 0.7071051001548767 -0.7071051001548767 0.002184694167226553 
vn 0.9238772988319397 -0.38268253207206726 0.002184694167226553 
vn 0.9238772988319397 -0.38268253207206726 0.002184694167226553 
vn 0.999997615814209 0 0.002184694167226553 
vn 0.999997615814209 0 0.002184694167226553 
vn 0.9238772988319397 0.38268253207206726 0.002184694167226553 
vn 0.9238772988319397 0.38268253207206726 0.002184694167226553 
vn 0.7071051001548767 0.7071051001548767 0.002184694167226553 
vn 0.7071051001548767 0.7071051001548767 0.002184694167226553 
vn 0.38268253207206726 0.9238772988319397 0.002184694167226553 
vn 0.38268253207206726 0.9238772988319397 0.002184694167226553 
vn -1.0341130485562108e-13 0.999997615814209 0.002184694167226553 
vn -1.0341130485562108e-13 0.999997615814209 0.002184694167226553 
vn -1.0341130485562108e-13 0.999997615814209 0.002184694167226553 
vn -1.0341130485562108e-13 0.999997615814209 0.002184694167226553 
vn -0.38268253207206726 0.9238772988319397 0.002184694167226553 
vn -0.38268253207206726 0.9238772988319397 0.002184694167226553 
vn -0.7071051001548767 0.7071051001548767 0.002184694167226553 
vn -0.7071051001548767 0.7071051001548767 0.002184694167226553 
vn -0.9238772988319397 0.38268253207206726 0.002184694167226553 
vn -0.9238772988319397 0.38268253207206726 0.002184694167226553 
vn -0.999997615814209 -2.0682260971124217e-13 0.002184694167226553 
vn -0.999997615814209 -2.0682260971124217e-13 0.002184694167226553 
vn -0.9238772988319397 -0.38268253207206726 0.002184694167226553 
vn -0.9238772988319397 -0.38268253207206726 0.002184694167226553 
vn -0.7071051001548767 -0.7071051001548767 0.002184694167226553 
vn -0.7071051001548767 -0.7071051001548767 0.002184694167226553 
vn -0.38268253207206726 -0.9238772988319397 0.002184694167226553 
vn -0.38268253207206726 -0.9238772988319397 0.002184694167226553 
vn 3.097898456858039e-13 -0.999997615814209 0.002184694167226553 
vn 3.097898456858039e-13 -0.999997615814209 0.002184694167226553 
vn 2.0682311115474694e-13 4.2775797696334704e-26 -1 
vn -2.0682311115474694e-13 0 -1 
vn 2.0682311115474694e-13 4.2775797696334704e-26 -1 
vn -2.0682311115474694e-13 0 -1 
vn -2.0682311115474694e-13 0 -1 
vn -2.0682311115474694e-13 0 -1 
vn -2.0682311115474694e-13 0 -1 
vn -2.0682311115474694e-13 0 -1 
vn -2.0682311115474694e-13 0 -1 
vn -2.0682311115474694e-13 0 -1 
vn -2.0682311115474694e-13 0 -1 
vn -2.0682311115474694e-13 0 -1 
vn -2.0682311115474694e-13 0 -1 
vn -2.0682311115474694e-13 0 -1 
vn 2.0682311115474694e-13 4.2775797696334704e-26 -1 
vn -2.0682311115474694e-13 0 -1 
vn -2.0682311115474694e-13 0 -1 
vn -2.0682311115474694e-13 0 -1 
vn -1.0341130485562108e-13 0.999997615814209 0.002184694167226553 
vn 0.38268253207206726 0.9238772988319397 0.002184694167226553 
vn -1.0341130485562108e-13 0.999997615814209 0.002184694167226553 
vn 0.38268253207206726 0.9238772988319397 0.002184694167226553 
vn 0.7071051001548767 0.7071051001548767 0.002184694167226553 
vn 0.7071051001548767 0.7071051001548767 0.002184694167226553 
vn 0.9238772988319397 0.38268253207206726 0.002184694167226553 
vn 0.9238772988319397 0.38268253207206726 0.002184694167226553 
vn 0.999997615814209 0 0.002184694167226553 
vn 0.999997615814209 0 0.002184694167226553 
vn 0.9238772988319397 -0.38268253207206726 0.002184694167226553 
vn 0.9238772988319397 -0.38268253207206726 0.002184694167226553 
vn 0.7071051001548767 -0.7071051001548767 0.002184694167226553 
vn 0.7071051001548767 -0.7071051001548767 0.002184694167226553 
vn 0.38268253207206726 -0.9238772988319397 0.002184694167226553 
vn 0.38268253207206726 -0.9238772988319397 0.002184694167226553 
vn 3.097898456858039e-13 -0.999997615814209 0.002184694167226553 
vn 3.097898456858039e-13 -0.999997615814209 0.002184694167226553 
vn -2.0682311115474694e-13 0 -1 
vn -2.0682311115474694e-13 0 -1 
vn -2.0682311115474694e-13 0 -1 
vn -2.0682311115474694e-13 0 -1 
vn -2.0682311115474694e-13 0 -1 
vn -2.0682311115474694e-13 0 -1 
vn -2.0682311115474694e-13 0 -1 
vn 2.0682311115474694e-13 4.2775797696334704e-26 -1 
vn -2.0682311115474694e-13 0 -1 
vn 2.0682311115474694e-13 4.2775797696334704e-26 -1 
vn 2.0682311115474694e-13 4.2775797696334704e-26 -1 
vn -2.0682311115474694e-13 0 -1 
vn 2.0682311115474694e-13 4.2775797696334704e-26 -1 
vn 2.0682311115474694e-13 4.2775797696334704e-26 -1 
vn -2.0682311115474694e-13 0 -1 
vn -2.0682311115474694e-13 0 -1 
vn -2.0682311115474694e-13 0 -1 
vn -2.0682311115474694e-13 0 -1 
vn 0.999997615814209 0 0.002184694167226553 
vn 0.999997615814209 0 0.002184694167226553 
vn 0.9238772988319397 0.38268253207206726 0.002184694167226553 
vn 0.9238772988319397 0.38268253207206726 0.002184694167226553 
vn 0.9238772988319397 -0.38268253207206726 0.002184694167226553 
vn 0.9238772988319397 -0.38268253207206726 0.002184694167226553 
vn 0.7071051001548767 -0.7071051001548767 0.002184694167226553 
vn 0.7071051001548767 -0.7071051001548767 0.002184694167226553 
vn 0.38268253207206726 -0.9238772988319397 0.002184694167226553 
vn 0.38268253207206726 -0.9238772988319397 0.002184694167226553 
vn 3.097898456858039e-13 -0.999997615814209 0.002184694167226553 
vn 3.097898456858039e-13 -0.999997615814209 0.002184694167226553 
vn 0.7071051001548767 0.7071051001548767 0.002184694167226553 
vn 0.7071051001548767 0.7071051001548767 0.002184694167226553 
vn 0.38268253207206726 0.9238772988319397 0.002184694167226553 
vn 0.38268253207206726 0.9238772988319397 0.002184694167226553 
vn -1.0341130485562108e-13 0.999997615814209 0.002184694167226553 
vn -1.0341130485562108e-13 0.999997615814209 0.002184694167226553 
vn -2.0682311115474694e-13 0 -1 
vn -2.0682311115474694e-13 0 -1 
vn -2.0682311115474694e-13 0 -1 
vn -2.0682311115474694e-13 0 -1 
vn -2.0682311115474694e-13 0 -1 
vn 2.0682311115474694e-13 4.2775797696334704e-26 -1 
vn -2.0682311115474694e-13 0 -1 
vn -2.0682311115474694e-13 0 -1 
vn 2.0682311115474694e-13 4.2775797696334704e-26 -1 
vn 2.0682311115474694e-13 4.2775797696334704e-26 -1 
vn -2.0682311115474694e-13 0 -1 
vn -2.0682311115474694e-13 0 -1 
vn -2.0682311115474694e-13 0 -1 
vn -2.0682311115474694e-13 0 -1 
vn -2.0682311115474694e-13 0 -1 
vn -2.0682311115474694e-13 0 -1 
vn -1.0341130485562108e-13 0.999997615814209 0.002184694167226553 
vn -1.0341130485562108e-13 0.999997615814209 0.002184694167226553 
vn -0.38268253207206726 0.9238772988319397 0.002184694167226553 
vn -0.38268253207206726 0.9238772988319397 0.002184694167226553 
vn -0.7071051001548767 0.7071051001548767 0.002184694167226553 
vn -0.7071051001548767 0.7071051001548767 0.002184694167226553 
vn -0.9238772988319397 0.38268253207206726 0.002184694167226553 
vn -0.9238772988319397 0.38268253207206726 0.002184694167226553 
vn -0.999997615814209 -2.0682260971124217e-13 0.002184694167226553 
vn -0.999997615814209 -2.0682260971124217e-13 0.002184694167226553 
vn -0.9238772988319397 -0.38268253207206726 0.002184694167226553 
vn -0.9238772988319397 -0.38268253207206726 0.002184694167226553 
vn -0.7071051001548767 -0.7071051001548767 0.002184694167226553 
vn -0.7071051001548767 -0.7071051001548767 0.002184694167226553 
vn -0.38268253207206726 -0.9238772988319397 0.002184694167226553 
vn -0.38268253207206726 -0.9238772988319397 0.002184694167226553 
vn 3.097898456858039e-13 -0.999997615814209 0.002184694167226553 
vn 3.097898456858039e-13 -0.999997615814209 0.002184694167226553 
vn 3.097898456858039e-13 -0.999997615814209 0.002184694167226553 
vn 3.097898456858039e-13 -0.999997615814209 0.002184694167226553 
vn 0.38268253207206726 -0.9238772988319397 0.002184694167226553 
vn 0.38268253207206726 -0.9238772988319397 0.002184694167226553 
vn 0.7071051001548767 -0.7071051001548767 0.002184694167226553 
vn 0.7071051001548767 -0.7071051001548767 0.002184694167226553 
vn 0.9238772988319397 -0.38268253207206726 0.002184694167226553 
vn 0.9238772988319397 -0.38268253207206726 0.002184694167226553 
vn 0.999997615814209 0 0.002184694167226553 
vn 0.999997615814209 0 0.002184694167226553 
vn 0.9238772988319397 0.38268253207206726 0.002184694167226553 
vn 0.9238772988319397 0.38268253207206726 0.002184694167226553 
vn 0.7071051001548767 0.7071051001548767 0.002184694167226553 
vn 0.7071051001548767 0.7071051001548767 0.002184694167226553 
vn 0.38268253207206726 0.9238772988319397 0.002184694167226553 
vn 0.38268253207206726 0.9238772988319397 0.002184694167226553 
vn -1.0341130485562108e-13 0.999997615814209 0.002184694167226553 
vn -1.0341130485562108e-13 0.999997615814209 0.002184694167226553 
vn 2.0682311115474694e-13 4.2775797696334704e-26 -1 
vn -2.0682311115474694e-13 0 -1 
vn 2.0682311115474694e-13 4.2775797696334704e-26 -1 
vn -2.0682311115474694e-13 0 -1 
vn -2.0682311115474694e-13 0 -1 
vn -2.0682311115474694e-13 0 -1 
vn -2.0682311115474694e-13 0 -1 
vn -2.0682311115474694e-13 0 -1 
vn -2.0682311115474694e-13 0 -1 
vn -2.0682311115474694e-13 0 -1 
vn -2.0682311115474694e-13 0 -1 
vn 2.0682311115474694e-13 4.2775797696334704e-26 -1 
vn -2.0682311115474694e-13 0 -1 
vn -2.0682311115474694e-13 0 -1 
vn 2.0682311115474694e-13 4.2775797696334704e-26 -1 
vn 2.0682311115474694e-13 4.2775797696334704e-26 -1 
vn -2.0682311115474694e-13 0 -1 
vn -2.0682311115474694e-13 0 -1 
vn 3.097898456858039e-13 -0.999997615814209 0.002184694167226553 
vn -0.38268253207206726 -0.9238772988319397 0.002184694167226553 
vn 3.097898456858039e-13 -0.999997615814209 0.002184694167226553 
vn -0.38268253207206726 -0.9238772988319397 0.002184694167226553 
vn -0.7071051001548767 -0.7071051001548767 0.002184694167226553 
vn -0.7071051001548767 -0.7071051001548767 0.002184694167226553 
vn -0.9238772988319397 -0.38268253207206726 0.002184694167226553 
vn -0.9238772988319397 -0.38268253207206726 0.002184694167226553 
vn -0.999997615814209 -2.0682260971124217e-13 0.002184694167226553 
vn -0.999997615814209 -2.0682260971124217e-13 0.002184694167226553 
vn -0.9238772988319397 0.38268253207206726 0.002184694167226553 
vn -0.9238772988319397 0.38268253207206726 0.002184694167226553 
vn -0.7071051001548767 0.7071051001548767 0.002184694167226553 
vn -0.7071051001548767 0.7071051001548767 0.002184694167226553 
vn -0.38268253207206726 0.9238772988319397 0.002184694167226553 
vn -0.38268253207206726 0.9238772988319397 0.002184694167226553 
vn -1.0341130485562108e-13 0.999997615814209 0.002184694167226553 
vn -1.0341130485562108e-13 0.999997615814209 0.002184694167226553 
vn -2.0682311115474694e-13 0 -1 
vn -2.0682311115474694e-13 0 -1 
vn -2.0682311115474694e-13 0 -1 
vn 2.0682311115474694e-13 4.2775797696334704e-26 -1 
vn 2.0682311115474694e-13 4.2775797696334704e-26 -1 
vn 2.0682311115474694e-13 4.2775797696334704e-26 -1 
vn -2.0682311115474694e-13 0 -1 
vn -2.0682311115474694e-13 0 -1 
vn 2.0682311115474694e-13 4.2775797696334704e-26 -1 
vn -2.0682311115474694e-13 0 -1 
vn 2.0682311115474694e-13 4.2775797696334704e-26 -1 
vn -2.0682311115474694e-13 0 -1 
vn 2.0682311115474694e-13 4.2775797696334704e-26 -1 
vn -2.0682311115474694e-13 0 -1 
vn -2.0682311115474694e-13 0 -1 
vn -2.0682311115474694e-13 0 -1 
vn -2.0682311115474694e-13 0 -1 
vn -2.0682311115474694e-13 0 -1 
vn 0.999997615814209 0 0.002184694167226553 
vn 0.999997615814209 0 0.002184694167226553 
vn 0.9238772988319397 0.38268253207206726 0.002184694167226553 
vn 0.9238772988319397 0.38268253207206726 0.002184694167226553 
vn 0.9238772988319397 -0.38268253207206726 0.002184694167226553 
vn 0.9238772988319397 -0.38268253207206726 0.002184694167226553 
vn 0.7071051001548767 -0.7071051001548767 0.002184694167226553 
vn 0.7071051001548767 -0.7071051001548767 0.002184694167226553 
vn 0.38268253207206726 -0.9238772988319397 0.002184694167226553 
vn 0.38268253207206726 -0.9238772988319397 0.002184694167226553 
vn 3.097898456858039e-13 -0.999997615814209 0.002184694167226553 
vn 3.097898456858039e-13 -0.999997615814209 0.002184694167226553 
vn 0.7071051001548767 0.7071051001548767 0.002184694167226553 
vn 0.7071051001548767 0.7071051001548767 0.002184694167226553 
vn 0.38268253207206726 0.9238772988319397 0.002184694167226553 
vn 0.38268253207206726 0.9238772988319397 0.002184694167226553 
vn -1.0341130485562108e-13 0.999997615814209 0.002184694167226553 
vn -1.0341130485562108e-13 0.999997615814209 0.002184694167226553 
vn -2.0682311115474694e-13 0 -1 
vn -2.0682311115474694e-13 0 -1 
vn -2.0682311115474694e-13 0 -1 
vn -2.0682311115474694e-13 0 -1 
vn -2.0682311115474694e-13 0 -1 
vn 2.0682311115474694e-13 4.2775797696334704e-26 -1 
vn -2.0682311115474694e-13 0 -1 
vn -2.0682311115474694e-13 0 -1 
vn 2.0682311115474694e-13 4.2775797696334704e-26 -1 
vn -2.0682311115474694e-13 0 -1 
vn -2.0682311115474694e-13 0 -1 
vn -2.0682311115474694e-13 0 -1 
vn -2.0682311115474694e-13 0 -1 
vn -2.0682311115474694e-13 0 -1 
vn -2.0682311115474694e-13 0 -1 
vn -2.0682311115474694e-13 0 -1 
vn -1.0341130485562108e-13 0.999997615814209 0.002184694167226553 
vn -1.0341130485562108e-13 0.999997615814209 0.002184694167226553 
vn -0.38268253207206726 0.9238772988319397 0.002184694167226553 
vn -0.38268253207206726 0.9238772988319397 0.002184694167226553 
vn -0.7071051001548767 0.7071051001548767 0.002184694167226553 
vn -0.7071051001548767 0.7071051001548767 0.002184694167226553 
vn -0.9238772988319397 0.38268253207206726 0.002184694167226553 
vn -0.9238772988319397 0.38268253207206726 0.002184694167226553 
vn -0.999997615814209 -2.0682260971124217e-13 0.002184694167226553 
vn -0.999997615814209 -2.0682260971124217e-13 0.002184694167226553 
vn -0.9238772988319397 -0.38268253207206726 0.002184694167226553 
vn -0.9238772988319397 -0.38268253207206726 0.002184694167226553 
vn -0.7071051001548767 -0.7071051001548767 0.002184694167226553 
vn -0.7071051001548767 -0.7071051001548767 0.002184694167226553 
vn -0.38268253207206726 -0.9238772988319397 0.002184694167226553 
vn -0.38268253207206726 -0.9238772988319397 0.002184694167226553 
vn 3.097898456858039e-13 -0.999997615814209 0.002184694167226553 
vn 3.097898456858039e-13 -0.999997615814209 0.002184694167226553 
vn 3.097898456858039e-13 -0.999997615814209 0.002184694167226553 
vn 3.097898456858039e-13 -0.999997615814209 0.002184694167226553 
vn 0.38268253207206726 -0.9238772988319397 0.002184694167226553 
vn 0.38268253207206726 -0.9238772988319397 0.002184694167226553 
vn 0.7071051001548767 -0.7071051001548767 0.002184694167226553 
vn 0.7071051001548767 -0.7071051001548767 0.002184694167226553 
vn 0.9238772988319397 -0.38268253207206726 0.002184694167226553 
vn 0.9238772988319397 -0.38268253207206726 0.002184694167226553 
vn 0.999997615814209 0 0.002184694167226553 
vn 0.999997615814209 0 0.002184694167226553 
vn 0.9238772988319397 0.38268253207206726 0.002184694167226553 
vn 0.9238772988319397 0.38268253207206726 0.002184694167226553 
vn 0.7071051001548767 0.7071051001548767 0.002184694167226553 
vn 0.7071051001548767 0.7071051001548767 0.002184694167226553 
vn 0.38268253207206726 0.9238772988319397 0.002184694167226553 
vn 0.38268253207206726 0.9238772988319397 0.002184694167226553 
vn -1.0341130485562108e-13 0.999997615814209 0.002184694167226553 
vn -1.0341130485562108e-13 0.999997615814209 0.002184694167226553 
vn -2.0682311115474694e-13 0 -1 
vn 2.0682311115474694e-13 4.2775797696334704e-26 -1 
vn 2.0682311115474694e-13 4.2775797696334704e-26 -1 
vn 2.0682311115474694e-13 4.2775797696334704e-26 -1 
vn -2.0682311115474694e-13 0 -1 
vn -2.0682311115474694e-13 0 -1 
vn 2.0682311115474694e-13 4.2775797696334704e-26 -1 
vn 2.0682311115474694e-13 4.2775797696334704e-26 -1 
vn 2.0682311115474694e-13 4.2775797696334704e-26 -1 
vn -2.0682311115474694e-13 0 -1 
vn 2.0682311115474694e-13 4.2775797696334704e-26 -1 
vn 2.0682311115474694e-13 4.2775797696334704e-26 -1 
vn -2.0682311115474694e-13 0 -1 
vn -2.0682311115474694e-13 0 -1 
vn 2.0682311115474694e-13 4.2775797696334704e-26 -1 
vn 2.0682311115474694e-13 4.2775797696334704e-26 -1 
vn -2.0682311115474694e-13 0 -1 
vn -2.0682311115474694e-13 0 -1 
vn 3.097898456858039e-13 -0.999997615814209 0.002184694167226553 
vn -0.38268253207206726 -0.9238772988319397 0.002184694167226553 
vn 3.097898456858039e-13 -0.999997615814209 0.002184694167226553 
vn -0.38268253207206726 -0.9238772988319397 0.002184694167226553 
vn -0.7071051001548767 -0.7071051001548767 0.002184694167226553 
vn -0.7071051001548767 -0.7071051001548767 0.002184694167226553 
vn -0.9238772988319397 -0.38268253207206726 0.002184694167226553 
vn -0.9238772988319397 -0.38268253207206726 0.002184694167226553 
vn -0.999997615814209 -2.0682260971124217e-13 0.002184694167226553 
vn -0.999997615814209 -2.0682260971124217e-13 0.002184694167226553 
vn -0.9238772988319397 0.38268253207206726 0.002184694167226553 
vn -0.9238772988319397 0.38268253207206726 0.002184694167226553 
vn -0.7071051001548767 0.7071051001548767 0.002184694167226553 
vn -0.7071051001548767 0.7071051001548767 0.002184694167226553 
vn -0.38268253207206726 0.9238772988319397 0.002184694167226553 
vn -0.38268253207206726 0.9238772988319397 0.002184694167226553 
vn -1.0341130485562108e-13 0.999997615814209 0.002184694167226553 
vn -1.0341130485562108e-13 0.999997615814209 0.002184694167226553 
vn -2.0682311115474694e-13 0 -1 
vn 2.0682311115474694e-13 4.2775797696334704e-26 -1 
vn -2.0682311115474694e-13 0 -1 
vn 2.0682311115474694e-13 4.2775797696334704e-26 -1 
vn -2.0682311115474694e-13 0 -1 
vn -2.0682311115474694e-13 0 -1 
vn 2.0682311115474694e-13 4.2775797696334704e-26 -1 
vn 2.0682311115474694e-13 4.2775797696334704e-26 -1 
vn 2.0682311115474694e-13 4.2775797696334704e-26 -1 
vn -2.0682311115474694e-13 0 -1 
vn 2.0682311115474694e-13 4.2775797696334704e-26 -1 
vn -2.0682311115474694e-13 0 -1 
vn 2.0682311115474694e-13 4.2775797696334704e-26 -1 
vn 2.0682311115474694e-13 4.2775797696334704e-26 -1 
vn 2.0682311115474694e-13 4.2775797696334704e-26 -1 
vn -2.0682311115474694e-13 0 -1 
vn -2.0682311115474694e-13 0 -1 
vn -2.0682311115474694e-13 0 -1 
vn -1.0341130485562108e-13 0.999997615814209 0.002184694167226553 
vn -0.38268253207206726 0.9238772988319397 0.002184694167226553 
vn -1.0341130485562108e-13 0.999997615814209 0.002184694167226553 
vn -0.38268253207206726 0.9238772988319397 0.002184694167226553 
vn -0.7071051001548767 0.7071051001548767 0.002184694167226553 
vn -0.7071051001548767 0.7071051001548767 0.002184694167226553 
vn -0.9238772988319397 0.38268253207206726 0.002184694167226553 
vn -0.9238772988319397 0.38268253207206726 0.002184694167226553 
vn -0.999997615814209 -2.0682260971124217e-13 0.002184694167226553 
vn -0.999997615814209 -2.0682260971124217e-13 0.002184694167226553 
vn -0.9238772988319397 -0.38268253207206726 0.002184694167226553 
vn -0.9238772988319397 -0.38268253207206726 0.002184694167226553 
vn -0.7071051001548767 -0.7071051001548767 0.002184694167226553 
vn -0.7071051001548767 -0.7071051001548767 0.002184694167226553 
vn -0.38268253207206726 -0.9238772988319397 0.002184694167226553 
vn -0.38268253207206726 -0.9238772988319397 0.002184694167226553 
vn 3.097898456858039e-13 -0.999997615814209 0.002184694167226553 
vn 3.097898456858039e-13 -0.999997615814209 0.002184694167226553 
vn 2.0682311115474694e-13 4.2775797696334704e-26 -1 
vn 2.0682311115474694e-13 4.2775797696334704e-26 -1 
vn 2.0682311115474694e-13 4.2775797696334704e-26 -1 
vn 2.0682311115474694e-13 4.2775797696334704e-26 -1 
vn 2.0682311115474694e-13 4.2775797696334704e-26 -1 
vn 2.0682311115474694e-13 4.2775797696334704e-26 -1 
vn -2.0682311115474694e-13 0 -1 
vn -2.0682311115474694e-13 0 -1 
vn 2.0682311115474694e-13 4.2775797696334704e-26 -1 
vn 2.0682311115474694e-13 4.2775797696334704e-26 -1 
vn -2.0682311115474694e-13 0 -1 
vn -2.0682311115474694e-13 0 -1 
vn -2.0682311115474694e-13 0 -1 
vn -2.0682311115474694e-13 0 -1 
vn -2.0682311115474694e-13 0 -1 
vn -2.0682311115474694e-13 0 -1 
vn -1.0341130485562108e-13 0.999997615814209 0.002184694167226553 
vn -1.0341130485562108e-13 0.999997615814209 0.002184694167226553 
vn 0.38268253207206726 0.9238772988319397 0.002184694167226553 
vn 0.38268253207206726 0.9238772988319397 0.002184694167226553 
vn 0.7071051001548767 0.7071051001548767 0.002184694167226553 
vn 0.7071051001548767 0.7071051001548767 0.002184694167226553 
vn 0.9238772988319397 0.38268253207206726 0.002184694167226553 
vn 0.9238772988319397 0.38268253207206726 0.002184694167226553 
vn 0.999997615814209 0 0.002184694167226553 
vn 0.999997615814209 0 0.002184694167226553 
vn 0.9238772988319397 -0.38268253207206726 0.002184694167226553 
vn 0.9238772988319397 -0.38268253207206726 0.002184694167226553 
vn 0.7071051001548767 -0.7071051001548767 0.002184694167226553 
vn 0.7071051001548767 -0.7071051001548767 0.002184694167226553 
vn 0.38268253207206726 -0.9238772988319397 0.002184694167226553 
vn 0.38268253207206726 -0.9238772988319397 0.002184694167226553 
vn 3.097898456858039e-13 -0.999997615814209 0.002184694167226553 
vn 3.097898456858039e-13 -0.999997615814209 0.002184694167226553 
vn 3.097898456858039e-13 -0.999997615814209 0.002184694167226553 
vn 3.097898456858039e-13 -0.999997615814209 0.002184694167226553 
vn -0.38268253207206726 -0.9238772988319397 0.002184694167226553 
vn -0.38268253207206726 -0.9238772988319397 0.002184694167226553 
vn -0.7071051001548767 -0.7071051001548767 0.002184694167226553 
vn -0.7071051001548767 -0.7071051001548767 0.002184694167226553 
vn -0.9238772988319397 -0.38268253207206726 0.002184694167226553 
vn -0.9238772988319397 -0.38268253207206726 0.002184694167226553 
vn -0.999997615814209 -2.0682260971124217e-13 0.002184694167226553 
vn -0.999997615814209 -2.0682260971124217e-13 0.002184694167226553 
vn -0.9238772988319397 0.38268253207206726 0.002184694167226553 
vn -0.9238772988319397 0.38268253207206726 0.002184694167226553 
vn -0.7071051001548767 0.7071051001548767 0.002184694167226553 
vn -0.7071051001548767 0.7071051001548767 0.002184694167226553 
vn -0.38268253207206726 0.9238772988319397 0.002184694167226553 
vn -0.38268253207206726 0.9238772988319397 0.002184694167226553 
vn -1.0341130485562108e-13 0.999997615814209 0.002184694167226553 
vn -1.0341130485562108e-13 0.999997615814209 0.002184694167226553 
vn 2.0682311115474694e-13 4.2775797696334704e-26 -1 
vn 2.0682311115474694e-13 4.2775797696334704e-26 -1 
vn -2.0682311115474694e-13 0 -1 
vn -2.0682311115474694e-13 0 -1 
vn -2.0682311115474694e-13 0 -1 
vn -2.0682311115474694e-13 0 -1 
vn -2.0682311115474694e-13 0 -1 
vn -2.0682311115474694e-13 0 -1 
vn -2.0682311115474694e-13 0 -1 
vn -2.0682311115474694e-13 0 -1 
vn -2.0682311115474694e-13 0 -1 
vn -2.0682311115474694e-13 0 -1 
vn -2.0682311115474694e-13 0 -1 
vn -2.0682311115474694e-13 0 -1 
vn -2.0682311115474694e-13 0 -1 
vn -2.0682311115474694e-13 0 -1 
vn -2.0682311115474694e-13 0 -1 
vn -2.0682311115474694e-13 0 -1 
vn 3.097898456858039e-13 -0.999997615814209 0.002184694167226553 
vn 0.38268253207206726 -0.9238772988319397 0.002184694167226553 
vn 3.097898456858039e-13 -0.999997615814209 0.002184694167226553 
vn 0.38268253207206726 -0.9238772988319397 0.002184694167226553 
vn 0.7071051001548767 -0.7071051001548767 0.002184694167226553 
vn 0.7071051001548767 -0.7071051001548767 0.002184694167226553 
vn 0.9238772988319397 -0.38268253207206726 0.002184694167226553 
vn 0.9238772988319397 -0.38268253207206726 0.002184694167226553 
vn 0.999997615814209 0 0.002184694167226553 
vn 0.999997615814209 0 0.002184694167226553 
vn 0.9238772988319397 0.38268253207206726 0.002184694167226553 
vn 0.9238772988319397 0.38268253207206726 0.002184694167226553 
vn 0.7071051001548767 0.7071051001548767 0.002184694167226553 
vn 0.7071051001548767 0.7071051001548767 0.002184694167226553 
vn 0.38268253207206726 0.9238772988319397 0.002184694167226553 
vn 0.38268253207206726 0.9238772988319397 0.002184694167226553 
vn -1.0341130485562108e-13 0.999997615814209 0.002184694167226553 
vn -1.0341130485562108e-13 0.999997615814209 0.002184694167226553 
vn -2.0682311115474694e-13 0 -1 
vn 2.0682311115474694e-13 4.2775797696334704e-26 -1 
vn 2.0682311115474694e-13 4.2775797696334704e-26 -1 
vn 2.0682311115474694e-13 4.2775797696334704e-26 -1 
vn 2.0682311115474694e-13 4.2775797696334704e-26 -1 
vn 2.0682311115474694e-13 4.2775797696334704e-26 -1 
vn 2.0682311115474694e-13 4.2775797696334704e-26 -1 
vn 2.0682311115474694e-13 4.2775797696334704e-26 -1 
vn -2.0682311115474694e-13 0 -1 
vn -2.0682311115474694e-13 0 -1 
vn -2.0682311115474694e-13 0 -1 
vn -2.0682311115474694e-13 0 -1 
vn 2.0682311115474694e-13 4.2775797696334704e-26 -1 
vn 2.0682311115474694e-13 4.2775797696334704e-26 -1 
vn -2.0682311115474694e-13 0 -1 
vn -2.0682311115474694e-13 0 -1 
vn -2.0682311115474694e-13 0 -1 
vn -2.0682311115474694e-13 0 -1 
vn -1.0341130485562108e-13 0.999997615814209 0.002184694167226553 
vn -1.0341130485562108e-13 0.999997615814209 0.002184694167226553 
vn -0.38268253207206726 0.9238772988319397 0.002184694167226553 
vn -0.38268253207206726 0.9238772988319397 0.002184694167226553 
vn -0.7071051001548767 0.7071051001548767 0.002184694167226553 
vn -0.7071051001548767 0.7071051001548767 0.002184694167226553 
vn -0.9238772988319397 0.38268253207206726 0.002184694167226553 
vn -0.9238772988319397 0.38268253207206726 0.002184694167226553 
vn -0.999997615814209 -2.0682260971124217e-13 0.002184694167226553 
vn -0.999997615814209 -2.0682260971124217e-13 0.002184694167226553 
vn -0.9238772988319397 -0.38268253207206726 0.002184694167226553 
vn -0.9238772988319397 -0.38268253207206726 0.002184694167226553 
vn -0.7071051001548767 -0.7071051001548767 0.002184694167226553 
vn -0.7071051001548767 -0.7071051001548767 0.002184694167226553 
vn -0.38268253207206726 -0.9238772988319397 0.002184694167226553 
vn -0.38268253207206726 -0.9238772988319397 0.002184694167226553 
vn 3.097898456858039e-13 -0.999997615814209 0.002184694167226553 
vn 3.097898456858039e-13 -0.999997615814209 0.002184694167226553 
vn -2.0682311115474694e-13 0 -1 
vn -2.0682311115474694e-13 0 -1 
vn 2.0682311115474694e-13 4.2775797696334704e-26 -1 
vn -2.0682311115474694e-13 0 -1 
vn 2.0682311115474694e-13 4.2775797696334704e-26 -1 
vn -2.0682311115474694e-13 0 -1 
vn 2.0682311115474694e-13 4.2775797696334704e-26 -1 
vn -2.0682311115474694e-13 0 -1 
vn -2.0682311115474694e-13 0 -1 
vn -2.0682311115474694e-13 0 -1 
vn 2.0682311115474694e-13 4.2775797696334704e-26 -1 
vn 2.0682311115474694e-13 4.2775797696334704e-26 -1 
vn 2.0682311115474694e-13 4.2775797696334704e-26 -1 
vn -2.0682311115474694e-13 0 -1 
vn 2.0682311115474694e-13 4.2775797696334704e-26 -1 
vn 2.0682311115474694e-13 4.2775797696334704e-26 -1 
vn -1.0341130485562108e-13 0.999997615814209 0.002184694167226553 
vn 0.38268253207206726 0.9238772988319397 0.002184694167226553 
vn -1.0341130485562108e-13 0.999997615814209 0.002184694167226553 
vn 0.38268253207206726 0.9238772988319397 0.002184694167226553 
vn 0.7071051001548767 0.7071051001548767 0.002184694167226553 
vn 0.7071051001548767 0.7071051001548767 0.002184694167226553 
vn 0.9238772988319397 0.38268253207206726 0.002184694167226553 
vn 0.9238772988319397 0.38268253207206726 0.002184694167226553 
vn 0.999997615814209 0 0.002184694167226553 
vn 0.999997615814209 0 0.002184694167226553 
vn 0.9238772988319397 -0.38268253207206726 0.002184694167226553 
vn 0.9238772988319397 -0.38268253207206726 0.002184694167226553 
vn 0.7071051001548767 -0.7071051001548767 0.002184694167226553 
vn 0.7071051001548767 -0.7071051001548767 0.002184694167226553 
vn 0.38268253207206726 -0.9238772988319397 0.002184694167226553 
vn 0.38268253207206726 -0.9238772988319397 0.002184694167226553 
vn 3.097898456858039e-13 -0.999997615814209 0.002184694167226553 
vn 3.097898456858039e-13 -0.999997615814209 0.002184694167226553 
vn 3.097898456858039e-13 -0.999997615814209 0.002184694167226553 
vn 3.097898456858039e-13 -0.999997615814209 0.002184694167226553 
vn -0.38268253207206726 -0.9238772988319397 0.002184694167226553 
vn -0.38268253207206726 -0.9238772988319397 0.002184694167226553 
vn -0.7071051001548767 -0.7071051001548767 0.002184694167226553 
vn -0.7071051001548767 -0.7071051001548767 0.002184694167226553 
vn -0.9238772988319397 -0.38268253207206726 0.002184694167226553 
vn -0.9238772988319397 -0.38268253207206726 0.002184694167226553 
vn -0.999997615814209 -2.0682260971124217e-13 0.002184694167226553 
vn -0.999997615814209 -2.0682260971124217e-13 0.002184694167226553 
vn -0.9238772988319397 0.38268253207206726 0.002184694167226553 
vn -0.9238772988319397 0.38268253207206726 0.002184694167226553 
vn -0.7071051001548767 0.7071051001548767 0.002184694167226553 
vn -0.7071051001548767 0.7071051001548767 0.002184694167226553 
vn -0.38268253207206726 0.9238772988319397 0.002184694167226553 
vn -0.38268253207206726 0.9238772988319397 0.002184694167226553 
vn -1.0341130485562108e-13 0.999997615814209 0.002184694167226553 
vn -1.0341130485562108e-13 0.999997615814209 0.002184694167226553 
vn -2.0682311115474694e-13 0 -1 
vn 2.0682311115474694e-13 4.2775797696334704e-26 -1 
vn -2.0682311115474694e-13 0 -1 
vn -2.0682311115474694e-13 0 -1 
vn -2.0682311115474694e-13 0 -1 
vn -2.0682311115474694e-13 0 -1 
vn -2.0682311115474694e-13 0 -1 
vn -2.0682311115474694e-13 0 -1 
vn -2.0682311115474694e-13 0 -1 
vn -2.0682311115474694e-13 0 -1 
vn -2.0682311115474694e-13 0 -1 
vn -2.0682311115474694e-13 0 -1 
vn -2.0682311115474694e-13 0 -1 
vn -2.0682311115474694e-13 0 -1 
vn -2.0682311115474694e-13 0 -1 
vn 2.0682311115474694e-13 4.2775797696334704e-26 -1 
vn -2.0682311115474694e-13 0 -1 
vn -2.0682311115474694e-13 0 -1 
vn 3.097898456858039e-13 -0.999997615814209 0.002184694167226553 
vn 0.38268253207206726 -0.9238772988319397 0.002184694167226553 
vn 3.097898456858039e-13 -0.999997615814209 0.002184694167226553 
vn 0.38268253207206726 -0.9238772988319397 0.002184694167226553 
vn 0.7071051001548767 -0.7071051001548767 0.002184694167226553 
vn 0.7071051001548767 -0.7071051001548767 0.002184694167226553 
vn 0.9238772988319397 -0.38268253207206726 0.002184694167226553 
vn 0.9238772988319397 -0.38268253207206726 0.002184694167226553 
vn 0.999997615814209 0 0.002184694167226553 
vn 0.999997615814209 0 0.002184694167226553 
vn 0.9238772988319397 0.38268253207206726 0.002184694167226553 
vn 0.9238772988319397 0.38268253207206726 0.002184694167226553 
vn 0.7071051001548767 0.7071051001548767 0.002184694167226553 
vn 0.7071051001548767 0.7071051001548767 0.002184694167226553 
vn 0.38268253207206726 0.9238772988319397 0.002184694167226553 
vn 0.38268253207206726 0.9238772988319397 0.002184694167226553 
vn -1.0341130485562108e-13 0.999997615814209 0.002184694167226553 
vn -1.0341130485562108e-13 0.999997615814209 0.002184694167226553 
vn -2.0682311115474694e-13 0 -1 
vn -2.0682311115474694e-13 0 -1 
vn -2.0682311115474694e-13 0 -1 
vn -2.0682311115474694e-13 0 -1 
vn 2.0682311115474694e-13 4.2775797696334704e-26 -1 
vn 2.0682311115474694e-13 4.2775797696334704e-26 -1 
vn 2.0682311115474694e-13 4.2775797696334704e-26 -1 
vn 2.0682311115474694e-13 4.2775797696334704e-26 -1 
vn 2.0682311115474694e-13 4.2775797696334704e-26 -1 
vn -2.0682311115474694e-13 0 -1 
vn 2.0682311115474694e-13 4.2775797696334704e-26 -1 
vn 2.0682311115474694e-13 4.2775797696334704e-26 -1 
vn 2.0682311115474694e-13 4.2775797696334704e-26 -1 
vn 2.0682311115474694e-13 4.2775797696334704e-26 -1 
vn -2.0682311115474694e-13 0 -1 
vn -2.0682311115474694e-13 0 -1 
vn -2.0682311115474694e-13 0 -1 
vn -2.0682311115474694e-13 0 -1 
vn -1.0341130485562108e-13 0.999997615814209 0.002184694167226553 
vn -1.0341130485562108e-13 0.999997615814209 0.002184694167226553 
vn -0.38268253207206726 0.9238772988319397 0.002184694167226553 
vn -0.38268253207206726 0.9238772988319397 0.002184694167226553 
vn -0.7071051001548767 0.7071051001548767 0.002184694167226553 
vn -0.7071051001548767 0.7071051001548767 0.002184694167226553 
vn -0.9238772988319397 0.38268253207206726 0.002184694167226553 
vn -0.9238772988319397 0.38268253207206726 0.002184694167226553 
vn -0.999997615814209 -2.0682260971124217e-13 0.002184694167226553 
vn -0.999997615814209 -2.0682260971124217e-13 0.002184694167226553 
vn -0.9238772988319397 -0.38268253207206726 0.002184694167226553 
vn -0.9238772988319397 -0.38268253207206726 0.002184694167226553 
vn -0.7071051001548767 -0.7071051001548767 0.002184694167226553 
vn -0.7071051001548767 -0.7071051001548767 0.002184694167226553 
vn -0.38268253207206726 -0.9238772988319397 0.002184694167226553 
vn -0.38268253207206726 -0.9238772988319397 0.002184694167226553 
vn 3.097898456858039e-13 -0.999997615814209 0.002184694167226553 
vn 3.097898456858039e-13 -0.999997615814209 0.002184694167226553 
vn -2.0682311115474694e-13 0 -1 
vn -2.0682311115474694e-13 0 -1 
vn -2.0682311115474694e-13 0 -1 
vn -2.0682311115474694e-13 0 -1 
vn -2.0682311115474694e-13 0 -1 
vn 2.0682311115474694e-13 4.2775797696334704e-26 -1 
vn -2.0682311115474694e-13 0 -1 
vn 2.0682311115474694e-13 4.2775797696334704e-26 -1 
vn 2.0682311115474694e-13 4.2775797696334704e-26 -1 
vn 2.0682311115474694e-13 4.2775797696334704e-26 -1 
vn -2.0682311115474694e-13 0 -1 
vn -2.0682311115474694e-13 0 -1 
vn -2.0682311115474694e-13 0 -1 
vn -2.0682311115474694e-13 0 -1 
vn 2.0682311115474694e-13 4.2775797696334704e-26 -1 
vn -2.0682311115474694e-13 0 -1 
vn -1.0341130485562108e-13 0.999997615814209 0.002184694167226553 
vn 0.38268253207206726 0.9238772988319397 0.002184694167226553 
vn -1.0341130485562108e-13 0.999997615814209 0.002184694167226553 
vn 0.38268253207206726 0.9238772988319397 0.002184694167226553 
vn 0.7071051001548767 0.7071051001548767 0.002184694167226553 
vn 0.7071051001548767 0.7071051001548767 0.002184694167226553 
vn 0.9238772988319397 0.38268253207206726 0.002184694167226553 
vn 0.9238772988319397 0.38268253207206726 0.002184694167226553 
vn 0.999997615814209 0 0.002184694167226553 
vn 0.999997615814209 0 0.002184694167226553 
vn 0.9238772988319397 -0.38268253207206726 0.002184694167226553 
vn 0.9238772988319397 -0.38268253207206726 0.002184694167226553 
vn 0.7071051001548767 -0.7071051001548767 0.002184694167226553 
vn 0.7071051001548767 -0.7071051001548767 0.002184694167226553 
vn 0.38268253207206726 -0.9238772988319397 0.002184694167226553 
vn 0.38268253207206726 -0.9238772988319397 0.002184694167226553 
vn 3.097898456858039e-13 -0.999997615814209 0.002184694167226553 
vn 3.097898456858039e-13 -0.999997615814209 0.002184694167226553 
vn 3.097898456858039e-13 -0.999997615814209 0.002184694167226553 
vn 3.097898456858039e-13 -0.999997615814209 0.002184694167226553 
vn -0.38268253207206726 -0.9238772988319397 0.002184694167226553 
vn -0.38268253207206726 -0.9238772988319397 0.002184694167226553 
vn -0.7071051001548767 -0.7071051001548767 0.002184694167226553 
vn -0.7071051001548767 -0.7071051001548767 0.002184694167226553 
vn -0.9238772988319397 -0.38268253207206726 0.002184694167226553 
vn -0.9238772988319397 -0.38268253207206726 0.002184694167226553 
vn -0.999997615814209 -2.0682260971124217e-13 0.002184694167226553 
vn -0.999997615814209 -2.0682260971124217e-13 0.002184694167226553 
vn -0.9238772988319397 0.38268253207206726 0.002184694167226553 
vn -0.9238772988319397 0.38268253207206726 0.002184694167226553 
vn -0.7071051001548767 0.7071051001548767 0.002184694167226553 
vn -0.7071051001548767 0.7071051001548767 0.002184694167226553 
vn -0.38268253207206726 0.9238772988319397 0.002184694167226553 
vn -0.38268253207206726 0.9238772988319397 0.002184694167226553 
vn -1.0341130485562108e-13 0.999997615814209 0.002184694167226553 
vn -1.0341130485562108e-13 0.999997615814209 0.002184694167226553 
vn -2.0682311115474694e-13 0 -1 
vn -2.0682311115474694e-13 0 -1 
vn 2.0682311115474694e-13 4.2775797696334704e-26 -1 
vn 2.0682311115474694e-13 4.2775797696334704e-26 -1 
vn 2.0682311115474694e-13 4.2775797696334704e-26 -1 
vn -2.0682311115474694e-13 0 -1 
vn -2.0682311115474694e-13 0 -1 
vn -2.0682311115474694e-13 0 -1 
vn -2.0682311115474694e-13 0 -1 
vn -2.0682311115474694e-13 0 -1 
vn -2.0682311115474694e-13 0 -1 
vn -2.0682311115474694e-13 0 -1 
vn -2.0682311115474694e-13 0 -1 
vn 2.0682311115474694e-13 4.2775797696334704e-26 -1 
vn 2.0682311115474694e-13 4.2775797696334704e-26 -1 
vn 2.0682311115474694e-13 4.2775797696334704e-26 -1 
vn -2.0682311115474694e-13 0 -1 
vn -2.0682311115474694e-13 0 -1 
vn 3.097898456858039e-13 -0.999997615814209 0.002184694167226553 
vn 0.38268253207206726 -0.9238772988319397 0.002184694167226553 
vn 3.097898456858039e-13 -0.999997615814209 0.002184694167226553 
vn 0.38268253207206726 -0.9238772988319397 0.002184694167226553 
vn 0.7071051001548767 -0.7071051001548767 0.002184694167226553 
vn 0.7071051001548767 -0.7071051001548767 0.002184694167226553 
vn 0.9238772988319397 -0.38268253207206726 0.002184694167226553 
vn 0.9238772988319397 -0.38268253207206726 0.002184694167226553 
vn 0.999997615814209 0 0.002184694167226553 
vn 0.999997615814209 0 0.002184694167226553 
vn 0.9238772988319397 0.38268253207206726 0.002184694167226553 
vn 0.9238772988319397 0.38268253207206726 0.002184694167226553 
vn 0.7071051001548767 0.7071051001548767 0.002184694167226553 
vn 0.7071051001548767 0.7071051001548767 0.002184694167226553 
vn 0.38268253207206726 0.9238772988319397 0.002184694167226553 
vn 0.38268253207206726 0.9238772988319397 0.002184694167226553 
vn -1.0341130485562108e-13 0.999997615814209 0.002184694167226553 
vn -1.0341130485562108e-13 0.999997615814209 0.002184694167226553 
vn 2.0682311115474694e-13 4.2775797696334704e-26 -1 
vn -2.0682311115474694e-13 0 -1 
vn 2.0682311115474694e-13 4.2775797696334704e-26 -1 
vn 2.0682311115474694e-13 4.2775797696334704e-26 -1 
vn -2.0682311115474694e-13 0 -1 
vn 2.0682311115474694e-13 4.2775797696334704e-26 -1 
vn 2.0682311115474694e-13 4.2775797696334704e-26 -1 
vn 2.0682311115474694e-13 4.2775797696334704e-26 -1 
vn -2.0682311115474694e-13 0 -1 
vn 2.0682311115474694e-13 4.2775797696334704e-26 -1 
vn 2.0682311115474694e-13 4.2775797696334704e-26 -1 
vn 2.0682311115474694e-13 4.2775797696334704e-26 -1 
vn -2.0682311115474694e-13 0 -1 
vn -2.0682311115474694e-13 0 -1 
vn 2.0682311115474694e-13 4.2775797696334704e-26 -1 
vn 2.0682311115474694e-13 4.2775797696334704e-26 -1 
vn -2.0682311115474694e-13 0 -1 
vn -2.0682311115474694e-13 0 -1 
vn -0.999997615814209 -2.0682260971124217e-13 0.002184694167226553 
vn -0.9238772988319397 -0.38268253207206726 0.002184694167226553 
vn -0.999997615814209 -2.0682260971124217e-13 0.002184694167226553 
vn -0.9238772988319397 -0.38268253207206726 0.002184694167226553 
vn -0.9238772988319397 0.38268253207206726 0.002184694167226553 
vn -0.9238772988319397 0.38268253207206726 0.002184694167226553 
vn -0.7071051001548767 0.7071051001548767 0.002184694167226553 
vn -0.7071051001548767 0.7071051001548767 0.002184694167226553 
vn -0.38268253207206726 0.9238772988319397 0.002184694167226553 
vn -0.38268253207206726 0.9238772988319397 0.002184694167226553 
vn -1.0341130485562108e-13 0.999997615814209 0.002184694167226553 
vn -1.0341130485562108e-13 0.999997615814209 0.002184694167226553 
vn -0.7071051001548767 -0.7071051001548767 0.002184694167226553 
vn -0.7071051001548767 -0.7071051001548767 0.002184694167226553 
vn -0.38268253207206726 -0.9238772988319397 0.002184694167226553 
vn -0.38268253207206726 -0.9238772988319397 0.002184694167226553 
vn 3.097898456858039e-13 -0.999997615814209 0.002184694167226553 
vn 3.097898456858039e-13 -0.999997615814209 0.002184694167226553 
vn -2.0682311115474694e-13 0 -1 
vn 2.0682311115474694e-13 4.2775797696334704e-26 -1 
vn 2.0682311115474694e-13 4.2775797696334704e-26 -1 
vn 2.0682311115474694e-13 4.2775797696334704e-26 -1 
vn 2.0682311115474694e-13 4.2775797696334704e-26 -1 
vn -2.0682311115474694e-13 0 -1 
vn -2.0682311115474694e-13 0 -1 
vn -2.0682311115474694e-13 0 -1 
vn -2.0682311115474694e-13 0 -1 
vn -2.0682311115474694e-13 0 -1 
vn 2.0682311115474694e-13 4.2775797696334704e-26 -1 
vn -2.0682311115474694e-13 0 -1 
vn -2.0682311115474694e-13 0 -1 
vn -2.0682311115474694e-13 0 -1 
vn 2.0682311115474694e-13 4.2775797696334704e-26 -1 
vn -2.0682311115474694e-13 0 -1 
vn 3.097898456858039e-13 -0.999997615814209 0.002184694167226553 
vn 3.097898456858039e-13 -0.999997615814209 0.002184694167226553 
vn 0.38268253207206726 -0.9238772988319397 0.002184694167226553 
vn 0.38268253207206726 -0.9238772988319397 0.002184694167226553 
vn 0.7071051001548767 -0.7071051001548767 0.002184694167226553 
vn 0.7071051001548767 -0.7071051001548767 0.002184694167226553 
vn 0.9238772988319397 -0.38268253207206726 0.002184694167226553 
vn 0.9238772988319397 -0.38268253207206726 0.002184694167226553 
vn 0.999997615814209 0 0.002184694167226553 
vn 0.999997615814209 0 0.002184694167226553 
vn 0.9238772988319397 0.38268253207206726 0.002184694167226553 
vn 0.9238772988319397 0.38268253207206726 0.002184694167226553 
vn 0.7071051001548767 0.7071051001548767 0.002184694167226553 
vn 0.7071051001548767 0.7071051001548767 0.002184694167226553 
vn 0.38268253207206726 0.9238772988319397 0.002184694167226553 
vn 0.38268253207206726 0.9238772988319397 0.002184694167226553 
vn -1.0341130485562108e-13 0.999997615814209 0.002184694167226553 
vn -1.0341130485562108e-13 0.999997615814209 0.002184694167226553 
vn -1.0341130485562108e-13 0.999997615814209 0.002184694167226553 
vn -1.0341130485562108e-13 0.999997615814209 0.002184694167226553 
vn -0.38268253207206726 0.9238772988319397 0.002184694167226553 
vn -0.38268253207206726 0.9238772988319397 0.002184694167226553 
vn -0.7071051001548767 0.7071051001548767 0.002184694167226553 
vn -0.7071051001548767 0.7071051001548767 0.002184694167226553 
vn -0.9238772988319397 0.38268253207206726 0.002184694167226553 
vn -0.9238772988319397 0.38268253207206726 0.002184694167226553 
vn -0.999997615814209 -2.0682260971124217e-13 0.002184694167226553 
vn -0.999997615814209 -2.0682260971124217e-13 0.002184694167226553 
vn -0.9238772988319397 -0.38268253207206726 0.002184694167226553 
vn -0.9238772988319397 -0.38268253207206726 0.002184694167226553 
vn -0.7071051001548767 -0.7071051001548767 0.002184694167226553 
vn -0.7071051001548767 -0.7071051001548767 0.002184694167226553 
vn -0.38268253207206726 -0.9238772988319397 0.002184694167226553 
vn -0.38268253207206726 -0.9238772988319397 0.002184694167226553 
vn 3.097898456858039e-13 -0.999997615814209 0.002184694167226553 
vn 3.097898456858039e-13 -0.999997615814209 0.002184694167226553 
vn -2.0682311115474694e-13 0 -1 
vn -2.0682311115474694e-13 0 -1 
vn -2.0682311115474694e-13 0 -1 
vn -2.0682311115474694e-13 0 -1 
vn -2.0682311115474694e-13 0 -1 
vn -2.0682311115474694e-13 0 -1 
vn -2.0682311115474694e-13 0 -1 
vn -2.0682311115474694e-13 0 -1 
vn -2.0682311115474694e-13 0 -1 
vn -2.0682311115474694e-13 0 -1 
vn -2.0682311115474694e-13 0 -1 
vn -2.0682311115474694e-13 0 -1 
vn -2.0682311115474694e-13 0 -1 
vn -2.0682311115474694e-13 0 -1 
vn -2.0682311115474694e-13 0 -1 
vn -2.0682311115474694e-13 0 -1 
vn 2.0682311115474694e-13 4.2775797696334704e-26 -1 
vn -2.0682311115474694e-13 0 -1 
vn -1.0341130485562108e-13 0.999997615814209 0.002184694167226553 
vn 0.38268253207206726 0.9238772988319397 0.002184694167226553 
vn -1.0341130485562108e-13 0.999997615814209 0.002184694167226553 
vn 0.38268253207206726 0.9238772988319397 0.002184694167226553 
vn 0.7071051001548767 0.7071051001548767 0.002184694167226553 
vn 0.7071051001548767 0.7071051001548767 0.002184694167226553 
vn 0.9238772988319397 0.38268253207206726 0.002184694167226553 
vn 0.9238772988319397 0.38268253207206726 0.002184694167226553 
vn 0.999997615814209 0 0.002184694167226553 
vn 0.999997615814209 0 0.002184694167226553 
vn 0.9238772988319397 -0.38268253207206726 0.002184694167226553 
vn 0.9238772988319397 -0.38268253207206726 0.002184694167226553 
vn 0.7071051001548767 -0.7071051001548767 0.002184694167226553 
vn 0.7071051001548767 -0.7071051001548767 0.002184694167226553 
vn 0.38268253207206726 -0.9238772988319397 0.002184694167226553 
vn 0.38268253207206726 -0.9238772988319397 0.002184694167226553 
vn 3.097898456858039e-13 -0.999997615814209 0.002184694167226553 
vn 3.097898456858039e-13 -0.999997615814209 0.002184694167226553 
vn 2.0682311115474694e-13 4.2775797696334704e-26 -1 
vn 2.0682311115474694e-13 4.2775797696334704e-26 -1 
vn -2.0682311115474694e-13 0 -1 
vn 2.0682311115474694e-13 4.2775797696334704e-26 -1 
vn -2.0682311115474694e-13 0 -1 
vn 2.0682311115474694e-13 4.2775797696334704e-26 -1 
vn 2.0682311115474694e-13 4.2775797696334704e-26 -1 
vn 2.0682311115474694e-13 4.2775797696334704e-26 -1 
vn -2.0682311115474694e-13 0 -1 
vn 2.0682311115474694e-13 4.2775797696334704e-26 -1 
vn 2.0682311115474694e-13 4.2775797696334704e-26 -1 
vn 2.0682311115474694e-13 4.2775797696334704e-26 -1 
vn -2.0682311115474694e-13 0 -1 
vn -2.0682311115474694e-13 0 -1 
vn 2.0682311115474694e-13 4.2775797696334704e-26 -1 
vn 2.0682311115474694e-13 4.2775797696334704e-26 -1 
vn -2.0682311115474694e-13 0 -1 
vn -2.0682311115474694e-13 0 -1 
vn -0.999997615814209 -2.0682260971124217e-13 0.002184694167226553 
vn -0.9238772988319397 -0.38268253207206726 0.002184694167226553 
vn -0.999997615814209 -2.0682260971124217e-13 0.002184694167226553 
vn -0.9238772988319397 -0.38268253207206726 0.002184694167226553 
vn -0.9238772988319397 0.38268253207206726 0.002184694167226553 
vn -0.9238772988319397 0.38268253207206726 0.002184694167226553 
vn -0.7071051001548767 0.7071051001548767 0.002184694167226553 
vn -0.7071051001548767 0.7071051001548767 0.002184694167226553 
vn -0.38268253207206726 0.9238772988319397 0.002184694167226553 
vn -0.38268253207206726 0.9238772988319397 0.002184694167226553 
vn -1.0341130485562108e-13 0.999997615814209 0.002184694167226553 
vn -1.0341130485562108e-13 0.999997615814209 0.002184694167226553 
vn -0.7071051001548767 -0.7071051001548767 0.002184694167226553 
vn -0.7071051001548767 -0.7071051001548767 0.002184694167226553 
vn -0.38268253207206726 -0.9238772988319397 0.002184694167226553 
vn -0.38268253207206726 -0.9238772988319397 0.002184694167226553 
vn 3.097898456858039e-13 -0.999997615814209 0.002184694167226553 
vn 3.097898456858039e-13 -0.999997615814209 0.002184694167226553 
vn -2.0682311115474694e-13 0 -1 
vn 2.0682311115474694e-13 4.2775797696334704e-26 -1 
vn 2.0682311115474694e-13 4.2775797696334704e-26 -1 
vn 2.0682311115474694e-13 4.2775797696334704e-26 -1 
vn 2.0682311115474694e-13 4.2775797696334704e-26 -1 
vn -2.0682311115474694e-13 0 -1 
vn -2.0682311115474694e-13 0 -1 
vn -2.0682311115474694e-13 0 -1 
vn -2.0682311115474694e-13 0 -1 
vn -2.0682311115474694e-13 0 -1 
vn 2.0682311115474694e-13 4.2775797696334704e-26 -1 
vn -2.0682311115474694e-13 0 -1 
vn -2.0682311115474694e-13 0 -1 
vn -2.0682311115474694e-13 0 -1 
vn 2.0682311115474694e-13 4.2775797696334704e-26 -1 
vn -2.0682311115474694e-13 0 -1 
vn 3.097898456858039e-13 -0.999997615814209 0.002184694167226553 
vn 3.097898456858039e-13 -0.999997615814209 0.002184694167226553 
vn 0.38268253207206726 -0.9238772988319397 0.002184694167226553 
vn 0.38268253207206726 -0.9238772988319397 0.002184694167226553 
vn 0.7071051001548767 -0.7071051001548767 0.002184694167226553 
vn 0.7071051001548767 -0.7071051001548767 0.002184694167226553 
vn 0.9238772988319397 -0.38268253207206726 0.002184694167226553 
vn 0.9238772988319397 -0.38268253207206726 0.002184694167226553 
vn 0.999997615814209 0 0.002184694167226553 
vn 0.999997615814209 0 0.002184694167226553 
vn 0.9238772988319397 0.38268253207206726 0.002184694167226553 
vn 0.9238772988319397 0.38268253207206726 0.002184694167226553 
vn 0.7071051001548767 0.7071051001548767 0.002184694167226553 
vn 0.7071051001548767 0.7071051001548767 0.002184694167226553 
vn 0.38268253207206726 0.9238772988319397 0.002184694167226553 
vn 0.38268253207206726 0.9238772988319397 0.002184694167226553 
vn -1.0341130485562108e-13 0.999997615814209 0.002184694167226553 
vn -1.0341130485562108e-13 0.999997615814209 0.002184694167226553 
vn -1.0341130485562108e-13 0.999997615814209 0.002184694167226553 
vn -1.0341130485562108e-13 0.999997615814209 0.002184694167226553 
vn -0.38268253207206726 0.9238772988319397 0.002184694167226553 
vn -0.38268253207206726 0.9238772988319397 0.002184694167226553 
vn -0.7071051001548767 0.7071051001548767 0.002184694167226553 
vn -0.7071051001548767 0.7071051001548767 0.002184694167226553 
vn -0.9238772988319397 0.38268253207206726 0.002184694167226553 
vn -0.9238772988319397 0.38268253207206726 0.002184694167226553 
vn -0.999997615814209 -2.0682260971124217e-13 0.002184694167226553 
vn -0.999997615814209 -2.0682260971124217e-13 0.002184694167226553 
vn -0.9238772988319397 -0.38268253207206726 0.002184694167226553 
vn -0.9238772988319397 -0.38268253207206726 0.002184694167226553 
vn -0.7071051001548767 -0.7071051001548767 0.002184694167226553 
vn -0.7071051001548767 -0.7071051001548767 0.002184694167226553 
vn -0.38268253207206726 -0.9238772988319397 0.002184694167226553 
vn -0.38268253207206726 -0.9238772988319397 0.002184694167226553 
vn 3.097898456858039e-13 -0.999997615814209 0.002184694167226553 
vn 3.097898456858039e-13 -0.999997615814209 0.002184694167226553 
vn -2.0682311115474694e-13 0 -1 
vn -2.0682311115474694e-13 0 -1 
vn -2.0682311115474694e-13 0 -1 
vn -2.0682311115474694e-13 0 -1 
vn -2.0682311115474694e-13 0 -1 
vn -2.0682311115474694e-13 0 -1 
vn -2.0682311115474694e-13 0 -1 
vn -2.0682311115474694e-13 0 -1 
vn -2.0682311115474694e-13 0 -1 
vn -2.0682311115474694e-13 0 -1 
vn -2.0682311115474694e-13 0 -1 
vn -2.0682311115474694e-13 0 -1 
vn -2.0682311115474694e-13 0 -1 
vn -2.0682311115474694e-13 0 -1 
vn -2.0682311115474694e-13 0 -1 
vn -2.0682311115474694e-13 0 -1 
vn 2.0682311115474694e-13 4.2775797696334704e-26 -1 
vn -2.0682311115474694e-13 0 -1 
vn -1.0341130485562108e-13 0.999997615814209 0.002184694167226553 
vn 0.38268253207206726 0.9238772988319397 0.002184694167226553 
vn -1.0341130485562108e-13 0.999997615814209 0.002184694167226553 
vn 0.38268253207206726 0.9238772988319397 0.002184694167226553 
vn 0.7071051001548767 0.7071051001548767 0.002184694167226553 
vn 0.7071051001548767 0.7071051001548767 0.002184694167226553 
vn 0.9238772988319397 0.38268253207206726 0.002184694167226553 
vn 0.9238772988319397 0.38268253207206726 0.002184694167226553 
vn 0.999997615814209 0 0.002184694167226553 
vn 0.999997615814209 0 0.002184694167226553 
vn 0.9238772988319397 -0.38268253207206726 0.002184694167226553 
vn 0.9238772988319397 -0.38268253207206726 0.002184694167226553 
vn 0.7071051001548767 -0.7071051001548767 0.002184694167226553 
vn 0.7071051001548767 -0.7071051001548767 0.002184694167226553 
vn 0.38268253207206726 -0.9238772988319397 0.002184694167226553 
vn 0.38268253207206726 -0.9238772988319397 0.002184694167226553 
vn 3.097898456858039e-13 -0.999997615814209 0.002184694167226553 
vn 3.097898456858039e-13 -0.999997615814209 0.002184694167226553 
vn 2.0682311115474694e-13 4.2775797696334704e-26 -1 
vn 2.0682311115474694e-13 4.2775797696334704e-26 -1 
vn -2.0682311115474694e-13 0 -1 
vn 2.0682311115474694e-13 4.2775797696334704e-26 -1 
vn -2.0682311115474694e-13 0 -1 
vn 2.0682311115474694e-13 4.2775797696334704e-26 -1 
vn 2.0682311115474694e-13 4.2775797696334704e-26 -1 
vn 2.0682311115474694e-13 4.2775797696334704e-26 -1 
vn -2.0682311115474694e-13 0 -1 
vn 2.0682311115474694e-13 4.2775797696334704e-26 -1 
vn 2.0682311115474694e-13 4.2775797696334704e-26 -1 
vn 2.0682311115474694e-13 4.2775797696334704e-26 -1 
vn -2.0682311115474694e-13 0 -1 
vn -2.0682311115474694e-13 0 -1 
vn 2.0682311115474694e-13 4.2775797696334704e-26 -1 
vn 2.0682311115474694e-13 4.2775797696334704e-26 -1 
vn -2.0682311115474694e-13 0 -1 
vn -2.0682311115474694e-13 0 -1 
vn -0.999997615814209 -2.0682260971124217e-13 0.002184694167226553 
vn -0.9238772988319397 -0.38268253207206726 0.002184694167226553 
vn -0.999997615814209 -2.0682260971124217e-13 0.002184694167226553 
vn -0.9238772988319397 -0.38268253207206726 0.002184694167226553 
vn -0.9238772988319397 0.38268253207206726 0.002184694167226553 
vn -0.9238772988319397 0.38268253207206726 0.002184694167226553 
vn -0.7071051001548767 0.7071051001548767 0.002184694167226553 
vn -0.7071051001548767 0.7071051001548767 0.002184694167226553 
vn -0.38268253207206726 0.9238772988319397 0.002184694167226553 
vn -0.38268253207206726 0.9238772988319397 0.002184694167226553 
vn -1.0341130485562108e-13 0.999997615814209 0.002184694167226553 
vn -1.0341130485562108e-13 0.999997615814209 0.002184694167226553 
vn -0.7071051001548767 -0.7071051001548767 0.002184694167226553 
vn -0.7071051001548767 -0.7071051001548767 0.002184694167226553 
vn -0.38268253207206726 -0.9238772988319397 0.002184694167226553 
vn -0.38268253207206726 -0.9238772988319397 0.002184694167226553 
vn 3.097898456858039e-13 -0.999997615814209 0.002184694167226553 
vn 3.097898456858039e-13 -0.999997615814209 0.002184694167226553 
vn -2.0682311115474694e-13 0 -1 
vn 2.0682311115474694e-13 4.2775797696334704e-26 -1 
vn 2.0682311115474694e-13 4.2775797696334704e-26 -1 
vn 2.0682311115474694e-13 4.2775797696334704e-26 -1 
vn 2.0682311115474694e-13 4.2775797696334704e-26 -1 
vn -2.0682311115474694e-13 0 -1 
vn -2.0682311115474694e-13 0 -1 
vn -2.0682311115474694e-13 0 -1 
vn -2.0682311115474694e-13 0 -1 
vn -2.0682311115474694e-13 0 -1 
vn 2.0682311115474694e-13 4.2775797696334704e-26 -1 
vn -2.0682311115474694e-13 0 -1 
vn -2.0682311115474694e-13 0 -1 
vn -2.0682311115474694e-13 0 -1 
vn 2.0682311115474694e-13 4.2775797696334704e-26 -1 
vn -2.0682311115474694e-13 0 -1 
vn 3.097898456858039e-13 -0.999997615814209 0.002184694167226553 
vn 3.097898456858039e-13 -0.999997615814209 0.002184694167226553 
vn 0.38268253207206726 -0.9238772988319397 0.002184694167226553 
vn 0.38268253207206726 -0.9238772988319397 0.002184694167226553 
vn 0.7071051001548767 -0.7071051001548767 0.002184694167226553 
vn 0.7071051001548767 -0.7071051001548767 0.002184694167226553 
vn 0.9238772988319397 -0.38268253207206726 0.002184694167226553 
vn 0.9238772988319397 -0.38268253207206726 0.002184694167226553 
vn 0.999997615814209 0 0.002184694167226553 
vn 0.999997615814209 0 0.002184694167226553 
vn 0.9238772988319397 0.38268253207206726 0.002184694167226553 
vn 0.9238772988319397 0.38268253207206726 0.002184694167226553 
vn 0.7071051001548767 0.7071051001548767 0.002184694167226553 
vn 0.7071051001548767 0.7071051001548767 0.002184694167226553 
vn 0.38268253207206726 0.9238772988319397 0.002184694167226553 
vn 0.38268253207206726 0.9238772988319397 0.002184694167226553 
vn -1.0341130485562108e-13 0.999997615814209 0.002184694167226553 
vn -1.0341130485562108e-13 0.999997615814209 0.002184694167226553 
vn -1.0341130485562108e-13 0.999997615814209 0.002184694167226553 
vn -1.0341130485562108e-13 0.999997615814209 0.002184694167226553 
vn -0.38268253207206726 0.9238772988319397 0.002184694167226553 
vn -0.38268253207206726 0.9238772988319397 0.002184694167226553 
vn -0.7071051001548767 0.7071051001548767 0.002184694167226553 
vn -0.7071051001548767 0.7071051001548767 0.002184694167226553 
vn -0.9238772988319397 0.38268253207206726 0.002184694167226553 
vn -0.9238772988319397 0.38268253207206726 0.002184694167226553 
vn -0.999997615814209 -2.0682260971124217e-13 0.002184694167226553 
vn -0.999997615814209 -2.0682260971124217e-13 0.002184694167226553 
vn -0.9238772988319397 -0.38268253207206726 0.002184694167226553 
vn -0.9238772988319397 -0.38268253207206726 0.002184694167226553 
vn -0.7071051001548767 -0.7071051001548767 0.002184694167226553 
vn -0.7071051001548767 -0.7071051001548767 0.002184694167226553 
vn -0.38268253207206726 -0.9238772988319397 0.002184694167226553 
vn -0.38268253207206726 -0.9238772988319397 0.002184694167226553 
vn 3.097898456858039e-13 -0.999997615814209 0.002184694167226553 
vn 3.097898456858039e-13 -0.999997615814209 0.002184694167226553 
vn -2.0682311115474694e-13 0 -1 
vn -2.0682311115474694e-13 0 -1 
vn -2.0682311115474694e-13 0 -1 
vn -2.0682311115474694e-13 0 -1 
vn -2.0682311115474694e-13 0 -1 
vn -2.0682311115474694e-13 0 -1 
vn -2.0682311115474694e-13 0 -1 
vn -2.0682311115474694e-13 0 -1 
vn -2.0682311115474694e-13 0 -1 
vn -2.0682311115474694e-13 0 -1 
vn -2.0682311115474694e-13 0 -1 
vn -2.0682311115474694e-13 0 -1 
vn -2.0682311115474694e-13 0 -1 
vn -2.0682311115474694e-13 0 -1 
vn -2.0682311115474694e-13 0 -1 
vn -2.0682311115474694e-13 0 -1 
vn 2.0682311115474694e-13 4.2775797696334704e-26 -1 
vn -2.0682311115474694e-13 0 -1 
vn -1.0341130485562108e-13 0.999997615814209 0.002184694167226553 
vn 0.38268253207206726 0.9238772988319397 0.002184694167226553 
vn -1.0341130485562108e-13 0.999997615814209 0.002184694167226553 
vn 0.38268253207206726 0.9238772988319397 0.002184694167226553 
vn 0.7071051001548767 0.7071051001548767 0.002184694167226553 
vn 0.7071051001548767 0.7071051001548767 0.002184694167226553 
vn 0.9238772988319397 0.38268253207206726 0.002184694167226553 
vn 0.9238772988319397 0.38268253207206726 0.002184694167226553 
vn 0.999997615814209 0 0.002184694167226553 
vn 0.999997615814209 0 0.002184694167226553 
vn 0.9238772988319397 -0.38268253207206726 0.002184694167226553 
vn 0.9238772988319397 -0.38268253207206726 0.002184694167226553 
vn 0.7071051001548767 -0.7071051001548767 0.002184694167226553 
vn 0.7071051001548767 -0.7071051001548767 0.002184694167226553 
vn 0.38268253207206726 -0.9238772988319397 0.002184694167226553 
vn 0.38268253207206726 -0.9238772988319397 0.002184694167226553 
vn 3.097898456858039e-13 -0.999997615814209 0.002184694167226553 
vn 3.097898456858039e-13 -0.999997615814209 0.002184694167226553 
vn 2.0682311115474694e-13 4.2775797696334704e-26 -1 
vn 2.0682311115474694e-13 4.2775797696334704e-26 -1 
vn -2.0682311115474694e-13 0 -1 
vn 2.0682311115474694e-13 4.2775797696334704e-26 -1 
vn -2.0682311115474694e-13 0 -1 
vn 2.0682311115474694e-13 4.2775797696334704e-26 -1 
vn 2.0682311115474694e-13 4.2775797696334704e-26 -1 
vn 2.0682311115474694e-13 4.2775797696334704e-26 -1 
vn -2.0682311115474694e-13 0 -1 
vn 2.0682311115474694e-13 4.2775797696334704e-26 -1 
vn 2.0682311115474694e-13 4.2775797696334704e-26 -1 
vn 2.0682311115474694e-13 4.2775797696334704e-26 -1 
vn -2.0682311115474694e-13 0 -1 
vn -2.0682311115474694e-13 0 -1 
vn 2.0682311115474694e-13 4.2775797696334704e-26 -1 
vn 2.0682311115474694e-13 4.2775797696334704e-26 -1 
vn -2.0682311115474694e-13 0 -1 
vn -2.0682311115474694e-13 0 -1 
vn -0.999997615814209 -2.0682260971124217e-13 0.002184694167226553 
vn -0.9238772988319397 -0.38268253207206726 0.002184694167226553 
vn -0.999997615814209 -2.0682260971124217e-13 0.002184694167226553 
vn -0.9238772988319397 -0.38268253207206726 0.002184694167226553 
vn -0.9238772988319397 0.38268253207206726 0.002184694167226553 
vn -0.9238772988319397 0.38268253207206726 0.002184694167226553 
vn -0.7071051001548767 0.7071051001548767 0.002184694167226553 
vn -0.7071051001548767 0.7071051001548767 0.002184694167226553 
vn -0.38268253207206726 0.9238772988319397 0.002184694167226553 
vn -0.38268253207206726 0.9238772988319397 0.002184694167226553 
vn -1.0341130485562108e-13 0.999997615814209 0.002184694167226553 
vn -1.0341130485562108e-13 0.999997615814209 0.002184694167226553 
vn -0.7071051001548767 -0.7071051001548767 0.002184694167226553 
vn -0.7071051001548767 -0.7071051001548767 0.002184694167226553 
vn -0.38268253207206726 -0.9238772988319397 0.002184694167226553 
vn -0.38268253207206726 -0.9238772988319397 0.002184694167226553 
vn 3.097898456858039e-13 -0.999997615814209 0.002184694167226553 
vn 3.097898456858039e-13 -0.999997615814209 0.002184694167226553 
vn -2.0682311115474694e-13 0 -1 
vn 2.0682311115474694e-13 4.2775797696334704e-26 -1 
vn 2.0682311115474694e-13 4.2775797696334704e-26 -1 
vn 2.0682311115474694e-13 4.2775797696334704e-26 -1 
vn 2.0682311115474694e-13 4.2775797696334704e-26 -1 
vn -2.0682311115474694e-13 0 -1 
vn -2.0682311115474694e-13 0 -1 
vn -2.0682311115474694e-13 0 -1 
vn -2.0682311115474694e-13 0 -1 
vn -2.0682311115474694e-13 0 -1 
vn 2.0682311115474694e-13 4.2775797696334704e-26 -1 
vn -2.0682311115474694e-13 0 -1 
vn -2.0682311115474694e-13 0 -1 
vn -2.0682311115474694e-13 0 -1 
vn 2.0682311115474694e-13 4.2775797696334704e-26 -1 
vn -2.0682311115474694e-13 0 -1 
vn 3.097898456858039e-13 -0.999997615814209 0.002184694167226553 
vn 3.097898456858039e-13 -0.999997615814209 0.002184694167226553 
vn 0.38268253207206726 -0.9238772988319397 0.002184694167226553 
vn 0.38268253207206726 -0.9238772988319397 0.002184694167226553 
vn 0.7071051001548767 -0.7071051001548767 0.002184694167226553 
vn 0.7071051001548767 -0.7071051001548767 0.002184694167226553 
vn 0.9238772988319397 -0.38268253207206726 0.002184694167226553 
vn 0.9238772988319397 -0.38268253207206726 0.002184694167226553 
vn 0.999997615814209 0 0.002184694167226553 
vn 0.999997615814209 0 0.002184694167226553 
vn 0.9238772988319397 0.38268253207206726 0.002184694167226553 
vn 0.9238772988319397 0.38268253207206726 0.002184694167226553 
vn 0.7071051001548767 0.7071051001548767 0.002184694167226553 
vn 0.7071051001548767 0.7071051001548767 0.002184694167226553 
vn 0.38268253207206726 0.9238772988319397 0.002184694167226553 
vn 0.38268253207206726 0.9238772988319397 0.002184694167226553 
vn -1.0341130485562108e-13 0.999997615814209 0.002184694167226553 
vn -1.0341130485562108e-13 0.999997615814209 0.002184694167226553 
vn -1.0341130485562108e-13 0.999997615814209 0.002184694167226553 
vn -1.0341130485562108e-13 0.999997615814209 0.002184694167226553 
vn -0.38268253207206726 0.9238772988319397 0.002184694167226553 
vn -0.38268253207206726 0.9238772988319397 0.002184694167226553 
vn -0.7071051001548767 0.7071051001548767 0.002184694167226553 
vn -0.7071051001548767 0.7071051001548767 0.002184694167226553 
vn -0.9238772988319397 0.38268253207206726 0.002184694167226553 
vn -0.9238772988319397 0.38268253207206726 0.002184694167226553 
vn -0.999997615814209 -2.0682260971124217e-13 0.002184694167226553 
vn -0.999997615814209 -2.0682260971124217e-13 0.002184694167226553 
vn -0.9238772988319397 -0.38268253207206726 0.002184694167226553 
vn -0.9238772988319397 -0.38268253207206726 0.002184694167226553 
vn -0.7071051001548767 -0.7071051001548767 0.002184694167226553 
vn -0.7071051001548767 -0.7071051001548767 0.002184694167226553 
vn -0.38268253207206726 -0.9238772988319397 0.002184694167226553 
vn -0.38268253207206726 -0.9238772988319397 0.002184694167226553 
vn 3.097898456858039e-13 -0.999997615814209 0.002184694167226553 
vn 3.097898456858039e-13 -0.999997615814209 0.002184694167226553 
vn -2.0682311115474694e-13 0 -1 
vn -2.0682311115474694e-13 0 -1 
vn -2.0682311115474694e-13 0 -1 
vn -2.0682311115474694e-13 0 -1 
vn -2.0682311115474694e-13 0 -1 
vn -2.0682311115474694e-13 0 -1 
vn -2.0682311115474694e-13 0 -1 
vn -2.0682311115474694e-13 0 -1 
vn -2.0682311115474694e-13 0 -1 
vn -2.0682311115474694e-13 0 -1 
vn -2.0682311115474694e-13 0 -1 
vn -2.0682311115474694e-13 0 -1 
vn -2.0682311115474694e-13 0 -1 
vn -2.0682311115474694e-13 0 -1 
vn -2.0682311115474694e-13 0 -1 
vn -2.0682311115474694e-13 0 -1 
vn 2.0682311115474694e-13 4.2775797696334704e-26 -1 
vn -2.0682311115474694e-13 0 -1 
vn -1.0341130485562108e-13 0.999997615814209 0.002184694167226553 
vn 0.38268253207206726 0.9238772988319397 0.002184694167226553 
vn -1.0341130485562108e-13 0.999997615814209 0.002184694167226553 
vn 0.38268253207206726 0.9238772988319397 0.002184694167226553 
vn 0.7071051001548767 0.7071051001548767 0.002184694167226553 
vn 0.7071051001548767 0.7071051001548767 0.002184694167226553 
vn 0.9238772988319397 0.38268253207206726 0.002184694167226553 
vn 0.9238772988319397 0.38268253207206726 0.002184694167226553 
vn 0.999997615814209 0 0.002184694167226553 
vn 0.999997615814209 0 0.002184694167226553 
vn 0.9238772988319397 -0.38268253207206726 0.002184694167226553 
vn 0.9238772988319397 -0.38268253207206726 0.002184694167226553 
vn 0.7071051001548767 -0.7071051001548767 0.002184694167226553 
vn 0.7071051001548767 -0.7071051001548767 0.002184694167226553 
vn 0.38268253207206726 -0.9238772988319397 0.002184694167226553 
vn 0.38268253207206726 -0.9238772988319397 0.002184694167226553 
vn 3.097898456858039e-13 -0.999997615814209 0.002184694167226553 
vn 3.097898456858039e-13 -0.999997615814209 0.002184694167226553 
vn -2.0682311115474694e-13 0 -1 
vn -2.0682311115474694e-13 0 -1 
vn -2.0682311115474694e-13 0 -1 
vn -2.0682311115474694e-13 0 -1 
vn -2.0682311115474694e-13 0 -1 
vn -2.0682311115474694e-13 0 -1 
vn -2.0682311115474694e-13 0 -1 
vn -2.0682311115474694e-13 0 -1 
vn -2.0682311115474694e-13 0 -1 
vn -2.0682311115474694e-13 0 -1 
vn -2.0682311115474694e-13 0 -1 
vn 2.0682311115474694e-13 4.2775797696334704e-26 -1 
vn -2.0682311115474694e-13 0 -1 
vn -2.0682311115474694e-13 0 -1 
vn -2.0682311115474694e-13 0 -1 
vn -2.0682311115474694e-13 0 -1 
vn -2.0682311115474694e-13 0 -1 
vn -2.0682311115474694e-13 0 -1 
vn 0.999997615814209 0 0.002184694167226553 
vn 0.9238772988319397 0.38268253207206726 0.002184694167226553 
vn 0.999997615814209 0 0.002184694167226553 
vn 0.9238772988319397 0.38268253207206726 0.002184694167226553 
vn 0.9238772988319397 -0.38268253207206726 0.002184694167226553 
vn 0.9238772988319397 -0.38268253207206726 0.002184694167226553 
vn 0.7071051001548767 -0.7071051001548767 0.002184694167226553 
vn 0.7071051001548767 -0.7071051001548767 0.002184694167226553 
vn 0.38268253207206726 -0.9238772988319397 0.002184694167226553 
vn 0.38268253207206726 -0.9238772988319397 0.002184694167226553 
vn 3.097898456858039e-13 -0.999997615814209 0.002184694167226553 
vn 3.097898456858039e-13 -0.999997615814209 0.002184694167226553 
vn 0.7071051001548767 0.7071051001548767 0.002184694167226553 
vn 0.7071051001548767 0.7071051001548767 0.002184694167226553 
vn 0.38268253207206726 0.9238772988319397 0.002184694167226553 
vn 0.38268253207206726 0.9238772988319397 0.002184694167226553 
vn -1.0341130485562108e-13 0.999997615814209 0.002184694167226553 
vn -1.0341130485562108e-13 0.999997615814209 0.002184694167226553 
vn 2.0682311115474694e-13 4.2775797696334704e-26 -1 
vn -2.0682311115474694e-13 0 -1 
vn -2.0682311115474694e-13 0 -1 
vn -2.0682311115474694e-13 0 -1 
vn -2.0682311115474694e-13 0 -1 
vn -2.0682311115474694e-13 0 -1 
vn 2.0682311115474694e-13 4.2775797696334704e-26 -1 
vn 2.0682311115474694e-13 4.2775797696334704e-26 -1 
vn 2.0682311115474694e-13 4.2775797696334704e-26 -1 
vn -2.0682311115474694e-13 0 -1 
vn -2.0682311115474694e-13 0 -1 
vn 2.0682311115474694e-13 4.2775797696334704e-26 -1 
vn -2.0682311115474694e-13 0 -1 
vn -2.0682311115474694e-13 0 -1 
vn -2.0682311115474694e-13 0 -1 
vn -2.0682311115474694e-13 0 -1 
vn -1.0341130485562108e-13 0.999997615814209 0.002184694167226553 
vn -1.0341130485562108e-13 0.999997615814209 0.002184694167226553 
vn -0.38268253207206726 0.9238772988319397 0.002184694167226553 
vn -0.38268253207206726 0.9238772988319397 0.002184694167226553 
vn -0.7071051001548767 0.7071051001548767 0.002184694167226553 
vn -0.7071051001548767 0.7071051001548767 0.002184694167226553 
vn -0.9238772988319397 0.38268253207206726 0.002184694167226553 
vn -0.9238772988319397 0.38268253207206726 0.002184694167226553 
vn -0.999997615814209 -2.0682260971124217e-13 0.002184694167226553 
vn -0.999997615814209 -2.0682260971124217e-13 0.002184694167226553 
vn -0.9238772988319397 -0.38268253207206726 0.002184694167226553 
vn -0.9238772988319397 -0.38268253207206726 0.002184694167226553 
vn -0.7071051001548767 -0.7071051001548767 0.002184694167226553 
vn -0.7071051001548767 -0.7071051001548767 0.002184694167226553 
vn -0.38268253207206726 -0.9238772988319397 0.002184694167226553 
vn -0.38268253207206726 -0.9238772988319397 0.002184694167226553 
vn 3.097898456858039e-13 -0.999997615814209 0.002184694167226553 
vn 3.097898456858039e-13 -0.999997615814209 0.002184694167226553 
vn 3.097898456858039e-13 -0.999997615814209 0.002184694167226553 
vn 3.097898456858039e-13 -0.999997615814209 0.002184694167226553 
vn 0.38268253207206726 -0.9238772988319397 0.002184694167226553 
vn 0.38268253207206726 -0.9238772988319397 0.002184694167226553 
vn 0.7071051001548767 -0.7071051001548767 0.002184694167226553 
vn 0.7071051001548767 -0.7071051001548767 0.002184694167226553 
vn 0.9238772988319397 -0.38268253207206726 0.002184694167226553 
vn 0.9238772988319397 -0.38268253207206726 0.002184694167226553 
vn 0.999997615814209 0 0.002184694167226553 
vn 0.999997615814209 0 0.002184694167226553 
vn 0.9238772988319397 0.38268253207206726 0.002184694167226553 
vn 0.9238772988319397 0.38268253207206726 0.002184694167226553 
vn 0.7071051001548767 0.7071051001548767 0.002184694167226553 
vn 0.7071051001548767 0.7071051001548767 0.002184694167226553 
vn 0.38268253207206726 0.9238772988319397 0.002184694167226553 
vn 0.38268253207206726 0.9238772988319397 0.002184694167226553 
vn -1.0341130485562108e-13 0.999997615814209 0.002184694167226553 
vn -1.0341130485562108e-13 0.999997615814209 0.002184694167226553 
vn -2.0682311115474694e-13 0 -1 
vn 2.0682311115474694e-13 4.2775797696334704e-26 -1 
vn 2.0682311115474694e-13 4.2775797696334704e-26 -1 
vn 2.0682311115474694e-13 4.2775797696334704e-26 -1 
vn 2.0682311115474694e-13 4.2775797696334704e-26 -1 
vn -2.0682311115474694e-13 0 -1 
vn 2.0682311115474694e-13 4.2775797696334704e-26 -1 
vn 2.0682311115474694e-13 4.2775797696334704e-26 -1 
vn 2.0682311115474694e-13 4.2775797696334704e-26 -1 
vn 2.0682311115474694e-13 4.2775797696334704e-26 -1 
vn 2.0682311115474694e-13 4.2775797696334704e-26 -1 
vn 2.0682311115474694e-13 4.2775797696334704e-26 -1 
vn -2.0682311115474694e-13 0 -1 
vn -2.0682311115474694e-13 0 -1 
vn 2.0682311115474694e-13 4.2775797696334704e-26 -1 
vn 2.0682311115474694e-13 4.2775797696334704e-26 -1 
vn -2.0682311115474694e-13 0 -1 
vn -2.0682311115474694e-13 0 -1 
vn 3.097898456858039e-13 -0.999997615814209 0.002184694167226553 
vn -0.38268253207206726 -0.9238772988319397 0.002184694167226553 
vn 3.097898456858039e-13 -0.999997615814209 0.002184694167226553 
vn -0.38268253207206726 -0.9238772988319397 0.002184694167226553 
vn -0.7071051001548767 -0.7071051001548767 0.002184694167226553 
vn -0.7071051001548767 -0.7071051001548767 0.002184694167226553 
vn -0.9238772988319397 -0.38268253207206726 0.002184694167226553 
vn -0.9238772988319397 -0.38268253207206726 0.002184694167226553 
vn -0.999997615814209 -2.0682260971124217e-13 0.002184694167226553 
vn -0.999997615814209 -2.0682260971124217e-13 0.002184694167226553 
vn -0.9238772988319397 0.38268253207206726 0.002184694167226553 
vn -0.9238772988319397 0.38268253207206726 0.002184694167226553 
vn -0.7071051001548767 0.7071051001548767 0.002184694167226553 
vn -0.7071051001548767 0.7071051001548767 0.002184694167226553 
vn -0.38268253207206726 0.9238772988319397 0.002184694167226553 
vn -0.38268253207206726 0.9238772988319397 0.002184694167226553 
vn -1.0341130485562108e-13 0.999997615814209 0.002184694167226553 
vn -1.0341130485562108e-13 0.999997615814209 0.002184694167226553 
vn -2.0682311115474694e-13 0 -1 
vn -2.0682311115474694e-13 0 -1 
vn -2.0682311115474694e-13 0 -1 
vn -2.0682311115474694e-13 0 -1 
vn -2.0682311115474694e-13 0 -1 
vn -2.0682311115474694e-13 0 -1 
vn -2.0682311115474694e-13 0 -1 
vn -2.0682311115474694e-13 0 -1 
vn -2.0682311115474694e-13 0 -1 
vn -2.0682311115474694e-13 0 -1 
vn -2.0682311115474694e-13 0 -1 
vn 2.0682311115474694e-13 4.2775797696334704e-26 -1 
vn -2.0682311115474694e-13 0 -1 
vn -2.0682311115474694e-13 0 -1 
vn -2.0682311115474694e-13 0 -1 
vn -2.0682311115474694e-13 0 -1 
vn -2.0682311115474694e-13 0 -1 
vn -2.0682311115474694e-13 0 -1 
vn 0.999997615814209 0 0.002184694167226553 
vn 0.9238772988319397 0.38268253207206726 0.002184694167226553 
vn 0.999997615814209 0 0.002184694167226553 
vn 0.9238772988319397 0.38268253207206726 0.002184694167226553 
vn 0.9238772988319397 -0.38268253207206726 0.002184694167226553 
vn 0.9238772988319397 -0.38268253207206726 0.002184694167226553 
vn 0.7071051001548767 -0.7071051001548767 0.002184694167226553 
vn 0.7071051001548767 -0.7071051001548767 0.002184694167226553 
vn 0.38268253207206726 -0.9238772988319397 0.002184694167226553 
vn 0.38268253207206726 -0.9238772988319397 0.002184694167226553 
vn 3.097898456858039e-13 -0.999997615814209 0.002184694167226553 
vn 3.097898456858039e-13 -0.999997615814209 0.002184694167226553 
vn 0.7071051001548767 0.7071051001548767 0.002184694167226553 
vn 0.7071051001548767 0.7071051001548767 0.002184694167226553 
vn 0.38268253207206726 0.9238772988319397 0.002184694167226553 
vn 0.38268253207206726 0.9238772988319397 0.002184694167226553 
vn -1.0341130485562108e-13 0.999997615814209 0.002184694167226553 
vn -1.0341130485562108e-13 0.999997615814209 0.002184694167226553 
vn 2.0682311115474694e-13 4.2775797696334704e-26 -1 
vn -2.0682311115474694e-13 0 -1 
vn -2.0682311115474694e-13 0 -1 
vn -2.0682311115474694e-13 0 -1 
vn -2.0682311115474694e-13 0 -1 
vn -2.0682311115474694e-13 0 -1 
vn 2.0682311115474694e-13 4.2775797696334704e-26 -1 
vn 2.0682311115474694e-13 4.2775797696334704e-26 -1 
vn 2.0682311115474694e-13 4.2775797696334704e-26 -1 
vn -2.0682311115474694e-13 0 -1 
vn -2.0682311115474694e-13 0 -1 
vn 2.0682311115474694e-13 4.2775797696334704e-26 -1 
vn -2.0682311115474694e-13 0 -1 
vn -2.0682311115474694e-13 0 -1 
vn -2.0682311115474694e-13 0 -1 
vn -2.0682311115474694e-13 0 -1 
vn -1.0341130485562108e-13 0.999997615814209 0.002184694167226553 
vn -1.0341130485562108e-13 0.999997615814209 0.002184694167226553 
vn -0.38268253207206726 0.9238772988319397 0.002184694167226553 
vn -0.38268253207206726 0.9238772988319397 0.002184694167226553 
vn -0.7071051001548767 0.7071051001548767 0.002184694167226553 
vn -0.7071051001548767 0.7071051001548767 0.002184694167226553 
vn -0.9238772988319397 0.38268253207206726 0.002184694167226553 
vn -0.9238772988319397 0.38268253207206726 0.002184694167226553 
vn -0.999997615814209 -2.0682260971124217e-13 0.002184694167226553 
vn -0.999997615814209 -2.0682260971124217e-13 0.002184694167226553 
vn -0.9238772988319397 -0.38268253207206726 0.002184694167226553 
vn -0.9238772988319397 -0.38268253207206726 0.002184694167226553 
vn -0.7071051001548767 -0.7071051001548767 0.002184694167226553 
vn -0.7071051001548767 -0.7071051001548767 0.002184694167226553 
vn -0.38268253207206726 -0.9238772988319397 0.002184694167226553 
vn -0.38268253207206726 -0.9238772988319397 0.002184694167226553 
vn 3.097898456858039e-13 -0.999997615814209 0.002184694167226553 
vn 3.097898456858039e-13 -0.999997615814209 0.002184694167226553 
vn 3.097898456858039e-13 -0.999997615814209 0.002184694167226553 
vn 3.097898456858039e-13 -0.999997615814209 0.002184694167226553 
vn 0.38268253207206726 -0.9238772988319397 0.002184694167226553 
vn 0.38268253207206726 -0.9238772988319397 0.002184694167226553 
vn 0.7071051001548767 -0.7071051001548767 0.002184694167226553 
vn 0.7071051001548767 -0.7071051001548767 0.002184694167226553 
vn 0.9238772988319397 -0.38268253207206726 0.002184694167226553 
vn 0.9238772988319397 -0.38268253207206726 0.002184694167226553 
vn 0.999997615814209 0 0.002184694167226553 
vn 0.999997615814209 0 0.002184694167226553 
vn 0.9238772988319397 0.38268253207206726 0.002184694167226553 
vn 0.9238772988319397 0.38268253207206726 0.002184694167226553 
vn 0.7071051001548767 0.7071051001548767 0.002184694167226553 
vn 0.7071051001548767 0.7071051001548767 0.002184694167226553 
vn 0.38268253207206726 0.9238772988319397 0.002184694167226553 
vn 0.38268253207206726 0.9238772988319397 0.002184694167226553 
vn -1.0341130485562108e-13 0.999997615814209 0.002184694167226553 
vn -1.0341130485562108e-13 0.999997615814209 0.002184694167226553 
vn -2.0682311115474694e-13 0 -1 
vn 2.0682311115474694e-13 4.2775797696334704e-26 -1 
vn 2.0682311115474694e-13 4.2775797696334704e-26 -1 
vn 2.0682311115474694e-13 4.2775797696334704e-26 -1 
vn 2.0682311115474694e-13 4.2775797696334704e-26 -1 
vn -2.0682311115474694e-13 0 -1 
vn 2.0682311115474694e-13 4.2775797696334704e-26 -1 
vn 2.0682311115474694e-13 4.2775797696334704e-26 -1 
vn 2.0682311115474694e-13 4.2775797696334704e-26 -1 
vn 2.0682311115474694e-13 4.2775797696334704e-26 -1 
vn 2.0682311115474694e-13 4.2775797696334704e-26 -1 
vn 2.0682311115474694e-13 4.2775797696334704e-26 -1 
vn -2.0682311115474694e-13 0 -1 
vn -2.0682311115474694e-13 0 -1 
vn 2.0682311115474694e-13 4.2775797696334704e-26 -1 
vn 2.0682311115474694e-13 4.2775797696334704e-26 -1 
vn -2.0682311115474694e-13 0 -1 
vn -2.0682311115474694e-13 0 -1 
vn 3.097898456858039e-13 -0.999997615814209 0.002184694167226553 
vn -0.38268253207206726 -0.9238772988319397 0.002184694167226553 
vn 3.097898456858039e-13 -0.999997615814209 0.002184694167226553 
vn -0.38268253207206726 -0.9238772988319397 0.002184694167226553 
vn -0.7071051001548767 -0.7071051001548767 0.002184694167226553 
vn -0.7071051001548767 -0.7071051001548767 0.002184694167226553 
vn -0.9238772988319397 -0.38268253207206726 0.002184694167226553 
vn -0.9238772988319397 -0.38268253207206726 0.002184694167226553 
vn -0.999997615814209 -2.0682260971124217e-13 0.002184694167226553 
vn -0.999997615814209 -2.0682260971124217e-13 0.002184694167226553 
vn -0.9238772988319397 0.38268253207206726 0.002184694167226553 
vn -0.9238772988319397 0.38268253207206726 0.002184694167226553 
vn -0.7071051001548767 0.7071051001548767 0.002184694167226553 
vn -0.7071051001548767 0.7071051001548767 0.002184694167226553 
vn -0.38268253207206726 0.9238772988319397 0.002184694167226553 
vn -0.38268253207206726 0.9238772988319397 0.002184694167226553 
vn -1.0341130485562108e-13 0.999997615814209 0.002184694167226553 
vn -1.0341130485562108e-13 0.999997615814209 0.002184694167226553 
vn -2.0682311115474694e-13 0 -1 
vn -2.0682311115474694e-13 0 -1 
vn -2.0682311115474694e-13 0 -1 
vn -2.0682311115474694e-13 0 -1 
vn -2.0682311115474694e-13 0 -1 
vn -2.0682311115474694e-13 0 -1 
vn -2.0682311115474694e-13 0 -1 
vn -2.0682311115474694e-13 0 -1 
vn -2.0682311115474694e-13 0 -1 
vn -2.0682311115474694e-13 0 -1 
vn -2.0682311115474694e-13 0 -1 
vn 2.0682311115474694e-13 4.2775797696334704e-26 -1 
vn -2.0682311115474694e-13 0 -1 
vn -2.0682311115474694e-13 0 -1 
vn -2.0682311115474694e-13 0 -1 
vn -2.0682311115474694e-13 0 -1 
vn -2.0682311115474694e-13 0 -1 
vn -2.0682311115474694e-13 0 -1 
vn 0.999997615814209 0 0.002184694167226553 
vn 0.9238772988319397 0.38268253207206726 0.002184694167226553 
vn 0.999997615814209 0 0.002184694167226553 
vn 0.9238772988319397 0.38268253207206726 0.002184694167226553 
vn 0.9238772988319397 -0.38268253207206726 0.002184694167226553 
vn 0.9238772988319397 -0.38268253207206726 0.002184694167226553 
vn 0.7071051001548767 -0.7071051001548767 0.002184694167226553 
vn 0.7071051001548767 -0.7071051001548767 0.002184694167226553 
vn 0.38268253207206726 -0.9238772988319397 0.002184694167226553 
vn 0.38268253207206726 -0.9238772988319397 0.002184694167226553 
vn 3.097898456858039e-13 -0.999997615814209 0.002184694167226553 
vn 3.097898456858039e-13 -0.999997615814209 0.002184694167226553 
vn 0.7071051001548767 0.7071051001548767 0.002184694167226553 
vn 0.7071051001548767 0.7071051001548767 0.002184694167226553 
vn 0.38268253207206726 0.9238772988319397 0.002184694167226553 
vn 0.38268253207206726 0.9238772988319397 0.002184694167226553 
vn -1.0341130485562108e-13 0.999997615814209 0.002184694167226553 
vn -1.0341130485562108e-13 0.999997615814209 0.002184694167226553 
vn 2.0682311115474694e-13 4.2775797696334704e-26 -1 
vn -2.0682311115474694e-13 0 -1 
vn -2.0682311115474694e-13 0 -1 
vn -2.0682311115474694e-13 0 -1 
vn -2.0682311115474694e-13 0 -1 
vn -2.0682311115474694e-13 0 -1 
vn 2.0682311115474694e-13 4.2775797696334704e-26 -1 
vn 2.0682311115474694e-13 4.2775797696334704e-26 -1 
vn 2.0682311115474694e-13 4.2775797696334704e-26 -1 
vn -2.0682311115474694e-13 0 -1 
vn -2.0682311115474694e-13 0 -1 
vn 2.0682311115474694e-13 4.2775797696334704e-26 -1 
vn -2.0682311115474694e-13 0 -1 
vn -2.0682311115474694e-13 0 -1 
vn -2.0682311115474694e-13 0 -1 
vn -2.0682311115474694e-13 0 -1 
vn -1.0341130485562108e-13 0.999997615814209 0.002184694167226553 
vn -1.0341130485562108e-13 0.999997615814209 0.002184694167226553 
vn -0.38268253207206726 0.9238772988319397 0.002184694167226553 
vn -0.38268253207206726 0.9238772988319397 0.002184694167226553 
vn -0.7071051001548767 0.7071051001548767 0.002184694167226553 
vn -0.7071051001548767 0.7071051001548767 0.002184694167226553 
vn -0.9238772988319397 0.38268253207206726 0.002184694167226553 
vn -0.9238772988319397 0.38268253207206726 0.002184694167226553 
vn -0.999997615814209 -2.0682260971124217e-13 0.002184694167226553 
vn -0.999997615814209 -2.0682260971124217e-13 0.002184694167226553 
vn -0.9238772988319397 -0.38268253207206726 0.002184694167226553 
vn -0.9238772988319397 -0.38268253207206726 0.002184694167226553 
vn -0.7071051001548767 -0.7071051001548767 0.002184694167226553 
vn -0.7071051001548767 -0.7071051001548767 0.002184694167226553 
vn -0.38268253207206726 -0.9238772988319397 0.002184694167226553 
vn -0.38268253207206726 -0.9238772988319397 0.002184694167226553 
vn 3.097898456858039e-13 -0.999997615814209 0.002184694167226553 
vn 3.097898456858039e-13 -0.999997615814209 0.002184694167226553 
vn 3.097898456858039e-13 -0.999997615814209 0.002184694167226553 
vn 3.097898456858039e-13 -0.999997615814209 0.002184694167226553 
vn 0.38268253207206726 -0.9238772988319397 0.002184694167226553 
vn 0.38268253207206726 -0.9238772988319397 0.002184694167226553 
vn 0.7071051001548767 -0.7071051001548767 0.002184694167226553 
vn 0.7071051001548767 -0.7071051001548767 0.002184694167226553 
vn 0.9238772988319397 -0.38268253207206726 0.002184694167226553 
vn 0.9238772988319397 -0.38268253207206726 0.002184694167226553 
vn 0.999997615814209 0 0.002184694167226553 
vn 0.999997615814209 0 0.002184694167226553 
vn 0.9238772988319397 0.38268253207206726 0.002184694167226553 
vn 0.9238772988319397 0.38268253207206726 0.002184694167226553 
vn 0.7071051001548767 0.7071051001548767 0.002184694167226553 
vn 0.7071051001548767 0.7071051001548767 0.002184694167226553 
vn 0.38268253207206726 0.9238772988319397 0.002184694167226553 
vn 0.38268253207206726 0.9238772988319397 0.002184694167226553 
vn -1.0341130485562108e-13 0.999997615814209 0.002184694167226553 
vn -1.0341130485562108e-13 0.999997615814209 0.002184694167226553 
vn -2.0682311115474694e-13 0 -1 
vn 2.0682311115474694e-13 4.2775797696334704e-26 -1 
vn 2.0682311115474694e-13 4.2775797696334704e-26 -1 
vn 2.0682311115474694e-13 4.2775797696334704e-26 -1 
vn 2.0682311115474694e-13 4.2775797696334704e-26 -1 
vn -2.0682311115474694e-13 0 -1 
vn 2.0682311115474694e-13 4.2775797696334704e-26 -1 
vn 2.0682311115474694e-13 4.2775797696334704e-26 -1 
vn 2.0682311115474694e-13 4.2775797696334704e-26 -1 
vn 2.0682311115474694e-13 4.2775797696334704e-26 -1 
vn 2.0682311115474694e-13 4.2775797696334704e-26 -1 
vn 2.0682311115474694e-13 4.2775797696334704e-26 -1 
vn -2.0682311115474694e-13 0 -1 
vn -2.0682311115474694e-13 0 -1 
vn 2.0682311115474694e-13 4.2775797696334704e-26 -1 
vn 2.0682311115474694e-13 4.2775797696334704e-26 -1 
vn -2.0682311115474694e-13 0 -1 
vn -2.0682311115474694e-13 0 -1 
vn 3.097898456858039e-13 -0.999997615814209 0.002184694167226553 
vn -0.38268253207206726 -0.9238772988319397 0.002184694167226553 
vn 3.097898456858039e-13 -0.999997615814209 0.002184694167226553 
vn -0.38268253207206726 -0.9238772988319397 0.002184694167226553 
vn -0.7071051001548767 -0.7071051001548767 0.002184694167226553 
vn -0.7071051001548767 -0.7071051001548767 0.002184694167226553 
vn -0.9238772988319397 -0.38268253207206726 0.002184694167226553 
vn -0.9238772988319397 -0.38268253207206726 0.002184694167226553 
vn -0.999997615814209 -2.0682260971124217e-13 0.002184694167226553 
vn -0.999997615814209 -2.0682260971124217e-13 0.002184694167226553 
vn -0.9238772988319397 0.38268253207206726 0.002184694167226553 
vn -0.9238772988319397 0.38268253207206726 0.002184694167226553 
vn -0.7071051001548767 0.7071051001548767 0.002184694167226553 
vn -0.7071051001548767 0.7071051001548767 0.002184694167226553 
vn -0.38268253207206726 0.9238772988319397 0.002184694167226553 
vn -0.38268253207206726 0.9238772988319397 0.002184694167226553 
vn -1.0341130485562108e-13 0.999997615814209 0.002184694167226553 
vn -1.0341130485562108e-13 0.999997615814209 0.002184694167226553 
vn -2.0682311115474694e-13 0 -1 
vn -2.0682311115474694e-13 0 -1 
vn -2.0682311115474694e-13 0 -1 
vn -2.0682311115474694e-13 0 -1 
vn -2.0682311115474694e-13 0 -1 
vn -2.0682311115474694e-13 0 -1 
vn -2.0682311115474694e-13 0 -1 
vn -2.0682311115474694e-13 0 -1 
vn -2.0682311115474694e-13 0 -1 
vn -2.0682311115474694e-13 0 -1 
vn -2.0682311115474694e-13 0 -1 
vn 2.0682311115474694e-13 4.2775797696334704e-26 -1 
vn -2.0682311115474694e-13 0 -1 
vn -2.0682311115474694e-13 0 -1 
vn -2.0682311115474694e-13 0 -1 
vn -2.0682311115474694e-13 0 -1 
vn -2.0682311115474694e-13 0 -1 
vn -2.0682311115474694e-13 0 -1 
vn 0.999997615814209 0 0.002184694167226553 
vn 0.9238772988319397 0.38268253207206726 0.002184694167226553 
vn 0.999997615814209 0 0.002184694167226553 
vn 0.9238772988319397 0.38268253207206726 0.002184694167226553 
vn 0.9238772988319397 -0.38268253207206726 0.002184694167226553 
vn 0.9238772988319397 -0.38268253207206726 0.002184694167226553 
vn 0.7071051001548767 -0.7071051001548767 0.002184694167226553 
vn 0.7071051001548767 -0.7071051001548767 0.002184694167226553 
vn 0.38268253207206726 -0.9238772988319397 0.002184694167226553 
vn 0.38268253207206726 -0.9238772988319397 0.002184694167226553 
vn 3.097898456858039e-13 -0.999997615814209 0.002184694167226553 
vn 3.097898456858039e-13 -0.999997615814209 0.002184694167226553 
vn 0.7071051001548767 0.7071051001548767 0.002184694167226553 
vn 0.7071051001548767 0.7071051001548767 0.002184694167226553 
vn 0.38268253207206726 0.9238772988319397 0.002184694167226553 
vn 0.38268253207206726 0.9238772988319397 0.002184694167226553 
vn -1.0341130485562108e-13 0.999997615814209 0.002184694167226553 
vn -1.0341130485562108e-13 0.999997615814209 0.002184694167226553 
vn 2.0682311115474694e-13 4.2775797696334704e-26 -1 
vn -2.0682311115474694e-13 0 -1 
vn -2.0682311115474694e-13 0 -1 
vn -2.0682311115474694e-13 0 -1 
vn -2.0682311115474694e-13 0 -1 
vn -2.0682311115474694e-13 0 -1 
vn 2.0682311115474694e-13 4.2775797696334704e-26 -1 
vn 2.0682311115474694e-13 4.2775797696334704e-26 -1 
vn 2.0682311115474694e-13 4.2775797696334704e-26 -1 
vn -2.0682311115474694e-13 0 -1 
vn -2.0682311115474694e-13 0 -1 
vn 2.0682311115474694e-13 4.2775797696334704e-26 -1 
vn -2.0682311115474694e-13 0 -1 
vn -2.0682311115474694e-13 0 -1 
vn -2.0682311115474694e-13 0 -1 
vn -2.0682311115474694e-13 0 -1 
vn -1.0341130485562108e-13 0.999997615814209 0.002184694167226553 
vn -1.0341130485562108e-13 0.999997615814209 0.002184694167226553 
vn -0.38268253207206726 0.9238772988319397 0.002184694167226553 
vn -0.38268253207206726 0.9238772988319397 0.002184694167226553 
vn -0.7071051001548767 0.7071051001548767 0.002184694167226553 
vn -0.7071051001548767 0.7071051001548767 0.002184694167226553 
vn -0.9238772988319397 0.38268253207206726 0.002184694167226553 
vn -0.9238772988319397 0.38268253207206726 0.002184694167226553 
vn -0.999997615814209 -2.0682260971124217e-13 0.002184694167226553 
vn -0.999997615814209 -2.0682260971124217e-13 0.002184694167226553 
vn -0.9238772988319397 -0.38268253207206726 0.002184694167226553 
vn -0.9238772988319397 -0.38268253207206726 0.002184694167226553 
vn -0.7071051001548767 -0.7071051001548767 0.002184694167226553 
vn -0.7071051001548767 -0.7071051001548767 0.002184694167226553 
vn -0.38268253207206726 -0.9238772988319397 0.002184694167226553 
vn -0.38268253207206726 -0.9238772988319397 0.002184694167226553 
vn 3.097898456858039e-13 -0.999997615814209 0.002184694167226553 
vn 3.097898456858039e-13 -0.999997615814209 0.002184694167226553 
vn 3.097898456858039e-13 -0.999997615814209 0.002184694167226553 
vn 3.097898456858039e-13 -0.999997615814209 0.002184694167226553 
vn 0.38268253207206726 -0.9238772988319397 0.002184694167226553 
vn 0.38268253207206726 -0.9238772988319397 0.002184694167226553 
vn 0.7071051001548767 -0.7071051001548767 0.002184694167226553 
vn 0.7071051001548767 -0.7071051001548767 0.002184694167226553 
vn 0.9238772988319397 -0.38268253207206726 0.002184694167226553 
vn 0.9238772988319397 -0.38268253207206726 0.002184694167226553 
vn 0.999997615814209 0 0.002184694167226553 
vn 0.999997615814209 0 0.002184694167226553 
vn 0.9238772988319397 0.38268253207206726 0.002184694167226553 
vn 0.9238772988319397 0.38268253207206726 0.002184694167226553 
vn 0.7071051001548767 0.7071051001548767 0.002184694167226553 
vn 0.7071051001548767 0.7071051001548767 0.002184694167226553 
vn 0.38268253207206726 0.9238772988319397 0.002184694167226553 
vn 0.38268253207206726 0.9238772988319397 0.002184694167226553 
vn -1.0341130485562108e-13 0.999997615814209 0.002184694167226553 
vn -1.0341130485562108e-13 0.999997615814209 0.002184694167226553 
vn -2.0682311115474694e-13 0 -1 
vn 2.0682311115474694e-13 4.2775797696334704e-26 -1 
vn 2.0682311115474694e-13 4.2775797696334704e-26 -1 
vn 2.0682311115474694e-13 4.2775797696334704e-26 -1 
vn 2.0682311115474694e-13 4.2775797696334704e-26 -1 
vn -2.0682311115474694e-13 0 -1 
vn 2.0682311115474694e-13 4.2775797696334704e-26 -1 
vn 2.0682311115474694e-13 4.2775797696334704e-26 -1 
vn 2.0682311115474694e-13 4.2775797696334704e-26 -1 
vn 2.0682311115474694e-13 4.2775797696334704e-26 -1 
vn 2.0682311115474694e-13 4.2775797696334704e-26 -1 
vn 2.0682311115474694e-13 4.2775797696334704e-26 -1 
vn -2.0682311115474694e-13 0 -1 
vn -2.0682311115474694e-13 0 -1 
vn 2.0682311115474694e-13 4.2775797696334704e-26 -1 
vn 2.0682311115474694e-13 4.2775797696334704e-26 -1 
vn -2.0682311115474694e-13 0 -1 
vn -2.0682311115474694e-13 0 -1 
vn 3.097898456858039e-13 -0.999997615814209 0.002184694167226553 
vn -0.38268253207206726 -0.9238772988319397 0.002184694167226553 
vn 3.097898456858039e-13 -0.999997615814209 0.002184694167226553 
vn -0.38268253207206726 -0.9238772988319397 0.002184694167226553 
vn -0.7071051001548767 -0.7071051001548767 0.002184694167226553 
vn -0.7071051001548767 -0.7071051001548767 0.002184694167226553 
vn -0.9238772988319397 -0.38268253207206726 0.002184694167226553 
vn -0.9238772988319397 -0.38268253207206726 0.002184694167226553 
vn -0.999997615814209 -2.0682260971124217e-13 0.002184694167226553 
vn -0.999997615814209 -2.0682260971124217e-13 0.002184694167226553 
vn -0.9238772988319397 0.38268253207206726 0.002184694167226553 
vn -0.9238772988319397 0.38268253207206726 0.002184694167226553 
vn -0.7071051001548767 0.7071051001548767 0.002184694167226553 
vn -0.7071051001548767 0.7071051001548767 0.002184694167226553 
vn -0.38268253207206726 0.9238772988319397 0.002184694167226553 
vn -0.38268253207206726 0.9238772988319397 0.002184694167226553 
vn -1.0341130485562108e-13 0.999997615814209 0.002184694167226553 
vn -1.0341130485562108e-13 0.999997615814209 0.002184694167226553 
vt 0.1908157616853714 0.9439042806625366 
vt 0.3888249099254608 0.9439042806625366 
vt 0.1908157616853714 0.9448763728141785 
vt 0.3888249099254608 0.9448763728141785 
vt 0.1517494171857834 0.1517610102891922 
vt 0.1517494171857834 0.34982720017433167 
vt 0.0015691500157117844 0.0015709400177001953 
vt 0.0015691500157117844 0.5000172853469849 
vt 0.3497585654258728 0.34982720017433167 
vt 0.5000605583190918 0.5000172853469849 
vt 0.3497585654258728 0.1517610102891922 
vt 0.5000605583190918 0.0015709400177001953 
vt 0.4289865791797638 0.9565415978431702 
vt 0.4282563626766205 0.9572706818580627 
vt 0.6269957423210144 0.9565415978431702 
vt 0.6277259588241577 0.9572706818580627 
vt 0.7501581311225891 0.9396513104438782 
vt 0.7501581311225891 0.9386792182922363 
vt 0.5522707104682922 0.9396513104438782 
vt 0.5522707104682922 0.9386792182922363 
vt 0.9513315558433533 0.9396513104438782 
vt 0.9513315558433533 0.9386792182922363 
vt 0.753322422504425 0.9396513104438782 
vt 0.753322422504425 0.9386792182922363 
vt 0.39198917150497437 0.9439042806625366 
vt 0.39198917150497437 0.9448763728141785 
vt 0.5899983048439026 0.9439042806625366 
vt 0.5899983048439026 0.9448763728141785 
vt 0.634662926197052 0.8841198682785034 
vt 0.634662926197052 0.8852134943008423 
vt 0.8341325521469116 0.8841198682785034 
vt 0.8341325521469116 0.8852134943008423 
vt 0.1111009493470192 0.9638323783874512 
vt 0.11037074029445648 0.9645614624023438 
vt 0.3091101050376892 0.9638323783874512 
vt 0.3098403215408325 0.9645614624023438 
vt 0.8299946784973145 0.9572706818580627 
vt 0.8307248950004578 0.9565415978431702 
vt 0.6319854855537415 0.9572706818580627 
vt 0.6312552690505981 0.9565415978431702 
vt 0.894740104675293 0.9436612129211426 
vt 0.8954703211784363 0.94293212890625 
vt 0.6967309713363647 0.9436612129211426 
vt 0.6960007548332214 0.94293212890625 
vt 0.0015691500157117844 0.7319855690002441 
vt 0.0015691500157117844 0.9313884377479553 
vt 0.20103873312473297 0.7319855690002441 
vt 0.20103873312473297 0.9313884377479553 
vt 0.7496713399887085 0.9355198740959167 
vt 0.7496713399887085 0.9345477819442749 
vt 0.5502017736434937 0.9355198740959167 
vt 0.5502017736434937 0.9345477819442749 
vt 0.8352278470993042 0.8053794503211975 
vt 0.8352278470993042 0.8044073581695557 
vt 0.635636568069458 0.8053794503211975 
vt 0.635636568069458 0.8044073581695557 
vt 0.7528355717658997 0.9345477819442749 
vt 0.7528355717658997 0.9355198740959167 
vt 0.9523051977157593 0.9345477819442749 
vt 0.9523051977157593 0.9355198740959167 
vt 0.6496322751045227 0.0015709400177001953 
vt 0.5031030774116516 0.0015709400177001953 
vt 0.6496322751045227 0.5000172853469849 
vt 0.5031030774116516 0.5000172853469849 
vt 0.49993884563446045 0.5031766295433044 
vt 0.49993884563446045 0.6497212648391724 
vt 0.9984302520751953 0.5031766295433044 
vt 0.9984302520751953 0.6497212648391724 
vt 0.7993257641792297 0.0015709400177001953 
vt 0.6527965664863586 0.0015709400177001953 
vt 0.7993257641792297 0.5000172853469849 
vt 0.6527965664863586 0.5000172853469849 
vt 0.0015691500157117844 0.5031766295433044 
vt 0.0015691500157117844 0.6497212648391724 
vt 0.49993884563446045 0.5031766295433044 
vt 0.49993884563446045 0.6497212648391724 
vt 0.20432467758655548 0.81072598695755 
vt 0.27977991104125977 0.8861855864524841 
vt 0.7026943564414978 0.81072598695755 
vt 0.6272391080856323 0.8861855864524841 
vt 0.20432467758655548 0.7319855690002441 
vt 0.27977991104125977 0.8074451684951782 
vt 0.7026943564414978 0.7319855690002441 
vt 0.6272391080856323 0.8074451684951782 
vt 0.0018125539645552635 0.6532451510429382 
vt 0.07738949358463287 0.7287047505378723 
vt 0.5003039240837097 0.6532451510429382 
vt 0.4248487055301666 0.7287047505378723 
vt 0.927721381187439 0.7287047505378723 
vt 0.8522661328315735 0.6532451510429382 
vt 0.4292299747467041 0.7287047505378723 
vt 0.5048069357872009 0.6532451510429382 
vt 0.5486196279525757 0.9397727847099304 
vt 0.5250094532966614 0.8893449306488037 
vt 0.20116043090820312 0.9397727847099304 
vt 0.22477062046527863 0.8893449306488037 
vt 0.9095878005027771 0.3499487042427063 
vt 0.9599723815917969 0.3262536823749542 
vt 0.9095878005027771 0.002421530894935131 
vt 0.9599723815917969 0.026116566732525826 
vt 0.8560388684272766 0.3499487042427063 
vt 0.9064235091209412 0.3262536823749542 
vt 0.8560388684272766 0.002421530894935131 
vt 0.9064235091209412 0.026116566732525826 
vt 0.8024899959564209 0.3499487042427063 
vt 0.8528746366500854 0.3262536823749542 
vt 0.8024899959564209 0.002421530894935131 
vt 0.8528746366500854 0.026116566732525826 
vt 0.22124126553535461 0.27862057089805603 
vt 0.2202676385641098 0.27862057089805603 
vt 0.22124126553535461 0.31142908334732056 
vt 0.2202676385641098 0.31142908334732056 
vt 0.21929402649402618 0.27862057089805603 
vt 0.21929402649402618 0.31142908334732056 
vt 0.15686090290546417 0.27862057089805603 
vt 0.15686090290546417 0.31142908334732056 
vt 0.15588729083538055 0.27862057089805603 
vt 0.15588729083538055 0.31142908334732056 
vt 0.15491366386413574 0.27862057089805603 
vt 0.15491366386413574 0.31142908334732056 
vt 0.2906113862991333 0.27862057089805603 
vt 0.2906113862991333 0.31142908334732056 
vt 0.28975948691368103 0.27862057089805603 
vt 0.28975948691368103 0.31142908334732056 
vt 0.2887858748435974 0.27862057089805603 
vt 0.2887858748435974 0.31142908334732056 
vt 0.2263527512550354 0.27862057089805603 
vt 0.2263527512550354 0.31142908334732056 
vt 0.2253791242837906 0.27862057089805603 
vt 0.2253791242837906 0.31142908334732056 
vt 0.22440551221370697 0.27862057089805603 
vt 0.22440551221370697 0.31142908334732056 
vt 0.22124126553535461 0.1597808599472046 
vt 0.22111955285072327 0.2219955176115036 
vt 0.15892983973026276 0.1597808599472046 
vt 0.1588081270456314 0.2219955176115036 
vt 0.15795621275901794 0.15965935587882996 
vt 0.15795621275901794 0.2219955176115036 
vt 0.1588081270456314 0.22296762466430664 
vt 0.22111955285072327 0.22296762466430664 
vt 0.22209317982196808 0.2219955176115036 
vt 0.22209317982196808 0.15965935587882996 
vt 0.22124126553535461 0.15880876779556274 
vt 0.15892983973026276 0.15880876779556274 
vt 0.15795621275901794 0.15880876779556274 
vt 0.15698260068893433 0.15953783690929413 
vt 0.15722601115703583 0.15868724882602692 
vt 0.15649579465389252 0.15844422578811646 
vt 0.15734770894050598 0.158201202750206 
vt 0.15698260068893433 0.22211703658103943 
vt 0.1578345149755478 0.22296762466430664 
vt 0.15868642926216125 0.22393973171710968 
vt 0.1560089886188507 0.1594163328409195 
vt 0.1578345149755478 0.22369670867919922 
vt 0.15722601115703583 0.2235751897096634 
vt 0.15710431337356567 0.22308914363384247 
vt 0.15637409687042236 0.22333216667175293 
vt 0.1560089886188507 0.2223600596189499 
vt 0.1550353765487671 0.15917329490184784 
vt 0.15491366386413574 0.22260308265686035 
vt 0.1552787721157074 0.22369670867919922 
vt 0.1560089886188507 0.2247903198003769 
vt 0.15686090290546417 0.22393973171710968 
vt 0.15759111940860748 0.2244257777929306 
vt 0.1585647314786911 0.22491183876991272 
vt 0.15710431337356567 0.22551940381526947 
vt 0.1583213210105896 0.22588393092155457 
vt 0.22136296331882477 0.22491183876991272 
vt 0.22160635888576508 0.22588393092155457 
vt 0.2228233814239502 0.22551940381526947 
vt 0.22245827317237854 0.2244257777929306 
vt 0.22391870617866516 0.2247903198003769 
vt 0.22124126553535461 0.22393973171710968 
vt 0.22209317982196808 0.22296762466430664 
vt 0.22209317982196808 0.22369670867919922 
vt 0.22270168364048004 0.2235751897096634 
vt 0.2230667918920517 0.22393973171710968 
vt 0.2235535979270935 0.22333216667175293 
vt 0.22464892268180847 0.22369670867919922 
vt 0.2228233814239502 0.22308914363384247 
vt 0.22294509410858154 0.22211703658103943 
vt 0.22391870617866516 0.2223600596189499 
vt 0.2230667918920517 0.15965935587882996 
vt 0.22501401603221893 0.22260308265686035 
vt 0.22404040396213531 0.1594163328409195 
vt 0.22513572871685028 0.15917329490184784 
vt 0.22477062046527863 0.15795816481113434 
vt 0.22367529571056366 0.15844422578811646 
vt 0.22391870617866516 0.1569860726594925 
vt 0.22318848967552185 0.15771514177322388 
vt 0.22245827317237854 0.15722909569740295 
vt 0.2228233814239502 0.158201202750206 
vt 0.22294509410858154 0.15868724882602692 
vt 0.22221487760543823 0.15880876779556274 
vt 0.22136296331882477 0.1578366607427597 
vt 0.22294509410858154 0.15625698864459991 
vt 0.22148466110229492 0.15686455368995667 
vt 0.22172807157039642 0.15589244663715363 
vt 0.1585647314786911 0.15686455368995667 
vt 0.1583213210105896 0.15589244663715363 
vt 0.15722601115703583 0.15625698864459991 
vt 0.15759111940860748 0.15722909569740295 
vt 0.15613068640232086 0.1569860726594925 
vt 0.22221487760543823 0.15807968378067017 
vt 0.1588081270456314 0.1578366607427597 
vt 0.1578345149755478 0.15807968378067017 
vt 0.15540048480033875 0.15795816481113434 
vt 0.15698260068893433 0.15771514177322388 
vt 0.32274073362350464 0.27145132422447205 
vt 0.32274073362350464 0.2704792022705078 
vt 0.2898811995983124 0.27145132422447205 
vt 0.2898811995983124 0.2704792022705078 
vt 0.32274073362350464 0.26950711011886597 
vt 0.2898811995983124 0.26950711011886597 
vt 0.32274073362350464 0.2070494294166565 
vt 0.2898811995983124 0.2070494294166565 
vt 0.32274073362350464 0.20607732236385345 
vt 0.2898811995983124 0.20607732236385345 
vt 0.32274073362350464 0.20510521531105042 
vt 0.2898811995983124 0.20510521531105042 
vt 0.2539790868759155 0.20510521531105042 
vt 0.28671693801879883 0.20510521531105042 
vt 0.2539790868759155 0.20607732236385345 
vt 0.28671693801879883 0.20607732236385345 
vt 0.2539790868759155 0.2070494294166565 
vt 0.28671693801879883 0.2070494294166565 
vt 0.2539790868759155 0.26950711011886597 
vt 0.28671693801879883 0.26950711011886597 
vt 0.2539790868759155 0.2704792022705078 
vt 0.28671693801879883 0.2704792022705078 
vt 0.2539790868759155 0.27145132422447205 
vt 0.28671693801879883 0.27145132422447205 
vt 0.8595682382583618 0.9643184542655945 
vt 0.8600550293922424 0.9638323783874512 
vt 0.8604201674461365 0.96492600440979 
vt 0.8613938093185425 0.9650475382804871 
vt 0.9238269329071045 0.9650475382804871 
vt 0.9250439405441284 0.9638323783874512 
vt 0.9248005151748657 0.96492600440979 
vt 0.925530731678009 0.9643184542655945 
vt 0.7844781279563904 0.9643184542655945 
vt 0.7837479114532471 0.96492600440979 
vt 0.7839913368225098 0.9638323783874512 
vt 0.7827742695808411 0.9650475382804871 
vt 0.720341145992279 0.9650475382804871 
vt 0.7191241383552551 0.9638323783874512 
vt 0.7193675637245178 0.96492600440979 
vt 0.7186373472213745 0.9643184542655945 
vt 0.8550652861595154 0.9643184542655945 
vt 0.8545784950256348 0.9638323783874512 
vt 0.8542133569717407 0.96492600440979 
vt 0.8533614277839661 0.9650475382804871 
vt 0.7908065915107727 0.9650475382804871 
vt 0.7895895838737488 0.9638323783874512 
vt 0.7899547219276428 0.96492600440979 
vt 0.7891027927398682 0.9643184542655945 
vt 0.6458595395088196 0.9643184542655945 
vt 0.645372748374939 0.9638323783874512 
vt 0.6451293230056763 0.96492600440979 
vt 0.6441556811332703 0.9650475382804871 
vt 0.5817225575447083 0.9650475382804871 
vt 0.5805055499076843 0.9638323783874512 
vt 0.580748975276947 0.96492600440979 
vt 0.5800187587738037 0.9643184542655945 
vt 0.71474289894104 0.9656550884246826 
vt 0.71474289894104 0.9638323783874512 
vt 0.649753987789154 0.9656550884246826 
vt 0.649753987789154 0.9638323783874512 
vt 0.5761243104934692 0.9656550884246826 
vt 0.5761243104934692 0.9638323783874512 
vt 0.5111353993415833 0.9656550884246826 
vt 0.5111353993415833 0.9638323783874512 
vt 0.9257741570472717 0.9271354675292969 
vt 0.9257741570472717 0.9288366436958313 
vt 0.9907630085945129 0.9271354675292969 
vt 0.9907630085945129 0.9288366436958313 
vt 0.9311290383338928 0.7267605066299438 
vt 0.9311290383338928 0.7284616827964783 
vt 0.996117889881134 0.7267605066299438 
vt 0.996117889881134 0.7284616827964783 
vt 0.8470329642295837 0.7897042632102966 
vt 0.7836261987686157 0.7897042632102966 
vt 0.8470329642295837 0.8006404042243958 
vt 0.7836261987686157 0.8006404042243958 
vt 0.824518084526062 0.7566527128219604 
vt 0.824518084526062 0.7455950379371643 
vt 0.761111319065094 0.7566527128219604 
vt 0.761111319065094 0.7455950379371643 
vt 0.9268694519996643 0.8510683178901672 
vt 0.9268694519996643 0.8400106430053711 
vt 0.8671137690544128 0.8510683178901672 
vt 0.8671137690544128 0.8400106430053711 
vt 0.746385395526886 0.7602981328964233 
vt 0.746385395526886 0.7713558077812195 
vt 0.809792160987854 0.7602981328964233 
vt 0.809792160987854 0.7713558077812195 
vt 0.9347800612449646 0.6532451510429382 
vt 0.9347800612449646 0.6643028259277344 
vt 0.9981868267059326 0.6532451510429382 
vt 0.9981868267059326 0.6643028259277344 
vt 0.9602158069610596 0.8804744482040405 
vt 0.9602158069610596 0.8694167733192444 
vt 0.9005818367004395 0.8804744482040405 
vt 0.9005818367004395 0.8694167733192444 
vt 0.9619196057319641 0.8852134943008423 
vt 0.949992835521698 0.8852134943008423 
vt 0.9619196057319641 0.8971217274665833 
vt 0.949992835521698 0.8971217274665833 
vt 0.3088667094707489 0.27546125650405884 
vt 0.3088667094707489 0.33889102935791016 
vt 0.3207935094833374 0.27546125650405884 
vt 0.3207935094833374 0.33889102935791016 
vt 0.8622456789016724 0.41714540123939514 
vt 0.8024899959564209 0.41714540123939514 
vt 0.8622456789016724 0.4290536642074585 
vt 0.8024899959564209 0.4290536642074585 
vt 0.21844211220741272 0.3153175115585327 
vt 0.15491366386413574 0.3153175115585327 
vt 0.21844211220741272 0.32722577452659607 
vt 0.15491366386413574 0.32722577452659607 
vt 0.8622456789016724 0.3819066286087036 
vt 0.8622456789016724 0.36987683176994324 
vt 0.8024899959564209 0.3819066286087036 
vt 0.8024899959564209 0.36987683176994324 
vt 0.0015691500157117844 0.7187406420707703 
vt 0.013495946303009987 0.7187406420707703 
vt 0.0015691500157117844 0.7068324089050293 
vt 0.013495946303009987 0.7068324089050293 
vt 0.8993648290634155 0.013479214161634445 
vt 0.8993648290634155 0.0015709400177001953 
vt 0.8874379992485046 0.013479214161634445 
vt 0.8874379992485046 0.0015709400177001953 
vt 0.6934450268745422 0.8253075480461121 
vt 0.6934450268745422 0.8363652229309082 
vt 0.7530789971351624 0.8253075480461121 
vt 0.7530789971351624 0.8363652229309082 
vt 0.7432211637496948 0.7713558077812195 
vt 0.7432211637496948 0.7602981328964233 
vt 0.6798143982887268 0.7713558077812195 
vt 0.6798143982887268 0.7602981328964233 
vt 0.9357537031173706 0.44545793533325195 
vt 0.9357537031173706 0.4565156102180481 
vt 0.9953876733779907 0.44545793533325195 
vt 0.9953876733779907 0.4565156102180481 
vt 0.9953876733779907 0.4859217703342438 
vt 0.9953876733779907 0.47486406564712524 
vt 0.9357537031173706 0.4859217703342438 
vt 0.9357537031173706 0.47486406564712524 
vt 0.8691827058792114 0.4622267186641693 
vt 0.8691827058792114 0.47328439354896545 
vt 0.9325894713401794 0.4622267186641693 
vt 0.9325894713401794 0.47328439354896545 
vt 0.534015417098999 0.8893449306488037 
vt 0.534015417098999 0.9004026055335999 
vt 0.5936493873596191 0.8893449306488037 
vt 0.5936493873596191 0.9004026055335999 
vt 0.9055715799331665 0.3363392651081085 
vt 0.8936448097229004 0.3363392651081085 
vt 0.9055715799331665 0.3482475280761719 
vt 0.8936448097229004 0.3482475280761719 
vt 0.9782276749610901 0.305961012840271 
vt 0.9782276749610901 0.3693907856941223 
vt 0.990154504776001 0.305961012840271 
vt 0.990154504776001 0.3693907856941223 
vt 0.8024899959564209 0.3661099374294281 
vt 0.8660184741020203 0.3661099374294281 
vt 0.8024899959564209 0.35420167446136475 
vt 0.8660184741020203 0.35420167446136475 
vt 0.22148466110229492 0.3430224657058716 
vt 0.2850131094455719 0.3430224657058716 
vt 0.22148466110229492 0.3311142027378082 
vt 0.2850131094455719 0.3311142027378082 
vt 0.8129563927650452 0.7713558077812195 
vt 0.8764848113059998 0.7713558077812195 
vt 0.8129563927650452 0.7602981328964233 
vt 0.8764848113059998 0.7602981328964233 
vt 0.9167681932449341 0.8006404042243958 
vt 0.9802966117858887 0.8006404042243958 
vt 0.9168899059295654 0.7897042632102966 
vt 0.9802966117858887 0.7897042632102966 
vt 0.9121435284614563 0.7082905769348145 
vt 0.9756719470024109 0.7082905769348145 
vt 0.9121435284614563 0.6973543763160706 
vt 0.9756719470024109 0.6973543763160706 
vt 0.8910890817642212 0.7566527128219604 
vt 0.8910890817642212 0.7455950379371643 
vt 0.8276823163032532 0.7566527128219604 
vt 0.8276823163032532 0.7455950379371643 
vt 0.9153077602386475 0.8657714128494263 
vt 0.9749417304992676 0.8657714128494263 
vt 0.9153077602386475 0.8547137379646301 
vt 0.9749417304992676 0.8547137379646301 
vt 0.8622456789016724 0.444850355386734 
vt 0.8622456789016724 0.432820588350296 
vt 0.8024899959564209 0.444850355386734 
vt 0.8024899959564209 0.432820588350296 
vt 0.8024899959564209 0.4780234098434448 
vt 0.8024899959564209 0.48895958065986633 
vt 0.8660184741020203 0.4780234098434448 
vt 0.8660184741020203 0.48895958065986633 
vt 0.6493889093399048 0.8694167733192444 
vt 0.6493889093399048 0.8804744482040405 
vt 0.7090228796005249 0.8694167733192444 
vt 0.7090228796005249 0.8804744482040405 
vt 0.15491366386413574 0.3311142027378082 
vt 0.15491366386413574 0.3430224657058716 
vt 0.21844211220741272 0.3311142027378082 
vt 0.21844211220741272 0.3430224657058716 
vt 0.650362491607666 0.7897042632102966 
vt 0.650362491607666 0.8006404042243958 
vt 0.7138909697532654 0.7897042632102966 
vt 0.7138909697532654 0.8006404042243958 
vt 0.8315767645835876 0.81072598695755 
vt 0.8315767645835876 0.821662187576294 
vt 0.8913324475288391 0.81072598695755 
vt 0.8913324475288391 0.821662187576294 
vt 0.9633800387382507 0.8813250660896301 
vt 0.9753068685531616 0.8813250660896301 
vt 0.9633800387382507 0.8694167733192444 
vt 0.9753068685531616 0.8694167733192444 
vt 0.865288257598877 0.3975818157196045 
vt 0.9250439405441284 0.3975818157196045 
vt 0.865288257598877 0.38567352294921875 
vt 0.9250439405441284 0.38567352294921875 
vt 0.29377564787864685 0.27546125650405884 
vt 0.29377564787864685 0.33889102935791016 
vt 0.30570244789123535 0.27546125650405884 
vt 0.30570244789123535 0.33889102935791016 
vt 0.7656143307685852 0.81072598695755 
vt 0.7059803009033203 0.81072598695755 
vt 0.7656143307685852 0.821662187576294 
vt 0.7059803009033203 0.821662187576294 
vt 0.7169334888458252 0.7897042632102966 
vt 0.7169334888458252 0.8006404042243958 
vt 0.7804619669914246 0.7897042632102966 
vt 0.7804619669914246 0.8006404042243958 
vt 0.9896677136421204 0.8510683178901672 
vt 0.9896677136421204 0.8400106430053711 
vt 0.9300336837768555 0.8510683178901672 
vt 0.9300336837768555 0.8400106430053711 
vt 0.8975392580032349 0.6826512813568115 
vt 0.8975392580032349 0.6937090158462524 
vt 0.9609460234642029 0.6826512813568115 
vt 0.9609460234642029 0.6937090158462524 
vt 0.8338891267776489 0.01360072661191225 
vt 0.8459376096725464 0.013479214161634445 
vt 0.8340108394622803 0.0015709400177001953 
vt 0.8459376096725464 0.0015709400177001953 
vt 0.8024899959564209 0.41337850689888 
vt 0.8622456789016724 0.41337850689888 
vt 0.8024899959564209 0.40134871006011963 
vt 0.8622456789016724 0.40134871006011963 
vt 0.3259049654006958 0.22296762466430664 
vt 0.32578328251838684 0.28639739751815796 
vt 0.3378317654132843 0.22296762466430664 
vt 0.3378317654132843 0.28639739751815796 
vt 0.9282081723213196 0.41119125485420227 
vt 0.9878421425819397 0.41119125485420227 
vt 0.9282081723213196 0.3992829918861389 
vt 0.9878421425819397 0.3992829918861389 
vt 0.2850131094455719 0.3153175115585327 
vt 0.22148466110229492 0.3153175115585327 
vt 0.2850131094455719 0.32722577452659607 
vt 0.22148466110229492 0.32722577452659607 
vt 0.20420297980308533 0.7984532117843628 
vt 0.21612977981567383 0.7984532117843628 
vt 0.20420297980308533 0.786544919013977 
vt 0.21612977981567383 0.786544919013977 
vt 0.8660184741020203 0.4596749544143677 
vt 0.8660184741020203 0.44861727952957153 
vt 0.8024899959564209 0.4596749544143677 
vt 0.8024899959564209 0.44861727952957153 
vt 0.6944186091423035 0.7566527128219604 
vt 0.7579470872879028 0.7566527128219604 
vt 0.6944186091423035 0.7455950379371643 
vt 0.7579470872879028 0.7455950379371643 
vt 0.731659471988678 0.7859373688697815 
vt 0.7951878905296326 0.7859373688697815 
vt 0.731659471988678 0.7750011682510376 
vt 0.7951878905296326 0.7750011682510376 
vt 0.865288257598877 0.36987683176994324 
vt 0.865288257598877 0.3819066286087036 
vt 0.9250439405441284 0.36987683176994324 
vt 0.9250439405441284 0.3819066286087036 
vt 0.8501971960067749 0.7897042632102966 
vt 0.8503189086914062 0.8006404042243958 
vt 0.9136039614677429 0.7897042632102966 
vt 0.9136039614677429 0.8006404042243958 
vt 0.3391704857349396 0.15589244663715363 
vt 0.32724371552467346 0.15589244663715363 
vt 0.3392921984195709 0.2192007303237915 
vt 0.32724371552467346 0.21932223439216614 
vt 0.8525095582008362 0.8547137379646301 
vt 0.8525095582008362 0.8657714128494263 
vt 0.9121435284614563 0.8547137379646301 
vt 0.9121435284614563 0.8657714128494263 
vt 0.6639931201934814 0.8547137379646301 
vt 0.6639931201934814 0.8657714128494263 
vt 0.7237488031387329 0.8547137379646301 
vt 0.7237488031387329 0.8657714128494263 
vt 0.8493452668190002 0.8547137379646301 
vt 0.7897112965583801 0.8547137379646301 
vt 0.8493452668190002 0.8657714128494263 
vt 0.7897112965583801 0.8657714128494263 
vt 0.865288257598877 0.41714540123939514 
vt 0.865288257598877 0.4290536642074585 
vt 0.9250439405441284 0.41714540123939514 
vt 0.9250439405441284 0.4290536642074585 
vt 0.7821657657623291 0.9004026055335999 
vt 0.7821657657623291 0.8893449306488037 
vt 0.7224100828170776 0.9004026055335999 
vt 0.7224100828170776 0.8893449306488037 
vt 0.8377835750579834 0.8804744482040405 
vt 0.8974175453186035 0.8804744482040405 
vt 0.8377835750579834 0.8694167733192444 
vt 0.8974175453186035 0.8694167733192444 
vt 0.9750634431838989 0.3693907856941223 
vt 0.9750634431838989 0.305961012840271 
vt 0.9631366729736328 0.3693907856941223 
vt 0.9631366729736328 0.305961012840271 
vt 0.9325894713401794 0.35420167446136475 
vt 0.8691827058792114 0.35420167446136475 
vt 0.9325894713401794 0.3661099374294281 
vt 0.8691827058792114 0.3661099374294281 
vt 0.22817827761173248 0.2171349972486496 
vt 0.2401050627231598 0.2171349972486496 
vt 0.22817827761173248 0.20510521531105042 
vt 0.2401050627231598 0.20510521531105042 
vt 0.9282081723213196 0.41507968306541443 
vt 0.9282081723213196 0.4269879460334778 
vt 0.9878421425819397 0.41507968306541443 
vt 0.9878421425819397 0.4269879460334778 
vt 0.8043155670166016 0.8400106430053711 
vt 0.8043155670166016 0.8510683178901672 
vt 0.864071249961853 0.8400106430053711 
vt 0.864071249961853 0.8510683178901672 
vt 0.7687785625457764 0.821662187576294 
vt 0.8285342454910278 0.821662187576294 
vt 0.7687785625457764 0.81072598695755 
vt 0.8285342454910278 0.81072598695755 
vt 0.8786754608154297 0.8363652229309082 
vt 0.8786754608154297 0.8253075480461121 
vt 0.8190414905548096 0.8363652229309082 
vt 0.8190414905548096 0.8253075480461121 
vt 0.728495180606842 0.7859373688697815 
vt 0.728495180606842 0.7750011682510376 
vt 0.6650884747505188 0.7859373688697815 
vt 0.6650884747505188 0.7750011682510376 
vt 0.8680874109268188 0.6643028259277344 
vt 0.9316158294677734 0.6643028259277344 
vt 0.8680874109268188 0.6532451510429382 
vt 0.9316158294677734 0.6532451510429382 
vt 0.9314941167831421 0.7750011682510376 
vt 0.9314941167831421 0.7859373688697815 
vt 0.9949008822441101 0.7750011682510376 
vt 0.9949008822441101 0.7859373688697815 
vt 0.7192458510398865 0.8893449306488037 
vt 0.6596118807792664 0.8893449306488037 
vt 0.7192458510398865 0.9004026055335999 
vt 0.6596118807792664 0.9004026055335999 
vt 0.7383530735969543 0.8510683178901672 
vt 0.7383530735969543 0.8400106430053711 
vt 0.6787191033363342 0.8510683178901672 
vt 0.6787191033363342 0.8400106430053711 
vt 0.8011512756347656 0.8400106430053711 
vt 0.7415173053741455 0.8400106430053711 
vt 0.8011512756347656 0.8510683178901672 
vt 0.7415173053741455 0.8510683178901672 
vt 0.5968136191368103 0.9004026055335999 
vt 0.6564475893974304 0.9004026055335999 
vt 0.5968136191368103 0.8893449306488037 
vt 0.6564475893974304 0.8893449306488037 
vt 0.8346193432807922 0.8804744482040405 
vt 0.8346193432807922 0.8694167733192444 
vt 0.7749853730201721 0.8804744482040405 
vt 0.7749853730201721 0.8694167733192444 
vt 0.7982304692268372 0.7750011682510376 
vt 0.7982304692268372 0.7859373688697815 
vt 0.8617588877677917 0.7750011682510376 
vt 0.8617588877677917 0.7859373688697815 
vt 0.9283298850059509 0.7750011682510376 
vt 0.8649231195449829 0.7750011682510376 
vt 0.9283298850059509 0.7859373688697815 
vt 0.8649231195449829 0.7859373688697815 
vt 0.997334897518158 0.7420711517333984 
vt 0.9882072806358337 0.732957661151886 
vt 0.6970961093902588 0.7420711517333984 
vt 0.7061020135879517 0.732957661151886 
vt 0.9966046810150146 0.0018139659659937024 
vt 0.9875987768173218 0.010927440598607063 
vt 0.9966046810150146 0.30207258462905884 
vt 0.9875987768173218 0.2929591238498688 
vt 0.9844344854354858 0.0018139659659937024 
vt 0.9753068685531616 0.010927440598607063 
vt 0.9844344854354858 0.30207258462905884 
vt 0.9753068685531616 0.2929591238498688 
vt 0.972264289855957 0.0018139659659937024 
vt 0.9631366729736328 0.010927440598607063 
vt 0.972264289855957 0.30207258462905884 
vt 0.9631366729736328 0.2929591238498688 
vt 0.8024899959564209 0.4633203446865082 
vt 0.8024899959564209 0.4743780195713043 
vt 0.8660184741020203 0.4633203446865082 
vt 0.8660184741020203 0.4743780195713043 
vt 0.9577817916870117 0.7455950379371643 
vt 0.8942533135414124 0.7455950379371643 
vt 0.9577817916870117 0.7566527128219604 
vt 0.8942533135414124 0.7566527128219604 
vt 0.9319809675216675 0.44181254506111145 
vt 0.9953876733779907 0.44181254506111145 
vt 0.9319809675216675 0.4307548701763153 
vt 0.9953876733779907 0.4307548701763153 
vt 0.9325894713401794 0.4879874885082245 
vt 0.9325894713401794 0.47692978382110596 
vt 0.8691827058792114 0.4879874885082245 
vt 0.8691827058792114 0.47692978382110596 
vt 0.9903978705406189 0.7120574712753296 
vt 0.9268694519996643 0.7120574712753296 
vt 0.9903978705406189 0.7229936122894287 
vt 0.9268694519996643 0.7229936122894287 
vt 0.8449640274047852 0.8893449306488037 
vt 0.7852083444595337 0.8893449306488037 
vt 0.8449640274047852 0.9004026055335999 
vt 0.7852083444595337 0.9004026055335999 
vt 0.7718210816383362 0.8694167733192444 
vt 0.7121871113777161 0.8694167733192444 
vt 0.7718210816383362 0.8804744482040405 
vt 0.7121871113777161 0.8804744482040405 
vt 0.7267913818359375 0.8657714128494263 
vt 0.786547064781189 0.8657714128494263 
vt 0.7267913818359375 0.8547137379646301 
vt 0.786547064781189 0.8547137379646301 
vt 0.9415953755378723 0.8363652229309082 
vt 0.9415953755378723 0.8253075480461121 
vt 0.8818396925926208 0.8363652229309082 
vt 0.8818396925926208 0.8253075480461121 
vt 0.9462200999259949 0.6790059208869934 
vt 0.9462200999259949 0.6679482460021973 
vt 0.8828133344650269 0.6790059208869934 
vt 0.8828133344650269 0.6679482460021973 
vt 0.9325894713401794 0.44752365350723267 
vt 0.8691827058792114 0.44752365350723267 
vt 0.9325894713401794 0.4585813283920288 
vt 0.8691827058792114 0.4585813283920288 
vt 0.9953876733779907 0.4601610004901886 
vt 0.9357537031173706 0.4601610004901886 
vt 0.9953876733779907 0.47121867537498474 
vt 0.9357537031173706 0.47121867537498474 
vt 0.9541307091712952 0.821662187576294 
vt 0.9541307091712952 0.81072598695755 
vt 0.894496738910675 0.821662187576294 
vt 0.894496738910675 0.81072598695755 
vt 0.8795273900032043 0.7602981328964233 
vt 0.8795273900032043 0.7713558077812195 
vt 0.9430558085441589 0.7602981328964233 
vt 0.9430558085441589 0.7713558077812195 
vt 0.9288166761398315 0.432820588350296 
vt 0.865288257598877 0.432820588350296 
vt 0.9288166761398315 0.44387826323509216 
vt 0.865288257598877 0.44387826323509216 
vt 0.21527786552906036 0.887157678604126 
vt 0.21527786552906036 0.8274948000907898 
vt 0.20420297980308533 0.887157678604126 
vt 0.20420297980308533 0.8274948000907898 
vt 0.7562432289123535 0.8253075480461121 
vt 0.7562432289123535 0.8363652229309082 
vt 0.8158772587776184 0.8253075480461121 
vt 0.8158772587776184 0.8363652229309082 
vt 0.865288257598877 0.41337850689888 
vt 0.9250439405441284 0.41337850689888 
vt 0.865288257598877 0.40134871006011963 
vt 0.9250439405441284 0.40134871006011963 
vt 0.959120512008667 0.3960021436214447 
vt 0.959120512008667 0.3363392651081085 
vt 0.9471936821937561 0.3960021436214447 
vt 0.9471936821937561 0.3363392651081085 
vt 0.8024899959564209 0.38567352294921875 
vt 0.8024899959564209 0.3975818157196045 
vt 0.8622456789016724 0.38567352294921875 
vt 0.8622456789016724 0.3975818157196045 
vt 0.840217649936676 0.3482475280761719 
vt 0.8521444201469421 0.3482475280761719 
vt 0.840217649936676 0.3363392651081085 
vt 0.8521444201469421 0.3363392651081085 
vt 0.9369707107543945 0.8856995105743408 
vt 0.9369707107543945 0.8841198682785034 
vt 0.8372967839241028 0.8856995105743408 
vt 0.8372967839241028 0.8841198682785034 
vt 0.6928365230560303 0.9443902969360352 
vt 0.6928365230560303 0.94293212890625 
vt 0.5931625962257385 0.9443902969360352 
vt 0.5931625962257385 0.94293212890625 
vt 0.25081485509872437 0.2752182185649872 
vt 0.25081485509872437 0.2292862981557846 
vt 0.15491366386413574 0.2752182185649872 
vt 0.15491366386413574 0.2292862981557846 
vt 0.8382704257965088 0.8044073581695557 
vt 0.8382704257965088 0.805865466594696 
vt 0.888168215751648 0.8044073581695557 
vt 0.888168215751648 0.805865466594696 
vt 0.9380660653114319 0.8044073581695557 
vt 0.9380660653114319 0.805865466594696 
vt 0.4121916890144348 0.9638323783874512 
vt 0.4121916890144348 0.9651690125465393 
vt 0.5079711675643921 0.9638323783874512 
vt 0.5079711675643921 0.9651690125465393 
vt 0.3423347473144531 0.1561354696750641 
vt 0.3423347473144531 0.25577613711357117 
vt 0.34610751271247864 0.1597808599472046 
vt 0.34610751271247864 0.25565463304519653 
vt 0.8482499718666077 0.9277430176734924 
vt 0.8444771766662598 0.9239761233329773 
vt 0.7983521223068237 0.9277430176734924 
vt 0.7983521223068237 0.9239761233329773 
vt 0.7522270679473877 0.9239761233329773 
vt 0.7484543323516846 0.9277430176734924 
vt 0.8027334213256836 0.49272647500038147 
vt 0.8985128998756409 0.49272647500038147 
vt 0.8026117086410522 0.496371865272522 
vt 0.9021639227867126 0.496371865272522 
vt 0.5005473494529724 0.9691789746284485 
vt 0.5504451990127563 0.9690574407577515 
vt 0.5043200850486755 0.9693004488945007 
vt 0.5504451990127563 0.9693004488945007 
vt 0.5965702533721924 0.9693004488945007 
vt 0.6003429889678955 0.9691789746284485 
vt 0.29937395453453064 0.9693004488945007 
vt 0.2534922957420349 0.9693004488945007 
vt 0.29937395453453064 0.9680853486061096 
vt 0.2532489001750946 0.9680853486061096 
vt 0.2532489001750946 0.9693004488945007 
vt 0.2530054748058319 0.9693004488945007 
vt 0.2530054748058319 0.9695435166358948 
vt 0.2534922957420349 0.9695435166358948 
vt 0.20712383091449738 0.9680853486061096 
vt 0.20712383091449738 0.9693004488945007 
vt 0.40902745723724365 0.9651690125465393 
vt 0.31312626600265503 0.9651690125465393 
vt 0.40902745723724365 0.9638323783874512 
vt 0.31312626600265503 0.9638323783874512 
vt 0.8340108394622803 0.9565415978431702 
vt 0.9297903180122375 0.9565415978431702 
vt 0.8340108394622803 0.9569061398506165 
vt 0.9297903180122375 0.9569061398506165 
vt 0.111587755382061 0.9693004488945007 
vt 0.111587755382061 0.9680853486061096 
vt 0.15759111940860748 0.9693004488945007 
vt 0.15771281719207764 0.9680853486061096 
vt 0.15771281719207764 0.9693004488945007 
vt 0.15795621275901794 0.9693004488945007 
vt 0.15759111940860748 0.9695435166358948 
vt 0.15795621275901794 0.9695435166358948 
vt 0.20395956933498383 0.9680853486061096 
vt 0.20395956933498383 0.9693004488945007 
vt 0.4016036093235016 0.9691789746284485 
vt 0.49738308787345886 0.9691789746284485 
vt 0.4016036093235016 0.9693004488945007 
vt 0.49738308787345886 0.9693004488945007 
vt 0.22817827761173248 0.15589244663715363 
vt 0.3240794539451599 0.15589244663715363 
vt 0.22817827761173248 0.2018243670463562 
vt 0.3240794539451599 0.2018243670463562 
vt 0.3984393775463104 0.9693004488945007 
vt 0.3025381863117218 0.9693004488945007 
vt 0.3984393775463104 0.9691789746284485 
vt 0.3025381863117218 0.9691789746284485 
vt 0.9778625965118408 0.003393634920939803 
vt 0.9774974584579468 0.003393634920939803 
vt 0.9778625965118408 0.0015709400177001953 
vt 0.9774974584579468 0.0015709400177001953 
vt 0.9782276749610901 0.003393634920939803 
vt 0.9778625965118408 0.003393634920939803 
vt 0.9782276749610901 0.0015709400177001953 
vt 0.9778625965118408 0.0015709400177001953 
vt 0.9756719470024109 0.003393634920939803 
vt 0.9753068685531616 0.003393634920939803 
vt 0.9756719470024109 0.0015709400177001953 
vt 0.9753068685531616 0.0015709400177001953 
vt 0.9760370850563049 0.003393634920939803 
vt 0.9756719470024109 0.003393634920939803 
vt 0.9760370850563049 0.0015709400177001953 
vt 0.9756719470024109 0.0015709400177001953 
vt 0.9760370850563049 0.003393634920939803 
vt 0.9760370850563049 0.0015709400177001953 
vt 0.9764021635055542 0.003393634920939803 
vt 0.9764021635055542 0.0015709400177001953 
vt 0.9764021635055542 0.003393634920939803 
vt 0.9764021635055542 0.0015709400177001953 
vt 0.9767673015594482 0.003393634920939803 
vt 0.9767673015594482 0.0015709400177001953 
vt 0.9767673015594482 0.003393634920939803 
vt 0.9767673015594482 0.0015709400177001953 
vt 0.9771323800086975 0.003393634920939803 
vt 0.9771323800086975 0.0015709400177001953 
vt 0.9771323800086975 0.003393634920939803 
vt 0.9771323800086975 0.0015709400177001953 
vt 0.9774974584579468 0.003393634920939803 
vt 0.9774974584579468 0.0015709400177001953 
vt 0.8279257416725159 0.0015709400177001953 
vt 0.8279257416725159 0.010805928148329258 
vt 0.8271955251693726 0.0015709400177001953 
vt 0.8271955251693726 0.010805928148329258 
vt 0.8205019235610962 0.006795999128371477 
vt 0.8217189311981201 0.006795999128371477 
vt 0.8205019235610962 0.007646590005606413 
vt 0.8217189311981201 0.007646590005606413 
vt 0.9350234866142273 0.0015709400177001953 
vt 0.9350234866142273 0.010805928148329258 
vt 0.934293270111084 0.0015709400177001953 
vt 0.934293270111084 0.010805928148329258 
vt 0.8650448322296143 0.0027860701084136963 
vt 0.8650448322296143 0.0015709400177001953 
vt 0.8741725087165833 0.0027860701084136963 
vt 0.8741725087165833 0.0015709400177001953 
vt 0.9875987768173218 0.0027860701084136963 
vt 0.9875987768173218 0.0015709400177001953 
vt 0.9883289933204651 0.0027860701084136963 
vt 0.9883289933204651 0.0015709400177001953 
vt 0.9572949409484863 0.003636660985648632 
vt 0.9572949409484863 0.012871649116277695 
vt 0.9560779333114624 0.003636660985648632 
vt 0.9560779333114624 0.012871649116277695 
vt 0.9665443301200867 0.002421530894935131 
vt 0.9661791920661926 0.002421530894935131 
vt 0.9667876958847046 0.002178505063056946 
vt 0.9659358263015747 0.002178505063056946 
vt 0.9659358263015747 0.0018139659659937024 
vt 0.9661791920661926 0.0015709400177001953 
vt 0.9665443301200867 0.0015709400177001953 
vt 0.9667876958847046 0.0018139659659937024 
vt 0.247163787484169 0.20510521531105042 
vt 0.24679867923259735 0.20510521531105042 
vt 0.247163787484169 0.2147047370672226 
vt 0.24679867923259735 0.2147047370672226 
vt 0.243634432554245 0.2147047370672226 
vt 0.243634432554245 0.20510521531105042 
vt 0.24326932430267334 0.2147047370672226 
vt 0.24326932430267334 0.20510521531105042 
vt 0.8515359163284302 0.0015709400177001953 
vt 0.848980188369751 0.0015709400177001953 
vt 0.8515359163284302 0.011170467361807823 
vt 0.848980188369751 0.011170467361807823 
vt 0.23255954682826996 0.22090190649032593 
vt 0.23255954682826996 0.22126644849777222 
vt 0.2349935919046402 0.22090190649032593 
vt 0.2349935919046402 0.22126644849777222 
vt 0.25057142972946167 0.21142388880252838 
vt 0.25020632147789 0.21142388880252838 
vt 0.25057142972946167 0.2139756679534912 
vt 0.25020632147789 0.2139756679534912 
vt 0.9607025980949402 0.003636660985648632 
vt 0.9614328145980835 0.0015709400177001953 
vt 0.9605808854103088 0.003879687050357461 
vt 0.9609460234642029 0.0015709400177001953 
vt 0.9609460234642029 0.0015709400177001953 
vt 0.9604592323303223 0.0015709400177001953 
vt 0.9605808854103088 0.003879687050357461 
vt 0.9604592323303223 0.0042442260310053825 
vt 0.9604592323303223 0.0042442260310053825 
vt 0.9630149602890015 0.004001200199127197 
vt 0.9607025980949402 0.004001200199127197 
vt 0.9630149602890015 0.0035151480697095394 
vt 0.9607025980949402 0.004001200199127197 
vt 0.9630149602890015 0.0035151480697095394 
vt 0.9609460234642029 0.003879687050357461 
vt 0.9628932476043701 0.002907583024352789 
vt 0.9609460234642029 0.003879687050357461 
vt 0.9628932476043701 0.002907583024352789 
vt 0.9609460234642029 0.0037581739015877247 
vt 0.9627715349197388 0.002421530894935131 
vt 0.9609460234642029 0.0037581739015877247 
vt 0.9627715349197388 0.002421530894935131 
vt 0.9609460234642029 0.003636660985648632 
vt 0.9625281691551208 0.0018139659659937024 
vt 0.9609460234642029 0.003636660985648632 
vt 0.9625281691551208 0.0018139659659937024 
vt 0.9608243107795715 0.003636660985648632 
vt 0.9620413184165955 0.0016924530500546098 
vt 0.9608243107795715 0.003636660985648632 
vt 0.9620413184165955 0.0016924530500546098 
vt 0.9607025980949402 0.003636660985648632 
vt 0.9614328145980835 0.0015709400177001953 
vt 0.8814746141433716 0.010805928148329258 
vt 0.8814746141433716 0.0015709400177001953 
vt 0.8807443976402283 0.010805928148329258 
vt 0.8807443976402283 0.0015709400177001953 
vt 0.8752678036689758 0.006795999128371477 
vt 0.8740507960319519 0.006795999128371477 
vt 0.8752678036689758 0.007646590005606413 
vt 0.8740507960319519 0.007646590005606413 
vt 0.8520227074623108 0.01736762933433056 
vt 0.8427733778953552 0.01736762933433056 
vt 0.8520227074623108 0.01809670776128769 
vt 0.8427733778953552 0.01809670776128769 
vt 0.927721381187439 0.0027860701084136963 
vt 0.927721381187439 0.0015709400177001953 
vt 0.91859370470047 0.0027860701084136963 
vt 0.91859370470047 0.0015709400177001953 
vt 0.2293953001499176 0.22090190649032593 
vt 0.22817827761173248 0.22090190649032593 
vt 0.2293953001499176 0.2216309756040573 
vt 0.22817827761173248 0.2216309756040573 
vt 0.8207452893257141 0.0015709400177001953 
vt 0.8114959597587585 0.0015709400177001953 
vt 0.8207452893257141 0.0027860701084136963 
vt 0.8114959597587585 0.0027860701084136963 
vt 0.9609460234642029 0.003879687050357461 
vt 0.9609460234642029 0.0037581739015877247 
vt 0.9607025980949402 0.004001200199127197 
vt 0.9605808854103088 0.003879687050357461 
vt 0.9604592323303223 0.0042442260310053825 
vt 0.9609460234642029 0.003636660985648632 
vt 0.9608243107795715 0.003636660985648632 
vt 0.9607025980949402 0.003636660985648632 
vt 0.9059367179870605 0.01736762933433056 
vt 0.9059367179870605 0.01761065609753132 
vt 0.8963222503662109 0.01736762933433056 
vt 0.8963222503662109 0.01761065609753132 
vt 0.9594855904579163 0.01761065609753132 
vt 0.9498711228370667 0.01761065609753132 
vt 0.9594855904579163 0.01736762933433056 
vt 0.9498711228370667 0.01736762933433056 
vt 0.9049630761146545 0.011170467361807823 
vt 0.9025290608406067 0.011170467361807823 
vt 0.9049630761146545 0.0015709400177001953 
vt 0.9025290608406067 0.0015709400177001953 
vt 0.9300336837768555 0.006795999128371477 
vt 0.9300336837768555 0.007160537876188755 
vt 0.9275996685028076 0.006795999128371477 
vt 0.9275996685028076 0.007160537876188755 
vt 0.25057142972946167 0.20765699446201324 
vt 0.25020632147789 0.20765699446201324 
vt 0.25057142972946167 0.20510521531105042 
vt 0.25020632147789 0.20510521531105042 
vt 0.13312901556491852 0.9603084921836853 
vt 0.13933581113815308 0.9565415978431702 
vt 0.13933581113815308 0.9603084921836853 
vt 0.14566431939601898 0.9603084921836853 
vt 0.13312901556491852 0.9565415978431702 
vt 0.1268005073070526 0.9565415978431702 
vt 0.1268005073070526 0.9603084921836853 
vt 0.12059370428323746 0.9565415978431702 
vt 0.12059370428323746 0.9603084921836853 
vt 0.11426520347595215 0.9603084921836853 
vt 0.11426520347595215 0.9565415978431702 
vt 0.108058400452137 0.9603084921836853 
vt 0.108058400452137 0.9565415978431702 
vt 0.14566431939601898 0.9565415978431702 
vt 0.1519928276538849 0.9565415978431702 
vt 0.1519928276538849 0.9603084921836853 
vt 0.15819962322711945 0.9565415978431702 
vt 0.15819962322711945 0.9603084921836853 
vt 0.424970418214798 0.9603084921836853 
vt 0.424970418214798 0.9565415978431702 
vt 0.4186418950557709 0.9603084921836853 
vt 0.4186418950557709 0.9565415978431702 
vt 0.41231340169906616 0.9603084921836853 
vt 0.41231340169906616 0.9565415978431702 
vt 0.4061065912246704 0.9565415978431702 
vt 0.4061065912246704 0.9603084921836853 
vt 0.3997780978679657 0.9565415978431702 
vt 0.3997780978679657 0.9603084921836853 
vt 0.39357128739356995 0.9603084921836853 
vt 0.39357128739356995 0.9565415978431702 
vt 0.38724279403686523 0.9565415978431702 
vt 0.38724279403686523 0.9603084921836853 
vt 0.3810359835624695 0.9565415978431702 
vt 0.3810359835624695 0.9603084921836853 
vt 0.37470749020576477 0.9565415978431702 
vt 0.37470749020576477 0.9603084921836853 
vt 0.8033419251441956 0.9796290993690491 
vt 0.8033419251441956 0.9812087416648865 
vt 0.7979870438575745 0.9796290993690491 
vt 0.7979870438575745 0.9812087416648865 
vt 0.7927538752555847 0.9796290993690491 
vt 0.7927538752555847 0.9812087416648865 
vt 0.7873989343643188 0.9796290993690491 
vt 0.7873989343643188 0.9812087416648865 
vt 0.7820440530776978 0.9812087416648865 
vt 0.7820440530776978 0.9796290993690491 
vt 0.776810884475708 0.9812087416648865 
vt 0.776810884475708 0.9796290993690491 
vt 0.7714560031890869 0.9812087416648865 
vt 0.7714560031890869 0.9796290993690491 
vt 0.7662228345870972 0.9812087416648865 
vt 0.7662228345870972 0.9796290993690491 
vt 0.7608679533004761 0.9796290993690491 
vt 0.7608679533004761 0.9812087416648865 
vt 0.9952659606933594 0.913890540599823 
vt 0.9941706657409668 0.9086654782295227 
vt 0.997700035572052 0.913890540599823 
vt 0.9964830279350281 0.9076933860778809 
vt 0.9929536581039429 0.9024683237075806 
vt 0.9912497997283936 0.904291033744812 
vt 0.9878421425819397 0.8990659713745117 
vt 0.9868685603141785 0.9013746976852417 
vt 0.981635332107544 0.8978508114814758 
vt 0.981635332107544 0.9002810716629028 
vt 0.9764021635055542 0.9013746976852417 
vt 0.975428581237793 0.8990659713745117 
vt 0.9703170657157898 0.9024683237075806 
vt 0.9720209240913391 0.904291033744812 
vt 0.9691000580787659 0.9086654782295227 
vt 0.9667876958847046 0.9076933860778809 
vt 0.9655706882476807 0.913890540599823 
vt 0.9680047035217285 0.913890540599823 
vt 0.9117783904075623 0.9055061340332031 
vt 0.9092226624488831 0.9055061340332031 
vt 0.9127520322799683 0.9002810716629028 
vt 0.910439670085907 0.899308979511261 
vt 0.9139690399169922 0.8940839171409607 
vt 0.9156728982925415 0.8959066271781921 
vt 0.9192022085189819 0.8906815648078918 
vt 0.9201758503913879 0.8928688168525696 
vt 0.9252873063087463 0.8893449306488037 
vt 0.9252873063087463 0.891896665096283 
vt 0.9305205345153809 0.8928688168525696 
vt 0.9314941167831421 0.8906815648078918 
vt 0.9367273449897766 0.8940839171409607 
vt 0.934901773929596 0.8959066271781921 
vt 0.9379443526268005 0.9002810716629028 
vt 0.9401350021362305 0.899308979511261 
vt 0.9413520097732544 0.9055061340332031 
vt 0.9389179348945618 0.9055061340332031 
vt 0.007410846184939146 0.7009997963905334 
vt 0.012278925627470016 0.7030655145645142 
vt 0.0036380840465426445 0.6972328424453735 
vt 0.0015691500157117844 0.6923723220825195 
vt 0.0015691500157117844 0.687025785446167 
vt 0.028221888467669487 0.6923723220825195 
vt 0.017512112855911255 0.6763326525688171 
vt 0.02250189334154129 0.6783983707427979 
vt 0.026274656876921654 0.682165265083313 
vt 0.028221888467669487 0.687025785446167 
vt 0.017512112855911255 0.7030655145645142 
vt 0.02250189334154129 0.7009997963905334 
vt 0.026274656876921654 0.6972328424453735 
vt 0.012278925627470016 0.6763326525688171 
vt 0.007410846184939146 0.6783983707427979 
vt 0.0036380840465426445 0.682165265083313 
vt 0.14895027875900269 0.9812087416648865 
vt 0.1435953825712204 0.9812087416648865 
vt 0.1435953825712204 0.9796290993690491 
vt 0.13836219906806946 0.9812087416648865 
vt 0.13836219906806946 0.9796290993690491 
vt 0.13300730288028717 0.9796290993690491 
vt 0.13300730288028717 0.9812087416648865 
vt 0.12777411937713623 0.9812087416648865 
vt 0.12777411937713623 0.9796290993690491 
vt 0.12241923809051514 0.9812087416648865 
vt 0.12241923809051514 0.9796290993690491 
vt 0.14895027875900269 0.9796290993690491 
vt 0.15430516004562378 0.9796290993690491 
vt 0.15430516004562378 0.9812087416648865 
vt 0.15953834354877472 0.9796290993690491 
vt 0.15953834354877472 0.9812087416648865 
vt 0.164893239736557 0.9796290993690491 
vt 0.164893239736557 0.9812087416648865 
vt 0.34659433364868164 0.3192059099674225 
vt 0.3453772962093353 0.31300875544548035 
vt 0.3441602885723114 0.3192059099674225 
vt 0.34306496381759644 0.3139808773994446 
vt 0.3453772962093353 0.32528156042099 
vt 0.34306496381759644 0.3244309723377228 
vt 0.3418479561805725 0.3305066227912903 
vt 0.3401441276073456 0.32880544662475586 
vt 0.3357628285884857 0.3317217528820038 
vt 0.3366147577762604 0.33403050899505615 
vt 0.33052965998649597 0.33524563908576965 
vt 0.33052965998649597 0.33281537890434265 
vt 0.3418479561805725 0.30778369307518005 
vt 0.3401441276073456 0.3096064031124115 
vt 0.3357628285884857 0.30656856298446655 
vt 0.3366147577762604 0.3043813407421112 
vt 0.33052965998649597 0.3055964708328247 
vt 0.33052965998649597 0.30304470658302307 
vt 0.026396358385682106 0.974647045135498 
vt 0.026396358385682106 0.9798721075057983 
vt 0.028100185096263885 0.974647045135498 
vt 0.028100185096263885 0.9798721075057983 
vt 0.028100185096263885 0.9693004488945007 
vt 0.026396358385682106 0.9693004488945007 
vt 0.028100185096263885 0.9639539122581482 
vt 0.026396358385682106 0.9639539122581482 
vt 0.028100185096263885 0.9587288498878479 
vt 0.026396358385682106 0.9587288498878479 
vt 0.028100185096263885 0.9533822536468506 
vt 0.026396358385682106 0.9533822536468506 
vt 0.026396358385682106 0.9852187037467957 
vt 0.028100185096263885 0.9852187037467957 
vt 0.026396358385682106 0.9905652403831482 
vt 0.028100185096263885 0.9905652403831482 
vt 0.026396358385682106 0.9957903027534485 
vt 0.028100185096263885 0.9957903027534485 
vt 0.9737247228622437 0.6926153898239136 
vt 0.9699519872665405 0.6888484954833984 
vt 0.9785928130149841 0.6946811079978943 
vt 0.9839476943016052 0.6946811079978943 
vt 0.9888157844543457 0.6926153898239136 
vt 0.9925885200500488 0.6737808585166931 
vt 0.9737247228622437 0.670013964176178 
vt 0.9888157844543457 0.670013964176178 
vt 0.9839476943016052 0.6679482460021973 
vt 0.9785928130149841 0.6679482460021973 
vt 0.9678830504417419 0.6839879751205444 
vt 0.9678830504417419 0.6786413788795471 
vt 0.9699519872665405 0.6737808585166931 
vt 0.9945357441902161 0.6786413788795471 
vt 0.9945357441902161 0.6839879751205444 
vt 0.9925885200500488 0.6888484954833984 
vt 0.19227617979049683 0.9481571912765503 
vt 0.19227617979049683 0.9519240856170654 
vt 0.19860468804836273 0.9481571912765503 
vt 0.19860468804836273 0.9519240856170654 
vt 0.2048114836215973 0.9481571912765503 
vt 0.2048114836215973 0.9519240856170654 
vt 0.2111399918794632 0.9481571912765503 
vt 0.2111399918794632 0.9519240856170654 
vt 0.21734680235385895 0.9481571912765503 
vt 0.21734680235385895 0.9519240856170654 
vt 0.22367529571056366 0.9481571912765503 
vt 0.22367529571056366 0.9519240856170654 
vt 0.2298821061849594 0.9481571912765503 
vt 0.2298821061849594 0.9519240856170654 
vt 0.23621059954166412 0.9481571912765503 
vt 0.23621059954166412 0.9519240856170654 
vt 0.24253910779953003 0.9481571912765503 
vt 0.24253910779953003 0.9519240856170654 
vt 0.9054499268531799 0.49272647500038147 
vt 0.9054499268531799 0.496493399143219 
vt 0.9117783904075623 0.49272647500038147 
vt 0.9117783904075623 0.496493399143219 
vt 0.9181069135665894 0.49272647500038147 
vt 0.9181069135665894 0.496493399143219 
vt 0.9243137240409851 0.49272647500038147 
vt 0.9243137240409851 0.496493399143219 
vt 0.9306422472000122 0.49272647500038147 
vt 0.9306422472000122 0.496493399143219 
vt 0.9368489980697632 0.49272647500038147 
vt 0.9368489980697632 0.496493399143219 
vt 0.9431775212287903 0.49272647500038147 
vt 0.9431775212287903 0.496493399143219 
vt 0.949384331703186 0.49272647500038147 
vt 0.949384331703186 0.496493399143219 
vt 0.9557128548622131 0.49272647500038147 
vt 0.9557128548622131 0.496493399143219 
vt 0.9262609481811523 0.9124323725700378 
vt 0.9251656532287598 0.9176574349403381 
vt 0.9286949634552002 0.9124323725700378 
vt 0.9274779558181763 0.91862952709198 
vt 0.9222447872161865 0.9220319390296936 
vt 0.9239485859870911 0.9238545894622803 
vt 0.9188371300697327 0.9272570013999939 
vt 0.9178634881973267 0.9250697493553162 
vt 0.9126303195953369 0.928593635559082 
vt 0.9126303195953369 0.926041841506958 
vt 0.9073971509933472 0.9250697493553162 
vt 0.9064235091209412 0.9272570013999939 
vt 0.9030158519744873 0.9220319390296936 
vt 0.9013120532035828 0.9238545894622803 
vt 0.8977826833724976 0.91862952709198 
vt 0.9000950455665588 0.9176574349403381 
vt 0.8965656757354736 0.9124323725700378 
vt 0.8989996910095215 0.9124323725700378 
vt 0.8065061569213867 0.9812087416648865 
vt 0.8117393851280212 0.9812087416648865 
vt 0.8065061569213867 0.9796290993690491 
vt 0.8117393851280212 0.9796290993690491 
vt 0.8170942664146423 0.9812087416648865 
vt 0.8170942664146423 0.9796290993690491 
vt 0.8223274350166321 0.9812087416648865 
vt 0.8223274350166321 0.9796290993690491 
vt 0.8276823163032532 0.9812087416648865 
vt 0.8276823163032532 0.9796290993690491 
vt 0.8330371975898743 0.9812087416648865 
vt 0.8330371975898743 0.9796290993690491 
vt 0.8382704257965088 0.9812087416648865 
vt 0.8382704257965088 0.9796290993690491 
vt 0.8436253070831299 0.9812087416648865 
vt 0.8436253070831299 0.9796290993690491 
vt 0.8488584756851196 0.9812087416648865 
vt 0.8488584756851196 0.9796290993690491 
vt 0.9377009272575378 0.9202092289924622 
vt 0.9367273449897766 0.9149841666221619 
vt 0.940256655216217 0.9202092289924622 
vt 0.9390396475791931 0.91401207447052 
vt 0.9355102777481079 0.9087870121002197 
vt 0.9338064789772034 0.9106097221374512 
vt 0.9293034672737122 0.9075718522071838 
vt 0.9302771091461182 0.9052631258964539 
vt 0.9241920113563538 0.904047966003418 
vt 0.9241920113563538 0.906599760055542 
vt 0.918958842754364 0.9075718522071838 
vt 0.917985200881958 0.9052631258964539 
vt 0.9127520322799683 0.9087870121002197 
vt 0.9145775437355042 0.9106097221374512 
vt 0.9115350246429443 0.9149841666221619 
vt 0.9092226624488831 0.91401207447052 
vt 0.9080056548118591 0.9202092289924622 
vt 0.9105613827705383 0.9202092289924622 
vt 0.34732452034950256 0.9812087416648865 
vt 0.34196963906288147 0.9812087416648865 
vt 0.34732452034950256 0.9796290993690491 
vt 0.34196963906288147 0.9796290993690491 
vt 0.3367364704608917 0.9812087416648865 
vt 0.3367364704608917 0.9796290993690491 
vt 0.33138155937194824 0.9812087416648865 
vt 0.33138155937194824 0.9796290993690491 
vt 0.32602667808532715 0.9812087416648865 
vt 0.32602667808532715 0.9796290993690491 
vt 0.3207935094833374 0.9812087416648865 
vt 0.3207935094833374 0.9796290993690491 
vt 0.3154385983943939 0.9812087416648865 
vt 0.3154385983943939 0.9796290993690491 
vt 0.3100837171077728 0.9812087416648865 
vt 0.3100837171077728 0.9796290993690491 
vt 0.3048505485057831 0.9812087416648865 
vt 0.3048505485057831 0.9796290993690491 
vt 0.02371891401708126 0.7041590809822083 
vt 0.021771682426333427 0.7090196013450623 
vt 0.027491675689816475 0.7003921866416931 
vt 0.021771682426333427 0.7143661975860596 
vt 0.02371891401708126 0.7192267179489136 
vt 0.046355485916137695 0.7041590809822083 
vt 0.04258272424340248 0.7229936122894287 
vt 0.046355485916137695 0.7192267179489136 
vt 0.04842441901564598 0.7143661975860596 
vt 0.04842441901564598 0.7090196013450623 
vt 0.04258272424340248 0.7003921866416931 
vt 0.0377146452665329 0.6983264684677124 
vt 0.03235975652933121 0.6983264684677124 
vt 0.0377146452665329 0.7250593304634094 
vt 0.03235975652933121 0.7250593304634094 
vt 0.027491675689816475 0.7229936122894287 
vt 0.8826916217803955 0.9481571912765503 
vt 0.8763630986213684 0.9481571912765503 
vt 0.8826916217803955 0.9519240856170654 
vt 0.8763630986213684 0.9519240856170654 
vt 0.8701563477516174 0.9481571912765503 
vt 0.8701563477516174 0.9519240856170654 
vt 0.8638278245925903 0.9481571912765503 
vt 0.8638278245925903 0.9519240856170654 
vt 0.8576210141181946 0.9481571912765503 
vt 0.8576210141181946 0.9519240856170654 
vt 0.8512924909591675 0.9481571912765503 
vt 0.8512924909591675 0.9519240856170654 
vt 0.8450857400894165 0.9481571912765503 
vt 0.8450857400894165 0.9519240856170654 
vt 0.8387572169303894 0.9481571912765503 
vt 0.8387572169303894 0.9519240856170654 
vt 0.8325504064559937 0.9481571912765503 
vt 0.8325504064559937 0.9519240856170654 
vt 0.2649322748184204 0.9565415978431702 
vt 0.2649322748184204 0.9603084921836853 
vt 0.2586037814617157 0.9565415978431702 
vt 0.2586037814617157 0.9603084921836853 
vt 0.25239697098731995 0.9565415978431702 
vt 0.25239697098731995 0.9603084921836853 
vt 0.24606846272945404 0.9565415978431702 
vt 0.24606846272945404 0.9603084921836853 
vt 0.23973996937274933 0.9565415978431702 
vt 0.23973996937274933 0.9603084921836853 
vt 0.23353315889835358 0.9565415978431702 
vt 0.23353315889835358 0.9603084921836853 
vt 0.22720465064048767 0.9565415978431702 
vt 0.22720465064048767 0.9603084921836853 
vt 0.2209978550672531 0.9565415978431702 
vt 0.2209978550672531 0.9603084921836853 
vt 0.2146693468093872 0.9565415978431702 
vt 0.2146693468093872 0.9603084921836853 
vt 0.9650838971138 0.3730361759662628 
vt 0.9661791920661926 0.3782612383365631 
vt 0.9626498222351074 0.3730361759662628 
vt 0.9638668894767761 0.37923333048820496 
vt 0.9691000580787659 0.3826357126235962 
vt 0.9673961997032166 0.38445839285850525 
vt 0.9726294279098511 0.3879822790622711 
vt 0.973481297492981 0.38567352294921875 
vt 0.9787145256996155 0.3891974091529846 
vt 0.9787145256996155 0.386645644903183 
vt 0.9839476943016052 0.38567352294921875 
vt 0.9849213361740112 0.3879822790622711 
vt 0.9883289933204651 0.3826357126235962 
vt 0.990154504776001 0.38445839285850525 
vt 0.9912497997283936 0.3782612383365631 
vt 0.9935621619224548 0.37923333048820496 
vt 0.9947791695594788 0.3730361759662628 
vt 0.9923451542854309 0.3730361759662628 
vt 0.21040977537631989 0.9812087416648865 
vt 0.20517659187316895 0.9812087416648865 
vt 0.21040977537631989 0.9796290993690491 
vt 0.20517659187316895 0.9796290993690491 
vt 0.19982171058654785 0.9812087416648865 
vt 0.19982171058654785 0.9796290993690491 
vt 0.1945885270833969 0.9812087416648865 
vt 0.1945885270833969 0.9796290993690491 
vt 0.18923363089561462 0.9812087416648865 
vt 0.18923363089561462 0.9796290993690491 
vt 0.18387874960899353 0.9812087416648865 
vt 0.18387874960899353 0.9796290993690491 
vt 0.1786455661058426 0.9812087416648865 
vt 0.1786455661058426 0.9796290993690491 
vt 0.1732906699180603 0.9812087416648865 
vt 0.1732906699180603 0.9796290993690491 
vt 0.16805748641490936 0.9812087416648865 
vt 0.16805748641490936 0.9796290993690491 
vt 0.809792160987854 0.9202092289924622 
vt 0.8122261762619019 0.9202092289924622 
vt 0.8086968064308167 0.9149841666221619 
vt 0.8110091686248779 0.91401207447052 
vt 0.8076015114784241 0.9087870121002197 
vt 0.8057759404182434 0.9106097221374512 
vt 0.8013947010040283 0.9075718522071838 
vt 0.8023682832717896 0.9052631258964539 
vt 0.7961615324020386 0.904047966003418 
vt 0.7961615324020386 0.906599760055542 
vt 0.790928304195404 0.9075718522071838 
vt 0.7900764346122742 0.9052631258964539 
vt 0.7848432064056396 0.9087870121002197 
vt 0.786547064781189 0.9106097221374512 
vt 0.7836261987686157 0.9149841666221619 
vt 0.7813138365745544 0.91401207447052 
vt 0.7825309038162231 0.9202092289924622 
vt 0.7800968289375305 0.9202092289924622 
vt 0.3431866765022278 0.30219408869743347 
vt 0.3448905050754547 0.30219408869743347 
vt 0.3431866765022278 0.29684752225875854 
vt 0.3448905050754547 0.29684752225875854 
vt 0.3431866765022278 0.29162245988845825 
vt 0.3448905050754547 0.29162245988845825 
vt 0.3431866765022278 0.2862758934497833 
vt 0.3448905050754547 0.2862758934497833 
vt 0.3431866765022278 0.2809293270111084 
vt 0.3448905050754547 0.2809293270111084 
vt 0.3431866765022278 0.2757042646408081 
vt 0.3448905050754547 0.2757042646408081 
vt 0.3431866765022278 0.2703576982021332 
vt 0.3448905050754547 0.2703576982021332 
vt 0.3431866765022278 0.26501113176345825 
vt 0.3448905050754547 0.26501113176345825 
vt 0.3431866765022278 0.25978606939315796 
vt 0.3448905050754547 0.25978606939315796 
vt 0.5996127724647522 0.9200876951217651 
vt 0.5996127724647522 0.9147411584854126 
vt 0.597665548324585 0.9249482154846191 
vt 0.597665548324585 0.9098806381225586 
vt 0.5938928127288818 0.9061136841773987 
vt 0.5750289559364319 0.9098806381225586 
vt 0.5890247225761414 0.930780827999115 
vt 0.5788017511367798 0.9287151098251343 
vt 0.5836698412895203 0.930780827999115 
vt 0.5938928127288818 0.9287151098251343 
vt 0.5750289559364319 0.9249482154846191 
vt 0.5729600191116333 0.9200876951217651 
vt 0.5729600191116333 0.9147411584854126 
vt 0.5788017511367798 0.9061136841773987 
vt 0.5836698412895203 0.904047966003418 
vt 0.5890247225761414 0.904047966003418 
vt 0.7759589552879333 0.9481571912765503 
vt 0.7697521448135376 0.9481571912765503 
vt 0.7759589552879333 0.9519240856170654 
vt 0.7697521448135376 0.9519240856170654 
vt 0.7634236812591553 0.9481571912765503 
vt 0.7634236812591553 0.9519240856170654 
vt 0.7572168707847595 0.9481571912765503 
vt 0.7572168707847595 0.9519240856170654 
vt 0.7508883476257324 0.9481571912765503 
vt 0.7508883476257324 0.9519240856170654 
vt 0.7446815371513367 0.9481571912765503 
vt 0.7446815371513367 0.9519240856170654 
vt 0.7383530735969543 0.9481571912765503 
vt 0.7383530735969543 0.9519240856170654 
vt 0.7320245504379272 0.9481571912765503 
vt 0.7320245504379272 0.9519240856170654 
vt 0.7258177399635315 0.9481571912765503 
vt 0.7258177399635315 0.9519240856170654 
vt 0.21150510013103485 0.9565415978431702 
vt 0.21150510013103485 0.9603084921836853 
vt 0.2052983045578003 0.9565415978431702 
vt 0.2052983045578003 0.9603084921836853 
vt 0.1989697962999344 0.9565415978431702 
vt 0.1989697962999344 0.9603084921836853 
vt 0.19276298582553864 0.9565415978431702 
vt 0.19276298582553864 0.9603084921836853 
vt 0.18643449246883392 0.9565415978431702 
vt 0.18643449246883392 0.9603084921836853 
vt 0.18022768199443817 0.9565415978431702 
vt 0.18022768199443817 0.9603084921836853 
vt 0.17389918863773346 0.9565415978431702 
vt 0.17389918863773346 0.9603084921836853 
vt 0.16757068037986755 0.9565415978431702 
vt 0.16757068037986755 0.9603084921836853 
vt 0.1613638699054718 0.9565415978431702 
vt 0.1613638699054718 0.9603084921836853 
vt 0.9474371075630188 0.9072073101997375 
vt 0.9485324025154114 0.9124323725700378 
vt 0.9450030326843262 0.9072073101997375 
vt 0.9462200999259949 0.9134044647216797 
vt 0.9514532685279846 0.9168068766593933 
vt 0.9496277570724487 0.91862952709198 
vt 0.9548609256744385 0.9220319390296936 
vt 0.9558345079421997 0.9197231531143188 
vt 0.9610677361488342 0.9208167791366577 
vt 0.9610677361488342 0.9232470393180847 
vt 0.9671528339385986 0.9220319390296936 
vt 0.966300904750824 0.9197231531143188 
vt 0.9723860025405884 0.91862952709198 
vt 0.9706822037696838 0.9168068766593933 
vt 0.9759153723716736 0.9134044647216797 
vt 0.9736030101776123 0.9124323725700378 
vt 0.9771323800086975 0.9072073101997375 
vt 0.9746983647346497 0.9072073101997375 
vt 0.9969698190689087 0.9413524866104126 
vt 0.9916149377822876 0.9413524866104126 
vt 0.9969698190689087 0.9397727847099304 
vt 0.9916149377822876 0.9397727847099304 
vt 0.9863817095756531 0.9413524866104126 
vt 0.9863817095756531 0.9397727847099304 
vt 0.981026828289032 0.9413524866104126 
vt 0.981026828289032 0.9397727847099304 
vt 0.9757936596870422 0.9413524866104126 
vt 0.9757936596870422 0.9397727847099304 
vt 0.9704387784004211 0.9413524866104126 
vt 0.9704387784004211 0.9397727847099304 
vt 0.9650838971138 0.9413524866104126 
vt 0.9650838971138 0.9397727847099304 
vt 0.9598506689071655 0.9413524866104126 
vt 0.9598506689071655 0.9397727847099304 
vt 0.9544957876205444 0.9413524866104126 
vt 0.9544957876205444 0.9397727847099304 
vt 0.12692220509052277 0.9516810774803162 
vt 0.12570518255233765 0.945483922958374 
vt 0.12448816746473312 0.9516810774803162 
vt 0.12339285016059875 0.9464560151100159 
vt 0.12229753285646439 0.9402588605880737 
vt 0.1204720064997673 0.9420815706253052 
vt 0.11609072983264923 0.9390437602996826 
vt 0.11706434935331345 0.9368565082550049 
vt 0.11085754632949829 0.9355198740959167 
vt 0.11085754632949829 0.938071608543396 
vt 0.10477244853973389 0.9368565082550049 
vt 0.10562436282634735 0.9390437602996826 
vt 0.09953925758600235 0.9402588605880737 
vt 0.10124308615922928 0.9420815706253052 
vt 0.09832224249839783 0.9464560151100159 
vt 0.09600990265607834 0.945483922958374 
vt 0.09722692519426346 0.9516810774803162 
vt 0.09479288011789322 0.9516810774803162 
vt 0.5784366130828857 0.9796290993690491 
vt 0.5784366130828857 0.9812087416648865 
vt 0.5837914943695068 0.9796290993690491 
vt 0.5837914943695068 0.9812087416648865 
vt 0.5891464352607727 0.9796290993690491 
vt 0.5891464352607727 0.9812087416648865 
vt 0.5943796038627625 0.9796290993690491 
vt 0.5943796038627625 0.9812087416648865 
vt 0.5997344851493835 0.9796290993690491 
vt 0.5997344851493835 0.9812087416648865 
vt 0.6049676537513733 0.9796290993690491 
vt 0.6049676537513733 0.9812087416648865 
vt 0.6103225350379944 0.9796290993690491 
vt 0.6103225350379944 0.9812087416648865 
vt 0.6156774163246155 0.9796290993690491 
vt 0.6156774163246155 0.9812087416648865 
vt 0.62091064453125 0.9796290993690491 
vt 0.62091064453125 0.9812087416648865 
vt 0.7467504739761353 0.9249482154846191 
vt 0.7488194108009338 0.9200876951217651 
vt 0.7429777383804321 0.9287151098251343 
vt 0.7488194108009338 0.9147411584854126 
vt 0.7467504739761353 0.9098806381225586 
vt 0.724113941192627 0.9249482154846191 
vt 0.7381096482276917 0.904047966003418 
vt 0.7278866767883301 0.9061136841773987 
vt 0.7327547669410706 0.904047966003418 
vt 0.7381096482276917 0.930780827999115 
vt 0.7327547669410706 0.930780827999115 
vt 0.7278866767883301 0.9287151098251343 
vt 0.7429777383804321 0.9061136841773987 
vt 0.7221667170524597 0.9200876951217651 
vt 0.7221667170524597 0.9147411584854126 
vt 0.724113941192627 0.9098806381225586 
vt 0.99709153175354 0.3561458885669708 
vt 0.99709153175354 0.34982720017433167 
vt 0.9933187365531921 0.3561458885669708 
vt 0.9933187365531921 0.34982720017433167 
vt 0.99709153175354 0.3435085117816925 
vt 0.9933187365531921 0.3435085117816925 
vt 0.99709153175354 0.33731135725975037 
vt 0.9933187365531921 0.33731135725975037 
vt 0.99709153175354 0.3309926688671112 
vt 0.9933187365531921 0.3309926688671112 
vt 0.99709153175354 0.32467401027679443 
vt 0.9933187365531921 0.32467401027679443 
vt 0.99709153175354 0.3184768557548523 
vt 0.9933187365531921 0.3184768557548523 
vt 0.99709153175354 0.31215816736221313 
vt 0.9933187365531921 0.31215816736221313 
vt 0.99709153175354 0.305961012840271 
vt 0.9933187365531921 0.305961012840271 
vt 0.34915006160736084 0.9481571912765503 
vt 0.34915006160736084 0.9519240856170654 
vt 0.3429432511329651 0.9481571912765503 
vt 0.3429432511329651 0.9519240856170654 
vt 0.3366147577762604 0.9481571912765503 
vt 0.3366147577762604 0.9519240856170654 
vt 0.3304079473018646 0.9481571912765503 
vt 0.3304079473018646 0.9519240856170654 
vt 0.3240794539451599 0.9481571912765503 
vt 0.3240794539451599 0.9519240856170654 
vt 0.3177509605884552 0.9481571912765503 
vt 0.3177509605884552 0.9519240856170654 
vt 0.31154415011405945 0.9481571912765503 
vt 0.31154415011405945 0.9519240856170654 
vt 0.30521562695503235 0.9481571912765503 
vt 0.30521562695503235 0.9519240856170654 
vt 0.299008846282959 0.9481571912765503 
vt 0.299008846282959 0.9519240856170654 
vt 0.9950225949287415 0.8554427623748779 
vt 0.9897893667221069 0.8565363883972168 
vt 0.9950225949287415 0.8530125021934509 
vt 0.9888157844543457 0.8542276620864868 
vt 0.9837042689323425 0.8577515482902527 
vt 0.9854081273078918 0.8594527244567871 
vt 0.9824872612953186 0.8638271689414978 
vt 0.9801749587059021 0.862855076789856 
vt 0.981391966342926 0.8690522313117981 
vt 0.9789578914642334 0.8690522313117981 
vt 0.9824872612953186 0.8742772936820984 
vt 0.9801749587059021 0.8752493858337402 
vt 0.9854081273078918 0.8786517977714539 
vt 0.9837042689323425 0.8804744482040405 
vt 0.9888157844543457 0.8838768601417542 
vt 0.9897893667221069 0.8816896080970764 
vt 0.9950225949287415 0.8826617002487183 
vt 0.9950225949287415 0.8850919604301453 
vt 0.2560480237007141 0.9812087416648865 
vt 0.2560480237007141 0.9796290993690491 
vt 0.25081485509872437 0.9812087416648865 
vt 0.25081485509872437 0.9796290993690491 
vt 0.24545995891094208 0.9812087416648865 
vt 0.24545995891094208 0.9796290993690491 
vt 0.2401050627231598 0.9812087416648865 
vt 0.2401050627231598 0.9796290993690491 
vt 0.23487187922000885 0.9812087416648865 
vt 0.23487187922000885 0.9796290993690491 
vt 0.22951699793338776 0.9812087416648865 
vt 0.22951699793338776 0.9796290993690491 
vt 0.22428381443023682 0.9812087416648865 
vt 0.22428381443023682 0.9796290993690491 
vt 0.21892891824245453 0.9812087416648865 
vt 0.21892891824245453 0.9796290993690491 
vt 0.21357403695583344 0.9812087416648865 
vt 0.21357403695583344 0.9796290993690491 
vt 0.9626498222351074 0.7617562413215637 
vt 0.9636234641075134 0.7565312385559082 
vt 0.9600940942764282 0.7617562413215637 
vt 0.9613111019134521 0.7555590867996216 
vt 0.9665443301200867 0.7521567344665527 
vt 0.9648404717445374 0.7503340244293213 
vt 0.9710472822189331 0.7491189241409302 
vt 0.9700736403465271 0.7468101978302002 
vt 0.9761587381362915 0.7455950379371643 
vt 0.9761587381362915 0.7481468319892883 
vt 0.9823655486106873 0.7468101978302002 
vt 0.981391966342926 0.7491189241409302 
vt 0.9875987768173218 0.7503340244293213 
vt 0.9857732057571411 0.7521567344665527 
vt 0.9888157844543457 0.7565312385559082 
vt 0.9910064339637756 0.7555590867996216 
vt 0.9897893667221069 0.7617562413215637 
vt 0.9922234416007996 0.7617562413215637 
vt 0.690889298915863 0.9812087416648865 
vt 0.6962441802024841 0.9796290993690491 
vt 0.6962441802024841 0.9812087416648865 
vt 0.7014773488044739 0.9812087416648865 
vt 0.690889298915863 0.9796290993690491 
vt 0.6855344176292419 0.9796290993690491 
vt 0.6855344176292419 0.9812087416648865 
vt 0.6803011894226074 0.9796290993690491 
vt 0.6803011894226074 0.9812087416648865 
vt 0.6749463081359863 0.9796290993690491 
vt 0.6749463081359863 0.9812087416648865 
vt 0.6697131395339966 0.9796290993690491 
vt 0.6697131395339966 0.9812087416648865 
vt 0.7014773488044739 0.9796290993690491 
vt 0.706832230091095 0.9796290993690491 
vt 0.706832230091095 0.9812087416648865 
vt 0.7120653986930847 0.9796290993690491 
vt 0.7120653986930847 0.9812087416648865 
vt 0.24302591383457184 0.8692952990531921 
vt 0.24509485065937042 0.8644347786903381 
vt 0.23925316333770752 0.8730621933937073 
vt 0.24509485065937042 0.8590881824493408 
vt 0.24302591383457184 0.8542276620864868 
vt 0.22416210174560547 0.8504607677459717 
vt 0.22038935124874115 0.8692952990531921 
vt 0.21832041442394257 0.8644347786903381 
vt 0.21832041442394257 0.8590881824493408 
vt 0.22038935124874115 0.8542276620864868 
vt 0.23438507318496704 0.875127911567688 
vt 0.22903019189834595 0.875127911567688 
vt 0.22416210174560547 0.8730621933937073 
vt 0.23925316333770752 0.8504607677459717 
vt 0.23438507318496704 0.848395049571991 
vt 0.22903019189834595 0.848395049571991 
vt 0.45904695987701416 0.9481571912765503 
vt 0.46537548303604126 0.9481571912765503 
vt 0.45904695987701416 0.9519240856170654 
vt 0.46537548303604126 0.9519240856170654 
vt 0.4715822637081146 0.9481571912765503 
vt 0.4715822637081146 0.9519240856170654 
vt 0.4779107868671417 0.9481571912765503 
vt 0.4779107868671417 0.9519240856170654 
vt 0.4841175675392151 0.9481571912765503 
vt 0.4841175675392151 0.9519240856170654 
vt 0.4904460906982422 0.9519240856170654 
vt 0.4904460906982422 0.9481571912765503 
vt 0.49665287137031555 0.9481571912765503 
vt 0.49665287137031555 0.9519240856170654 
vt 0.5029813647270203 0.9481571912765503 
vt 0.5029813647270203 0.9519240856170654 
vt 0.509188175201416 0.9519240856170654 
vt 0.509188175201416 0.9481571912765503 
vt 0.5657796263694763 0.9481571912765503 
vt 0.5719864368438721 0.9481571912765503 
vt 0.5657796263694763 0.9519240856170654 
vt 0.5719864368438721 0.9519240856170654 
vt 0.5783149003982544 0.9519240856170654 
vt 0.5783149003982544 0.9481571912765503 
vt 0.5845217108726501 0.9519240856170654 
vt 0.5845217108726501 0.9481571912765503 
vt 0.5908502340316772 0.9481571912765503 
vt 0.5908502340316772 0.9519240856170654 
vt 0.5971787571907043 0.9519240856170654 
vt 0.5971787571907043 0.9481571912765503 
vt 0.6033855676651001 0.9481571912765503 
vt 0.6033855676651001 0.9519240856170654 
vt 0.6097140312194824 0.9519240856170654 
vt 0.6097140312194824 0.9481571912765503 
vt 0.6159208416938782 0.9519240856170654 
vt 0.6159208416938782 0.9481571912765503 
vt 0.06254184991121292 0.9516810774803162 
vt 0.0615682378411293 0.9464560151100159 
vt 0.06509759277105331 0.9516810774803162 
vt 0.06375887244939804 0.945483922958374 
vt 0.0585256852209568 0.9420815706253052 
vt 0.06035121530294418 0.9402588605880737 
vt 0.05414441227912903 0.9390437602996826 
vt 0.05511803179979324 0.9368565082550049 
vt 0.04891122877597809 0.9355198740959167 
vt 0.04891122877597809 0.938071608543396 
vt 0.0437997430562973 0.9390437602996826 
vt 0.042826127260923386 0.9368565082550049 
vt 0.039296768605709076 0.9420815706253052 
vt 0.037592943757772446 0.9402588605880737 
vt 0.036375921219587326 0.9464560151100159 
vt 0.034063585102558136 0.945483922958374 
vt 0.03540230542421341 0.9516810774803162 
vt 0.032846562564373016 0.9516810774803162 
vt 0.9837042689323425 0.8044073581695557 
vt 0.9783493876457214 0.8044073581695557 
vt 0.9837042689323425 0.8059870004653931 
vt 0.9783493876457214 0.8059870004653931 
vt 0.9731162190437317 0.8044073581695557 
vt 0.9731162190437317 0.8059870004653931 
vt 0.9677613377571106 0.8044073581695557 
vt 0.9677613377571106 0.8059870004653931 
vt 0.9624064564704895 0.8044073581695557 
vt 0.9624064564704895 0.8059870004653931 
vt 0.957173228263855 0.8059870004653931 
vt 0.957173228263855 0.8044073581695557 
vt 0.9518183469772339 0.8044073581695557 
vt 0.9518183469772339 0.8059870004653931 
vt 0.9465851783752441 0.8044073581695557 
vt 0.9465851783752441 0.8059870004653931 
vt 0.941230297088623 0.8044073581695557 
vt 0.941230297088623 0.8059870004653931 
vt 0.7652491927146912 0.9200876951217651 
vt 0.7652491927146912 0.9176574349403381 
vt 0.7713342905044556 0.918872594833374 
vt 0.7703607082366943 0.9166853427886963 
vt 0.7590423822402954 0.918872594833374 
vt 0.7600160241127014 0.9166853427886963 
vt 0.7538092136383057 0.9154702425003052 
vt 0.7556347250938416 0.9136475324630737 
vt 0.7525922060012817 0.9092730283737183 
vt 0.7504015564918518 0.9102451801300049 
vt 0.7516185641288757 0.904047966003418 
vt 0.7490628361701965 0.904047966003418 
vt 0.7765674591064453 0.9154702425003052 
vt 0.7748636603355408 0.9136475324630737 
vt 0.777784526348114 0.9092730283737183 
vt 0.7800968289375305 0.9102451801300049 
vt 0.7787581086158752 0.904047966003418 
vt 0.7813138365745544 0.904047966003418 
vt 0.8733205795288086 0.9812087416648865 
vt 0.8785537481307983 0.9812087416648865 
vt 0.8733205795288086 0.9796290993690491 
vt 0.8785537481307983 0.9796290993690491 
vt 0.8679656982421875 0.9796290993690491 
vt 0.8679656982421875 0.9812087416648865 
vt 0.8626108169555664 0.9796290993690491 
vt 0.8626108169555664 0.9812087416648865 
vt 0.8573775887489319 0.9796290993690491 
vt 0.8573775887489319 0.9812087416648865 
vt 0.8520227074623108 0.9796290993690491 
vt 0.8520227074623108 0.9812087416648865 
vt 0.8839086294174194 0.9812087416648865 
vt 0.8839086294174194 0.9796290993690491 
vt 0.889141857624054 0.9812087416648865 
vt 0.889141857624054 0.9796290993690491 
vt 0.894496738910675 0.9812087416648865 
vt 0.894496738910675 0.9796290993690491 
vt 0.6572995185852051 0.9098806381225586 
vt 0.6593684554100037 0.9147411584854126 
vt 0.653526782989502 0.9061136841773987 
vt 0.6486586928367615 0.904047966003418 
vt 0.6433038115501404 0.904047966003418 
vt 0.6486586928367615 0.930780827999115 
vt 0.6325940489768982 0.9200876951217651 
vt 0.6433038115501404 0.930780827999115 
vt 0.6384357213973999 0.9287151098251343 
vt 0.634662926197052 0.9249482154846191 
vt 0.6593684554100037 0.9200876951217651 
vt 0.6572995185852051 0.9249482154846191 
vt 0.653526782989502 0.9287151098251343 
vt 0.6384357213973999 0.9061136841773987 
vt 0.634662926197052 0.9098806381225586 
vt 0.6325940489768982 0.9147411584854126 
vt 0.6725122928619385 0.9481571912765503 
vt 0.6787191033363342 0.9481571912765503 
vt 0.6725122928619385 0.9519240856170654 
vt 0.6787191033363342 0.9519240856170654 
vt 0.6850475668907166 0.9481571912765503 
vt 0.6850475668907166 0.9519240856170654 
vt 0.6912543773651123 0.9481571912765503 
vt 0.6912543773651123 0.9519240856170654 
vt 0.6975829005241394 0.9481571912765503 
vt 0.6975829005241394 0.9519240856170654 
vt 0.7037897109985352 0.9481571912765503 
vt 0.7037897109985352 0.9519240856170654 
vt 0.7101181745529175 0.9481571912765503 
vt 0.7101181745529175 0.9519240856170654 
vt 0.7163249850273132 0.9481571912765503 
vt 0.7163249850273132 0.9519240856170654 
vt 0.7226535081863403 0.9481571912765503 
vt 0.7226535081863403 0.9519240856170654 
vt 0.9397698640823364 0.3415643274784088 
vt 0.9361187815666199 0.3415643274784088 
vt 0.9397698640823364 0.3478829860687256 
vt 0.9361187815666199 0.3478829860687256 
vt 0.9397698640823364 0.3540801405906677 
vt 0.9361187815666199 0.3540801405906677 
vt 0.9397698640823364 0.3603988289833069 
vt 0.9361187815666199 0.3603988289833069 
vt 0.9397698640823364 0.36671751737594604 
vt 0.9361187815666199 0.36671751737594604 
vt 0.9397698640823364 0.3729146718978882 
vt 0.9361187815666199 0.3729146718978882 
vt 0.9397698640823364 0.37923333048820496 
vt 0.9361187815666199 0.37923333048820496 
vt 0.9397698640823364 0.3855520188808441 
vt 0.9361187815666199 0.3855520188808441 
vt 0.9397698640823364 0.39174917340278625 
vt 0.9361187815666199 0.39174917340278625 
vt 0.07507716119289398 0.9554479718208313 
vt 0.07410354167222977 0.9606730341911316 
vt 0.07763289660215378 0.9554479718208313 
vt 0.07641588151454926 0.9616451263427734 
vt 0.07118269056081772 0.9650475382804871 
vt 0.07288651913404465 0.9668701887130737 
vt 0.06765333563089371 0.9703940749168396 
vt 0.06667972356081009 0.9680853486061096 
vt 0.0615682378411293 0.9716092348098755 
vt 0.0615682378411293 0.9690574407577515 
vt 0.056335050612688065 0.9680853486061096 
vt 0.05536143481731415 0.9703940749168396 
vt 0.05195377767086029 0.9650475382804871 
vt 0.05012824758887291 0.9668701887130737 
vt 0.04891122877597809 0.9606730341911316 
vt 0.04672059044241905 0.9616451263427734 
vt 0.04550357162952423 0.9554479718208313 
vt 0.04793761298060417 0.9554479718208313 
vt 0.5329200625419617 0.9812087416648865 
vt 0.5381532907485962 0.9812087416648865 
vt 0.5329200625419617 0.9796290993690491 
vt 0.5381532907485962 0.9796290993690491 
vt 0.5435081720352173 0.9812087416648865 
vt 0.5435081720352173 0.9796290993690491 
vt 0.548741340637207 0.9812087416648865 
vt 0.548741340637207 0.9796290993690491 
vt 0.5540962219238281 0.9812087416648865 
vt 0.5540962219238281 0.9796290993690491 
vt 0.5594511032104492 0.9812087416648865 
vt 0.5594511032104492 0.9796290993690491 
vt 0.5646843314170837 0.9812087416648865 
vt 0.5646843314170837 0.9796290993690491 
vt 0.5700392127037048 0.9812087416648865 
vt 0.5700392127037048 0.9796290993690491 
vt 0.5752723813056946 0.9812087416648865 
vt 0.5752723813056946 0.9796290993690491 
vt 0.8996081948280334 0.9019822478294373 
vt 0.8943750262260437 0.9055061340332031 
vt 0.8943750262260437 0.9029543995857239 
vt 0.889141857624054 0.9019822478294373 
vt 0.888168215751648 0.904291033744812 
vt 0.8829350471496582 0.9007671475410461 
vt 0.8847605586051941 0.8989444375038147 
vt 0.8818396925926208 0.894569993019104 
vt 0.8795273900032043 0.8955420851707458 
vt 0.8783103823661804 0.8893449306488037 
vt 0.8807443976402283 0.8893449306488037 
vt 0.9004601240158081 0.904291033744812 
vt 0.9056932926177979 0.9007671475410461 
vt 0.9039894938468933 0.8989444375038147 
vt 0.9069103002548218 0.894569993019104 
vt 0.9092226624488831 0.8955420851707458 
vt 0.910439670085907 0.8893449306488037 
vt 0.9080056548118591 0.8893449306488037 
vt 0.4173031747341156 0.9812087416648865 
vt 0.4173031747341156 0.9796290993690491 
vt 0.42253637313842773 0.9812087416648865 
vt 0.42253637313842773 0.9796290993690491 
vt 0.4119482934474945 0.9796290993690491 
vt 0.4119482934474945 0.9812087416648865 
vt 0.4067150950431824 0.9796290993690491 
vt 0.4067150950431824 0.9812087416648865 
vt 0.4013602137565613 0.9796290993690491 
vt 0.4013602137565613 0.9812087416648865 
vt 0.3960053324699402 0.9796290993690491 
vt 0.3960053324699402 0.9812087416648865 
vt 0.42789125442504883 0.9812087416648865 
vt 0.42789125442504883 0.9796290993690491 
vt 0.4332461357116699 0.9812087416648865 
vt 0.4332461357116699 0.9796290993690491 
vt 0.43847933411598206 0.9812087416648865 
vt 0.43847933411598206 0.9796290993690491 
vt 0.9782276749610901 0.8116981387138367 
vt 0.9818787574768066 0.8153434991836548 
vt 0.973237931728363 0.8096323609352112 
vt 0.9680047035217285 0.8096323609352112 
vt 0.9630149602890015 0.8116981387138367 
vt 0.9782276749610901 0.8342995047569275 
vt 0.9593638777732849 0.8305326104164124 
vt 0.9630149602890015 0.8342995047569275 
vt 0.9680047035217285 0.836243748664856 
vt 0.973237931728363 0.836243748664856 
vt 0.9818787574768066 0.8305326104164124 
vt 0.9839476943016052 0.8255506157875061 
vt 0.9839476943016052 0.8203255534172058 
vt 0.9572949409484863 0.8255506157875061 
vt 0.9572949409484863 0.8203255534172058 
vt 0.9593638777732849 0.8153434991836548 
vt 0.9391613602638245 0.9481571912765503 
vt 0.9391613602638245 0.9519240856170654 
vt 0.9454898834228516 0.9481571912765503 
vt 0.9454898834228516 0.9519240856170654 
vt 0.9516966342926025 0.9481571912765503 
vt 0.9516966342926025 0.9519240856170654 
vt 0.9580251574516296 0.9481571912765503 
vt 0.9580251574516296 0.9519240856170654 
vt 0.9642319679260254 0.9481571912765503 
vt 0.9642319679260254 0.9519240856170654 
vt 0.9705604910850525 0.9481571912765503 
vt 0.9705604910850525 0.9519240856170654 
vt 0.9767673015594482 0.9481571912765503 
vt 0.9767673015594482 0.9519240856170654 
vt 0.9830957651138306 0.9481571912765503 
vt 0.9830957651138306 0.9519240856170654 
vt 0.9894242882728577 0.9481571912765503 
vt 0.9894242882728577 0.9519240856170654 
vt 0.9462200999259949 0.7655231952667236 
vt 0.9462200999259949 0.7692900896072388 
vt 0.9524268507957458 0.7655231952667236 
vt 0.9524268507957458 0.7692900896072388 
vt 0.958755373954773 0.7655231952667236 
vt 0.958755373954773 0.7692900896072388 
vt 0.9649621844291687 0.7655231952667236 
vt 0.9649621844291687 0.7692900896072388 
vt 0.9712907075881958 0.7655231952667236 
vt 0.9712907075881958 0.7692900896072388 
vt 0.9776191711425781 0.7655231952667236 
vt 0.9776191711425781 0.7692900896072388 
vt 0.9838259816169739 0.7655231952667236 
vt 0.9838259816169739 0.7692900896072388 
vt 0.990154504776001 0.7655231952667236 
vt 0.990154504776001 0.7692900896072388 
vt 0.9963613152503967 0.7655231952667236 
vt 0.9963613152503967 0.7692900896072388 
vt 0.8906022310256958 0.9103666543960571 
vt 0.8896286487579346 0.9155917167663574 
vt 0.8931580185890198 0.9103666543960571 
vt 0.8919410109519958 0.9165638089179993 
vt 0.8884116411209106 0.9216673970222473 
vt 0.8867077827453613 0.9199662208557129 
vt 0.8831784129142761 0.9251912236213684 
vt 0.8822048306465149 0.9228824973106384 
vt 0.8770933151245117 0.9264063835144043 
vt 0.8770933151245117 0.9239761233329773 
vt 0.871860146522522 0.9228824973106384 
vt 0.8708865642547607 0.9251912236213684 
vt 0.8674789071083069 0.9199662208557129 
vt 0.8656533360481262 0.9216673970222473 
vt 0.8644363284111023 0.9155917167663574 
vt 0.8622456789016724 0.9165638089179993 
vt 0.8610286712646484 0.9103666543960571 
vt 0.8634626865386963 0.9103666543960571 
vt 0.11925498396158218 0.9796290993690491 
vt 0.1139000952243805 0.9796290993690491 
vt 0.11925498396158218 0.9812087416648865 
vt 0.1139000952243805 0.9812087416648865 
vt 0.10866691172122955 0.9796290993690491 
vt 0.10866691172122955 0.9812087416648865 
vt 0.10331202298402786 0.9796290993690491 
vt 0.10331202298402786 0.9812087416648865 
vt 0.09807883948087692 0.9796290993690491 
vt 0.09807883948087692 0.9812087416648865 
vt 0.09272395074367523 0.9796290993690491 
vt 0.09272395074367523 0.9812087416648865 
vt 0.08736906200647354 0.9796290993690491 
vt 0.08736906200647354 0.9812087416648865 
vt 0.082135871052742 0.9796290993690491 
vt 0.082135871052742 0.9812087416648865 
vt 0.07678098231554031 0.9796290993690491 
vt 0.07678098231554031 0.9812087416648865 
vt 0.32748711109161377 0.310699999332428 
vt 0.32395774126052856 0.3054749667644501 
vt 0.32651349902153015 0.3054749667644501 
vt 0.32748711109161377 0.3003714084625244 
vt 0.3251747786998749 0.29939931631088257 
vt 0.3287041187286377 0.2941742539405823 
vt 0.3304079473018646 0.2958754301071167 
vt 0.33491092920303345 0.2929591238498688 
vt 0.33393731713294983 0.2906503677368164 
vt 0.34002241492271423 0.29198700189590454 
vt 0.34002241492271423 0.2894352376461029 
vt 0.3251747786998749 0.3116721212863922 
vt 0.3287041187286377 0.3168971836566925 
vt 0.3304079473018646 0.3151960074901581 
vt 0.33491092920303345 0.318112313747406 
vt 0.33393731713294983 0.320421040058136 
vt 0.34002241492271423 0.3216361701488495 
vt 0.34002241492271423 0.31908440589904785 
vt 0.95060133934021 0.9638323783874512 
vt 0.95060133934021 0.9655335545539856 
vt 0.9453681707382202 0.9638323783874512 
vt 0.9453681707382202 0.9655335545539856 
vt 0.955956220626831 0.9655335545539856 
vt 0.955956220626831 0.9638323783874512 
vt 0.9613111019134521 0.9655335545539856 
vt 0.9613111019134521 0.9638323783874512 
vt 0.9665443301200867 0.9655335545539856 
vt 0.9665443301200867 0.9638323783874512 
vt 0.9718992114067078 0.9655335545539856 
vt 0.9718992114067078 0.9638323783874512 
vt 0.9400132894515991 0.9638323783874512 
vt 0.9400132894515991 0.9655335545539856 
vt 0.9347800612449646 0.9638323783874512 
vt 0.9347800612449646 0.9655335545539856 
vt 0.9294251799583435 0.9638323783874512 
vt 0.9294251799583435 0.9655335545539856 
vt 0.24631187319755554 0.8017340302467346 
vt 0.24144379794597626 0.8037997484207153 
vt 0.25008463859558105 0.7979671359062195 
vt 0.2520318627357483 0.7931066155433655 
vt 0.2520318627357483 0.7877600789070129 
vt 0.2253791242837906 0.7931066155433655 
vt 0.23608890175819397 0.7770668864250183 
vt 0.23122082650661469 0.779132604598999 
vt 0.22744806110858917 0.7828995585441589 
vt 0.2253791242837906 0.7877600789070129 
vt 0.22744806110858917 0.7979671359062195 
vt 0.23122082650661469 0.8017340302467346 
vt 0.23608890175819397 0.8037997484207153 
vt 0.24144379794597626 0.7770668864250183 
vt 0.24631187319755554 0.779132604598999 
vt 0.25008463859558105 0.7828995585441589 
vt 0.7791232466697693 0.9481571912765503 
vt 0.7791232466697693 0.9519240856170654 
vt 0.7854517102241516 0.9481571912765503 
vt 0.7854517102241516 0.9519240856170654 
vt 0.7916585206985474 0.9481571912765503 
vt 0.7916585206985474 0.9519240856170654 
vt 0.7979870438575745 0.9481571912765503 
vt 0.7979870438575745 0.9519240856170654 
vt 0.8041938543319702 0.9481571912765503 
vt 0.8041938543319702 0.9519240856170654 
vt 0.8105223178863525 0.9481571912765503 
vt 0.8105223178863525 0.9519240856170654 
vt 0.8168508410453796 0.9481571912765503 
vt 0.8168508410453796 0.9519240856170654 
vt 0.8230576515197754 0.9481571912765503 
vt 0.8230576515197754 0.9519240856170654 
vt 0.8293861746788025 0.9481571912765503 
vt 0.8293861746788025 0.9519240856170654 
vt 0.21832041442394257 0.8809605240821838 
vt 0.21832041442394257 0.884727418422699 
vt 0.22464892268180847 0.8809605240821838 
vt 0.22464892268180847 0.884727418422699 
vt 0.23097741603851318 0.8809605240821838 
vt 0.23097741603851318 0.884727418422699 
vt 0.23718422651290894 0.8809605240821838 
vt 0.23718422651290894 0.884727418422699 
vt 0.24351271986961365 0.8809605240821838 
vt 0.24351271986961365 0.884727418422699 
vt 0.2497195303440094 0.8809605240821838 
vt 0.2497195303440094 0.884727418422699 
vt 0.2560480237007141 0.8809605240821838 
vt 0.2560480237007141 0.884727418422699 
vt 0.26225483417510986 0.8809605240821838 
vt 0.26225483417510986 0.884727418422699 
vt 0.2685833275318146 0.8809605240821838 
vt 0.2685833275318146 0.884727418422699 
vt 0.15917323529720306 0.9516810774803162 
vt 0.16026856005191803 0.9464560151100159 
vt 0.15673920512199402 0.9516810774803162 
vt 0.15795621275901794 0.945483922958374 
vt 0.16318941116333008 0.9420815706253052 
vt 0.1613638699054718 0.9402588605880737 
vt 0.16659706830978394 0.9368565082550049 
vt 0.16757068037986755 0.9390437602996826 
vt 0.1728038638830185 0.938071608543396 
vt 0.1728038638830185 0.9355198740959167 
vt 0.1788889616727829 0.9368565082550049 
vt 0.17803704738616943 0.9390437602996826 
vt 0.1824183166027069 0.9420815706253052 
vt 0.18412214517593384 0.9402588605880737 
vt 0.18765151500701904 0.945483922958374 
vt 0.18533916771411896 0.9464560151100159 
vt 0.18886852264404297 0.9516810774803162 
vt 0.18643449246883392 0.9516810774803162 
vt 0.02298870123922825 0.9968839287757874 
vt 0.02298870123922825 0.99153733253479 
vt 0.02140657603740692 0.9968839287757874 
vt 0.02140657603740692 0.99153733253479 
vt 0.02298870123922825 0.9863122701644897 
vt 0.02140657603740692 0.9863122701644897 
vt 0.02298870123922825 0.9809657335281372 
vt 0.02140657603740692 0.9809657335281372 
vt 0.02298870123922825 0.9756191372871399 
vt 0.02140657603740692 0.9756191372871399 
vt 0.02298870123922825 0.9703940749168396 
vt 0.02140657603740692 0.9703940749168396 
vt 0.02298870123922825 0.9650475382804871 
vt 0.02140657603740692 0.9650475382804871 
vt 0.02298870123922825 0.9597009420394897 
vt 0.02140657603740692 0.9597009420394897 
vt 0.02298870123922825 0.9544758796691895 
vt 0.02140657603740692 0.9544758796691895 
vt 0.8633410334587097 0.8893449306488037 
vt 0.8695477843284607 0.8906815648078918 
vt 0.8633410334587097 0.891896665096283 
vt 0.8685742020606995 0.8928688168525696 
vt 0.8572559356689453 0.8906815648078918 
vt 0.8582295179367065 0.8928688168525696 
vt 0.8520227074623108 0.8940839171409607 
vt 0.8537265658378601 0.8959066271781921 
vt 0.8508056998252869 0.9002810716629028 
vt 0.8484933972358704 0.899308979511261 
vt 0.8498321175575256 0.9055061340332031 
vt 0.8472763299942017 0.9055061340332031 
vt 0.8747810125350952 0.8940839171409607 
vt 0.8729554414749146 0.8959066271781921 
vt 0.8759980201721191 0.9002810716629028 
vt 0.8783103823661804 0.899308979511261 
vt 0.8769716620445251 0.9055061340332031 
vt 0.8795273900032043 0.9055061340332031 
vt 0.9554694294929504 0.9345477819442749 
vt 0.9608243107795715 0.9345477819442749 
vt 0.9554694294929504 0.9361274242401123 
vt 0.9608243107795715 0.9361274242401123 
vt 0.9660574793815613 0.9345477819442749 
vt 0.9660574793815613 0.9361274242401123 
vt 0.9714123606681824 0.9345477819442749 
vt 0.9714123606681824 0.9361274242401123 
vt 0.9767673015594482 0.9345477819442749 
vt 0.9767673015594482 0.9361274242401123 
vt 0.982000470161438 0.9345477819442749 
vt 0.982000470161438 0.9361274242401123 
vt 0.9873553514480591 0.9345477819442749 
vt 0.9873553514480591 0.9361274242401123 
vt 0.9927102327346802 0.9345477819442749 
vt 0.9927102327346802 0.9361274242401123 
vt 0.9979434013366699 0.9345477819442749 
vt 0.9979434013366699 0.9361274242401123 
vt 0.6188417077064514 0.904047966003418 
vt 0.6134868264198303 0.904047966003418 
vt 0.6237097978591919 0.9061136841773987 
vt 0.6086187362670898 0.9061136841773987 
vt 0.6048459410667419 0.9098806381225586 
vt 0.6086187362670898 0.9287151098251343 
vt 0.627482533454895 0.9249482154846191 
vt 0.6237097978591919 0.9287151098251343 
vt 0.6188417077064514 0.930780827999115 
vt 0.6134868264198303 0.930780827999115 
vt 0.627482533454895 0.9098806381225586 
vt 0.6295514702796936 0.9147411584854126 
vt 0.6295514702796936 0.9200876951217651 
vt 0.6027770042419434 0.9147411584854126 
vt 0.6027770042419434 0.9200876951217651 
vt 0.6048459410667419 0.9249482154846191 
vt 0.3182377517223358 0.9565415978431702 
vt 0.3182377517223358 0.9603084921836853 
vt 0.3119092583656311 0.9565415978431702 
vt 0.3119092583656311 0.9603084921836853 
vt 0.30570244789123535 0.9565415978431702 
vt 0.30570244789123535 0.9603084921836853 
vt 0.29937395453453064 0.9565415978431702 
vt 0.29937395453453064 0.9603084921836853 
vt 0.2931671440601349 0.9565415978431702 
vt 0.2931671440601349 0.9603084921836853 
vt 0.2868386507034302 0.9565415978431702 
vt 0.2868386507034302 0.9603084921836853 
vt 0.2806318402290344 0.9565415978431702 
vt 0.2806318402290344 0.9603084921836853 
vt 0.2743033468723297 0.9565415978431702 
vt 0.2743033468723297 0.9603084921836853 
vt 0.2679748237133026 0.9565415978431702 
vt 0.2679748237133026 0.9603084921836853 
vt 0.4025772511959076 0.9481571912765503 
vt 0.4025772511959076 0.9519240856170654 
vt 0.3962487280368805 0.9481571912765503 
vt 0.3962487280368805 0.9519240856170654 
vt 0.39004194736480713 0.9481571912765503 
vt 0.39004194736480713 0.9519240856170654 
vt 0.38371342420578003 0.9481571912765503 
vt 0.38371342420578003 0.9519240856170654 
vt 0.3773849308490753 0.9481571912765503 
vt 0.3773849308490753 0.9519240856170654 
vt 0.37117812037467957 0.9481571912765503 
vt 0.37117812037467957 0.9519240856170654 
vt 0.36484962701797485 0.9481571912765503 
vt 0.36484962701797485 0.9519240856170654 
vt 0.3586428165435791 0.9481571912765503 
vt 0.3586428165435791 0.9519240856170654 
vt 0.3523143231868744 0.9481571912765503 
vt 0.3523143231868744 0.9519240856170654 
vt 0.06631461530923843 0.9355198740959167 
vt 0.0674099326133728 0.940744936466217 
vt 0.06388057768344879 0.9355198740959167 
vt 0.06509759277105331 0.9417170286178589 
vt 0.07033078372478485 0.9451193809509277 
vt 0.06850524991750717 0.9469420909881592 
vt 0.07373843342065811 0.950465977191925 
vt 0.07471205294132233 0.9481571912765503 
vt 0.07994523644447327 0.9516810774803162 
vt 0.07994523644447327 0.9491293430328369 
vt 0.0851784273982048 0.9481571912765503 
vt 0.08603034168481827 0.950465977191925 
vt 0.08955969661474228 0.9451193809509277 
vt 0.09126352518796921 0.9469420909881592 
vt 0.09479288011789322 0.9417170286178589 
vt 0.09248054027557373 0.940744936466217 
vt 0.09600990265607834 0.9355198740959167 
vt 0.0935758650302887 0.9355198740959167 
vt 0.39284107089042664 0.9812087416648865 
vt 0.3876079022884369 0.9812087416648865 
vt 0.39284107089042664 0.9796290993690491 
vt 0.3876079022884369 0.9796290993690491 
vt 0.3822529911994934 0.9812087416648865 
vt 0.3822529911994934 0.9796290993690491 
vt 0.37701982259750366 0.9812087416648865 
vt 0.37701982259750366 0.9796290993690491 
vt 0.37166494131088257 0.9812087416648865 
vt 0.37166494131088257 0.9796290993690491 
vt 0.3663100302219391 0.9812087416648865 
vt 0.3663100302219391 0.9796290993690491 
vt 0.36107686161994934 0.9812087416648865 
vt 0.36107686161994934 0.9796290993690491 
vt 0.35572198033332825 0.9812087416648865 
vt 0.35572198033332825 0.9796290993690491 
vt 0.3504887819290161 0.9812087416648865 
vt 0.3504887819290161 0.9796290993690491 
vt 0.036984432488679886 0.9593364000320435 
vt 0.03954017534852028 0.9593364000320435 
vt 0.03820145130157471 0.9531392455101013 
vt 0.040513791143894196 0.9541113376617432 
vt 0.03820145130157471 0.9654120802879333 
vt 0.040513791143894196 0.9645614624023438 
vt 0.04173080995678902 0.9706371426582336 
vt 0.0435563400387764 0.9689359068870544 
vt 0.04793761298060417 0.9718522429466248 
vt 0.046963997185230255 0.9741609692573547 
vt 0.05317079648375511 0.9753761291503906 
vt 0.05317079648375511 0.9729458689689636 
vt 0.04173080995678902 0.947914183139801 
vt 0.0435563400387764 0.9497368931770325 
vt 0.04793761298060417 0.9466990828514099 
vt 0.046963997185230255 0.9445118308067322 
vt 0.05317079648375511 0.9432966709136963 
vt 0.05317079648375511 0.9457269310951233 
vt 0.25921228528022766 0.9796290993690491 
vt 0.25921228528022766 0.9812087416648865 
vt 0.26456716656684875 0.9796290993690491 
vt 0.26456716656684875 0.9812087416648865 
vt 0.2698003649711609 0.9796290993690491 
vt 0.2698003649711609 0.9812087416648865 
vt 0.275155246257782 0.9796290993690491 
vt 0.275155246257782 0.9812087416648865 
vt 0.2805101275444031 0.9796290993690491 
vt 0.2805101275444031 0.9812087416648865 
vt 0.2857433259487152 0.9796290993690491 
vt 0.2857433259487152 0.9812087416648865 
vt 0.2910982072353363 0.9796290993690491 
vt 0.2910982072353363 0.9812087416648865 
vt 0.29633140563964844 0.9796290993690491 
vt 0.29633140563964844 0.9812087416648865 
vt 0.30168628692626953 0.9796290993690491 
vt 0.30168628692626953 0.9812087416648865 
vt 0.7169334888458252 0.9249482154846191 
vt 0.7190024256706238 0.9200876951217651 
vt 0.7131607532501221 0.9287151098251343 
vt 0.7190024256706238 0.9147411584854126 
vt 0.7169334888458252 0.9098806381225586 
vt 0.69806969165802 0.9061136841773987 
vt 0.6942969560623169 0.9249482154846191 
vt 0.6942969560623169 0.9098806381225586 
vt 0.6923496723175049 0.9147411584854126 
vt 0.6923496723175049 0.9200876951217651 
vt 0.7082926630973816 0.930780827999115 
vt 0.7029377818107605 0.930780827999115 
vt 0.69806969165802 0.9287151098251343 
vt 0.7029377818107605 0.904047966003418 
vt 0.7082926630973816 0.904047966003418 
vt 0.7131607532501221 0.9061136841773987 
vt 0.3383185863494873 0.3426579236984253 
vt 0.33211177587509155 0.3426579236984253 
vt 0.3383185863494873 0.3464248478412628 
vt 0.33211177587509155 0.3464248478412628 
vt 0.32578328251838684 0.3426579236984253 
vt 0.32578328251838684 0.3464248478412628 
vt 0.3195764720439911 0.3426579236984253 
vt 0.3195764720439911 0.3464248478412628 
vt 0.3132479786872864 0.3426579236984253 
vt 0.3132479786872864 0.3464248478412628 
vt 0.3069194555282593 0.3426579236984253 
vt 0.3069194555282593 0.3464248478412628 
vt 0.3007126748561859 0.3426579236984253 
vt 0.3007126748561859 0.3464248478412628 
vt 0.2943841516971588 0.3426579236984253 
vt 0.2943841516971588 0.3464248478412628 
vt 0.28817737102508545 0.3426579236984253 
vt 0.28817737102508545 0.3464248478412628 
vt 0.5626153945922852 0.9481571912765503 
vt 0.5626153945922852 0.9519240856170654 
vt 0.5562868714332581 0.9481571912765503 
vt 0.5562868714332581 0.9519240856170654 
vt 0.5500800609588623 0.9481571912765503 
vt 0.5500800609588623 0.9519240856170654 
vt 0.5437515377998352 0.9481571912765503 
vt 0.5437515377998352 0.9519240856170654 
vt 0.5375447869300842 0.9481571912765503 
vt 0.5375447869300842 0.9519240856170654 
vt 0.5312162637710571 0.9481571912765503 
vt 0.5312162637710571 0.9519240856170654 
vt 0.52488774061203 0.9481571912765503 
vt 0.52488774061203 0.9519240856170654 
vt 0.5186809301376343 0.9481571912765503 
vt 0.5186809301376343 0.9519240856170654 
vt 0.512352466583252 0.9481571912765503 
vt 0.512352466583252 0.9519240856170654 
vt 0.004368295893073082 0.9355198740959167 
vt 0.0054636141285300255 0.940744936466217 
vt 0.001934256055392325 0.9355198740959167 
vt 0.0031512759160250425 0.9417170286178589 
vt 0.00838446244597435 0.9451193809509277 
vt 0.006680633872747421 0.9469420909881592 
vt 0.011792117729783058 0.950465977191925 
vt 0.01276573445647955 0.9481571912765503 
vt 0.017998920753598213 0.9516810774803162 
vt 0.017998920753598213 0.9491293430328369 
vt 0.02420572191476822 0.950465977191925 
vt 0.023232106119394302 0.9481571912765503 
vt 0.029317205771803856 0.9469420909881592 
vt 0.027613377198576927 0.9451193809509277 
vt 0.032846562564373016 0.9417170286178589 
vt 0.030534226447343826 0.940744936466217 
vt 0.034063585102558136 0.9355198740959167 
vt 0.031629543751478195 0.9355198740959167 
vt 0.5297558307647705 0.9812087416648865 
vt 0.5244009494781494 0.9812087416648865 
vt 0.5297558307647705 0.9796290993690491 
vt 0.5244009494781494 0.9796290993690491 
vt 0.5191677808761597 0.9812087416648865 
vt 0.5191677808761597 0.9796290993690491 
vt 0.5138128399848938 0.9812087416648865 
vt 0.5138128399848938 0.9796290993690491 
vt 0.5084579586982727 0.9812087416648865 
vt 0.5084579586982727 0.9796290993690491 
vt 0.503224790096283 0.9812087416648865 
vt 0.503224790096283 0.9796290993690491 
vt 0.49786990880966187 0.9812087416648865 
vt 0.49786990880966187 0.9796290993690491 
vt 0.49251502752304077 0.9812087416648865 
vt 0.49251502752304077 0.9796290993690491 
vt 0.48728182911872864 0.9812087416648865 
vt 0.48728182911872864 0.9796290993690491 
vt 0.12826092541217804 0.9355198740959167 
vt 0.12570518255233765 0.9355198740959167 
vt 0.12923455238342285 0.940744936466217 
vt 0.12692220509052277 0.9417170286178589 
vt 0.13045157492160797 0.9469420909881592 
vt 0.1321553885936737 0.9451193809509277 
vt 0.13665837049484253 0.9481571912765503 
vt 0.1356847584247589 0.950344443321228 
vt 0.14176985621452332 0.9516810774803162 
vt 0.14176985621452332 0.9491293430328369 
vt 0.14700303971767426 0.9481571912765503 
vt 0.14797665178775787 0.950344443321228 
vt 0.1532098352909088 0.9469420909881592 
vt 0.15138430893421173 0.9451193809509277 
vt 0.15673920512199402 0.9417170286178589 
vt 0.15442685782909393 0.940744936466217 
vt 0.15540048480033875 0.9355198740959167 
vt 0.15795621275901794 0.9355198740959167 
vt 0.7152296900749207 0.9796290993690491 
vt 0.7152296900749207 0.9812087416648865 
vt 0.7205845713615417 0.9796290993690491 
vt 0.7205845713615417 0.9812087416648865 
vt 0.7258177399635315 0.9796290993690491 
vt 0.7258177399635315 0.9812087416648865 
vt 0.7311726212501526 0.9796290993690491 
vt 0.7311726212501526 0.9812087416648865 
vt 0.7365275025367737 0.9796290993690491 
vt 0.7365275025367737 0.9812087416648865 
vt 0.7417607307434082 0.9796290993690491 
vt 0.7417607307434082 0.9812087416648865 
vt 0.7471156120300293 0.9796290993690491 
vt 0.7471156120300293 0.9812087416648865 
vt 0.7524704933166504 0.9796290993690491 
vt 0.7524704933166504 0.9812087416648865 
vt 0.7577036619186401 0.9796290993690491 
vt 0.7577036619186401 0.9812087416648865 
vt 0.5697957873344421 0.9200876951217651 
vt 0.5697957873344421 0.9147411584854126 
vt 0.5678485631942749 0.9249482154846191 
vt 0.5678485631942749 0.9098806381225586 
vt 0.564075767993927 0.9061136841773987 
vt 0.5489847660064697 0.9287151098251343 
vt 0.5452119708061218 0.9098806381225586 
vt 0.5452119708061218 0.9249482154846191 
vt 0.5431430339813232 0.9200876951217651 
vt 0.5431430339813232 0.9147411584854126 
vt 0.5538527965545654 0.930780827999115 
vt 0.5592077374458313 0.930780827999115 
vt 0.564075767993927 0.9287151098251343 
vt 0.5489847660064697 0.9061136841773987 
vt 0.5538527965545654 0.904047966003418 
vt 0.5592077374458313 0.904047966003418 
vt 0.6693480014801025 0.9481571912765503 
vt 0.6630195379257202 0.9481571912765503 
vt 0.6693480014801025 0.9519240856170654 
vt 0.6630195379257202 0.9519240856170654 
vt 0.6566910147666931 0.9481571912765503 
vt 0.6566910147666931 0.9519240856170654 
vt 0.6504842042922974 0.9481571912765503 
vt 0.6504842042922974 0.9519240856170654 
vt 0.6441556811332703 0.9481571912765503 
vt 0.6441556811332703 0.9519240856170654 
vt 0.6379489302635193 0.9481571912765503 
vt 0.6379489302635193 0.9519240856170654 
vt 0.6316204071044922 0.9481571912765503 
vt 0.6316204071044922 0.9519240856170654 
vt 0.6254135966300964 0.9481571912765503 
vt 0.6254135966300964 0.9519240856170654 
vt 0.6190850734710693 0.9481571912765503 
vt 0.6190850734710693 0.9519240856170654 
vt 0.9359971284866333 0.9481571912765503 
vt 0.9359971284866333 0.9519240856170654 
vt 0.9297903180122375 0.9481571912765503 
vt 0.9297903180122375 0.9519240856170654 
vt 0.9234617948532104 0.9481571912765503 
vt 0.9234617948532104 0.9519240856170654 
vt 0.9172549843788147 0.9481571912765503 
vt 0.9172549843788147 0.9519240856170654 
vt 0.9109265208244324 0.9481571912765503 
vt 0.9109265208244324 0.9519240856170654 
vt 0.9045979976654053 0.9481571912765503 
vt 0.9045979976654053 0.9519240856170654 
vt 0.8983911871910095 0.9481571912765503 
vt 0.8983911871910095 0.9519240856170654 
vt 0.8920626640319824 0.9481571912765503 
vt 0.8920626640319824 0.9519240856170654 
vt 0.8858558535575867 0.9481571912765503 
vt 0.8858558535575867 0.9519240856170654 
vt 0.0015691500157117844 0.9827884435653687 
vt 0.0015691500157117844 0.9802366495132446 
vt 0.007775952108204365 0.9815732836723328 
vt 0.006802335847169161 0.9792645573616028 
vt 0.012887435965240002 0.9780493974685669 
vt 0.011183608323335648 0.9762266874313354 
vt 0.016416793689131737 0.9728243350982666 
vt 0.014104455709457397 0.9718522429466248 
vt 0.017633814364671707 0.9666271805763245 
vt 0.015199773944914341 0.9666271805763245 
vt 0.016416793689131737 0.9605515599250793 
vt 0.014104455709457397 0.9614021182060242 
vt 0.011183608323335648 0.9570276737213135 
vt 0.012887435965240002 0.955326497554779 
vt 0.006802335847169161 0.9541113376617432 
vt 0.007775952108204365 0.9518026113510132 
vt 0.0015691500157117844 0.9505874514579773 
vt 0.0015691500157117844 0.9530177116394043 
vt 0.031142735853791237 0.9796290993690491 
vt 0.03649762272834778 0.9796290993690491 
vt 0.031142735853791237 0.9812087416648865 
vt 0.03649762272834778 0.9812087416648865 
vt 0.04185251146554947 0.9796290993690491 
vt 0.04185251146554947 0.9812087416648865 
vt 0.04708569869399071 0.9796290993690491 
vt 0.04708569869399071 0.9812087416648865 
vt 0.0524405874311924 0.9796290993690491 
vt 0.0524405874311924 0.9812087416648865 
vt 0.05767377093434334 0.9796290993690491 
vt 0.05767377093434334 0.9812087416648865 
vt 0.06302866339683533 0.9796290993690491 
vt 0.06302866339683533 0.9812087416648865 
vt 0.06838354468345642 0.9796290993690491 
vt 0.06838354468345642 0.9812087416648865 
vt 0.07361673563718796 0.9796290993690491 
vt 0.07361673563718796 0.9812087416648865 
vt 0.08724735677242279 0.9589718580245972 
vt 0.09248054027557373 0.9579997658729553 
vt 0.09248054027557373 0.9555695056915283 
vt 0.09771373122930527 0.9589718580245972 
vt 0.0788499191403389 0.9716092348098755 
vt 0.07994523644447327 0.9663841724395752 
vt 0.07641588151454926 0.9716092348098755 
vt 0.07763289660215378 0.9654120802879333 
vt 0.08116225898265839 0.9601870179176331 
vt 0.08286608755588531 0.9620096683502197 
vt 0.08627374470233917 0.9567846059799194 
vt 0.09868734329938889 0.9567846059799194 
vt 0.10209500044584274 0.9620096683502197 
vt 0.10379882901906967 0.9601870179176331 
vt 0.10501585155725479 0.9663841724395752 
vt 0.10732819139957428 0.9654120802879333 
vt 0.1085452064871788 0.9716092348098755 
vt 0.10611116886138916 0.9716092348098755 
vt 0.462941437959671 0.9812087416648865 
vt 0.46817460656166077 0.9812087416648865 
vt 0.462941437959671 0.9796290993690491 
vt 0.46817460656166077 0.9796290993690491 
vt 0.4575865566730499 0.9796290993690491 
vt 0.4575865566730499 0.9812087416648865 
vt 0.45223164558410645 0.9796290993690491 
vt 0.45223164558410645 0.9812087416648865 
vt 0.4469984769821167 0.9796290993690491 
vt 0.4469984769821167 0.9812087416648865 
vt 0.4416435956954956 0.9796290993690491 
vt 0.4416435956954956 0.9812087416648865 
vt 0.47352951765060425 0.9812087416648865 
vt 0.47352951765060425 0.9796290993690491 
vt 0.478762686252594 0.9812087416648865 
vt 0.478762686252594 0.9796290993690491 
vt 0.4841175675392151 0.9812087416648865 
vt 0.4841175675392151 0.9796290993690491 
vt 0.2289084792137146 0.7618777751922607 
vt 0.23085571825504303 0.7667382955551147 
vt 0.22513572871685028 0.7581108808517456 
vt 0.22014594078063965 0.7560451626777649 
vt 0.2149127572774887 0.7560451626777649 
vt 0.22014594078063965 0.7827780246734619 
vt 0.20420297980308533 0.7720848917961121 
vt 0.2149127572774887 0.7827780246734619 
vt 0.21004468202590942 0.7807123064994812 
vt 0.2062719166278839 0.7769454121589661 
vt 0.23085571825504303 0.7720848917961121 
vt 0.2289084792137146 0.7769454121589661 
vt 0.22513572871685028 0.7807123064994812 
vt 0.20420297980308533 0.7667382955551147 
vt 0.2062719166278839 0.7618777751922607 
vt 0.21004468202590942 0.7581108808517456 
vt 0.40574148297309875 0.9481571912765503 
vt 0.40574148297309875 0.9519240856170654 
vt 0.4119482934474945 0.9481571912765503 
vt 0.4119482934474945 0.9519240856170654 
vt 0.4182767868041992 0.9481571912765503 
vt 0.4182767868041992 0.9519240856170654 
vt 0.42448359727859497 0.9481571912765503 
vt 0.42448359727859497 0.9519240856170654 
vt 0.4308120906352997 0.9481571912765503 
vt 0.4308120906352997 0.9519240856170654 
vt 0.43701890110969543 0.9481571912765503 
vt 0.43701890110969543 0.9519240856170654 
vt 0.44334742426872253 0.9481571912765503 
vt 0.44334742426872253 0.9519240856170654 
vt 0.44967591762542725 0.9481571912765503 
vt 0.44967591762542725 0.9519240856170654 
vt 0.455882728099823 0.9481571912765503 
vt 0.455882728099823 0.9519240856170654 
vt 0.9966046810150146 0.7897042632102966 
vt 0.9928319454193115 0.7897042632102966 
vt 0.9966046810150146 0.7959014177322388 
vt 0.9928319454193115 0.7959014177322388 
vt 0.9966046810150146 0.8022201061248779 
vt 0.9928319454193115 0.8022201061248779 
vt 0.9966046810150146 0.8085387945175171 
vt 0.9928319454193115 0.8085387945175171 
vt 0.9966046810150146 0.8147359490394592 
vt 0.9928319454193115 0.8147359490394592 
vt 0.9966046810150146 0.8210546374320984 
vt 0.9928319454193115 0.8210546374320984 
vt 0.9966046810150146 0.8273732662200928 
vt 0.9928319454193115 0.8273732662200928 
vt 0.9966046810150146 0.8335704803466797 
vt 0.9928319454193115 0.8335704803466797 
vt 0.9966046810150146 0.8398891091346741 
vt 0.9928319454193115 0.8398891091346741 
vt 0.9698302745819092 0.8893449306488037 
vt 0.9688566327095032 0.894569993019104 
vt 0.9723860025405884 0.8893449306488037 
vt 0.9711689949035645 0.8955420851707458 
vt 0.9676396250724792 0.9007671475410461 
vt 0.9659358263015747 0.8989444375038147 
vt 0.9624064564704895 0.904291033744812 
vt 0.9614328145980835 0.9019822478294373 
vt 0.9563213586807251 0.9055061340332031 
vt 0.9563213586807251 0.9029543995857239 
vt 0.9510881304740906 0.9019822478294373 
vt 0.9501145482063293 0.904291033744812 
vt 0.9467068910598755 0.8989444375038147 
vt 0.9448813796043396 0.9007671475410461 
vt 0.9436643123626709 0.894569993019104 
vt 0.9414737224578857 0.8955420851707458 
vt 0.940256655216217 0.8893449306488037 
vt 0.9426907300949097 0.8893449306488037 
vt 0.9871119260787964 0.7897042632102966 
vt 0.9871119260787964 0.7949293255805969 
vt 0.9886940717697144 0.7897042632102966 
vt 0.9886940717697144 0.7949293255805969 
vt 0.9871119260787964 0.8002758622169495 
vt 0.9886940717697144 0.8002758622169495 
vt 0.9871119260787964 0.8056224584579468 
vt 0.9886940717697144 0.8056224584579468 
vt 0.9871119260787964 0.8109690546989441 
vt 0.9886940717697144 0.8109690546989441 
vt 0.9871119260787964 0.8161941170692444 
vt 0.9886940717697144 0.8161941170692444 
vt 0.9871119260787964 0.8215406537055969 
vt 0.9886940717697144 0.8215406537055969 
vt 0.9871119260787964 0.8268872499465942 
vt 0.9886940717697144 0.8268872499465942 
vt 0.9871119260787964 0.8321123123168945 
vt 0.9886940717697144 0.8321123123168945 
vt 0.08724735677242279 0.9589718580245972 
vt 0.09248054027557373 0.9555695056915283 
vt 0.09248054027557373 0.9579997658729553 
vt 0.09771373122930527 0.9589718580245972 
vt 0.0788499191403389 0.9716092348098755 
vt 0.07641588151454926 0.9716092348098755 
vt 0.07994523644447327 0.9663841724395752 
vt 0.07763289660215378 0.9654120802879333 
vt 0.08116225898265839 0.9601870179176331 
vt 0.08286608755588531 0.9620096683502197 
vt 0.08627374470233917 0.9567846059799194 
vt 0.09868734329938889 0.9567846059799194 
vt 0.10209500044584274 0.9620096683502197 
vt 0.10379882901906967 0.9601870179176331 
vt 0.10501585155725479 0.9663841724395752 
vt 0.10732819139957428 0.9654120802879333 
vt 0.1085452064871788 0.9716092348098755 
vt 0.10611116886138916 0.9716092348098755 
vt 0.462941437959671 0.9812087416648865 
vt 0.46817460656166077 0.9812087416648865 
vt 0.462941437959671 0.9796290993690491 
vt 0.46817460656166077 0.9796290993690491 
vt 0.4575865566730499 0.9796290993690491 
vt 0.4575865566730499 0.9812087416648865 
vt 0.45223164558410645 0.9796290993690491 
vt 0.45223164558410645 0.9812087416648865 
vt 0.4469984769821167 0.9796290993690491 
vt 0.4469984769821167 0.9812087416648865 
vt 0.4416435956954956 0.9796290993690491 
vt 0.4416435956954956 0.9812087416648865 
vt 0.47352951765060425 0.9812087416648865 
vt 0.47352951765060425 0.9796290993690491 
vt 0.478762686252594 0.9812087416648865 
vt 0.478762686252594 0.9796290993690491 
vt 0.4841175675392151 0.9812087416648865 
vt 0.4841175675392151 0.9796290993690491 
vt 0.2289084792137146 0.7618777751922607 
vt 0.23085571825504303 0.7667382955551147 
vt 0.22513572871685028 0.7581108808517456 
vt 0.22014594078063965 0.7560451626777649 
vt 0.2149127572774887 0.7560451626777649 
vt 0.22014594078063965 0.7827780246734619 
vt 0.20420297980308533 0.7720848917961121 
vt 0.2149127572774887 0.7827780246734619 
vt 0.21004468202590942 0.7807123064994812 
vt 0.2062719166278839 0.7769454121589661 
vt 0.23085571825504303 0.7720848917961121 
vt 0.2289084792137146 0.7769454121589661 
vt 0.22513572871685028 0.7807123064994812 
vt 0.20420297980308533 0.7667382955551147 
vt 0.2062719166278839 0.7618777751922607 
vt 0.21004468202590942 0.7581108808517456 
vt 0.40574148297309875 0.9481571912765503 
vt 0.40574148297309875 0.9519240856170654 
vt 0.4119482934474945 0.9481571912765503 
vt 0.4119482934474945 0.9519240856170654 
vt 0.4182767868041992 0.9481571912765503 
vt 0.4182767868041992 0.9519240856170654 
vt 0.42448359727859497 0.9481571912765503 
vt 0.42448359727859497 0.9519240856170654 
vt 0.4308120906352997 0.9481571912765503 
vt 0.4308120906352997 0.9519240856170654 
vt 0.43701890110969543 0.9481571912765503 
vt 0.43701890110969543 0.9519240856170654 
vt 0.44334742426872253 0.9481571912765503 
vt 0.44334742426872253 0.9519240856170654 
vt 0.44967591762542725 0.9481571912765503 
vt 0.44967591762542725 0.9519240856170654 
vt 0.455882728099823 0.9481571912765503 
vt 0.455882728099823 0.9519240856170654 
vt 0.9966046810150146 0.7897042632102966 
vt 0.9928319454193115 0.7897042632102966 
vt 0.9966046810150146 0.7959014177322388 
vt 0.9928319454193115 0.7959014177322388 
vt 0.9966046810150146 0.8022201061248779 
vt 0.9928319454193115 0.8022201061248779 
vt 0.9966046810150146 0.8085387945175171 
vt 0.9928319454193115 0.8085387945175171 
vt 0.9966046810150146 0.8147359490394592 
vt 0.9928319454193115 0.8147359490394592 
vt 0.9966046810150146 0.8210546374320984 
vt 0.9928319454193115 0.8210546374320984 
vt 0.9966046810150146 0.8273732662200928 
vt 0.9928319454193115 0.8273732662200928 
vt 0.9966046810150146 0.8335704803466797 
vt 0.9928319454193115 0.8335704803466797 
vt 0.9966046810150146 0.8398891091346741 
vt 0.9928319454193115 0.8398891091346741 
vt 0.9698302745819092 0.8893449306488037 
vt 0.9688566327095032 0.894569993019104 
vt 0.9723860025405884 0.8893449306488037 
vt 0.9711689949035645 0.8955420851707458 
vt 0.9676396250724792 0.9007671475410461 
vt 0.9659358263015747 0.8989444375038147 
vt 0.9624064564704895 0.904291033744812 
vt 0.9614328145980835 0.9019822478294373 
vt 0.9563213586807251 0.9055061340332031 
vt 0.9563213586807251 0.9029543995857239 
vt 0.9510881304740906 0.9019822478294373 
vt 0.9501145482063293 0.904291033744812 
vt 0.9467068910598755 0.8989444375038147 
vt 0.9448813796043396 0.9007671475410461 
vt 0.9436643123626709 0.894569993019104 
vt 0.9414737224578857 0.8955420851707458 
vt 0.940256655216217 0.8893449306488037 
vt 0.9426907300949097 0.8893449306488037 
vt 0.9871119260787964 0.7897042632102966 
vt 0.9871119260787964 0.7949293255805969 
vt 0.9886940717697144 0.7897042632102966 
vt 0.9886940717697144 0.7949293255805969 
vt 0.9871119260787964 0.8002758622169495 
vt 0.9886940717697144 0.8002758622169495 
vt 0.9871119260787964 0.8056224584579468 
vt 0.9886940717697144 0.8056224584579468 
vt 0.9871119260787964 0.8109690546989441 
vt 0.9886940717697144 0.8109690546989441 
vt 0.9871119260787964 0.8161941170692444 
vt 0.9886940717697144 0.8161941170692444 
vt 0.9871119260787964 0.8215406537055969 
vt 0.9886940717697144 0.8215406537055969 
vt 0.9871119260787964 0.8268872499465942 
vt 0.9886940717697144 0.8268872499465942 
vt 0.9871119260787964 0.8321123123168945 
vt 0.9886940717697144 0.8321123123168945 
vt 0.08724735677242279 0.9589718580245972 
vt 0.09248054027557373 0.9555695056915283 
vt 0.09248054027557373 0.9579997658729553 
vt 0.09771373122930527 0.9589718580245972 
vt 0.0788499191403389 0.9716092348098755 
vt 0.07641588151454926 0.9716092348098755 
vt 0.07994523644447327 0.9663841724395752 
vt 0.07763289660215378 0.9654120802879333 
vt 0.08116225898265839 0.9601870179176331 
vt 0.08286608755588531 0.9620096683502197 
vt 0.08627374470233917 0.9567846059799194 
vt 0.09868734329938889 0.9567846059799194 
vt 0.10209500044584274 0.9620096683502197 
vt 0.10379882901906967 0.9601870179176331 
vt 0.10501585155725479 0.9663841724395752 
vt 0.10732819139957428 0.9654120802879333 
vt 0.1085452064871788 0.9716092348098755 
vt 0.10611116886138916 0.9716092348098755 
vt 0.462941437959671 0.9812087416648865 
vt 0.46817460656166077 0.9812087416648865 
vt 0.462941437959671 0.9796290993690491 
vt 0.46817460656166077 0.9796290993690491 
vt 0.4575865566730499 0.9796290993690491 
vt 0.4575865566730499 0.9812087416648865 
vt 0.45223164558410645 0.9796290993690491 
vt 0.45223164558410645 0.9812087416648865 
vt 0.4469984769821167 0.9796290993690491 
vt 0.4469984769821167 0.9812087416648865 
vt 0.4416435956954956 0.9796290993690491 
vt 0.4416435956954956 0.9812087416648865 
vt 0.47352951765060425 0.9812087416648865 
vt 0.47352951765060425 0.9796290993690491 
vt 0.478762686252594 0.9812087416648865 
vt 0.478762686252594 0.9796290993690491 
vt 0.4841175675392151 0.9812087416648865 
vt 0.4841175675392151 0.9796290993690491 
vt 0.2289084792137146 0.7618777751922607 
vt 0.23085571825504303 0.7667382955551147 
vt 0.22513572871685028 0.7581108808517456 
vt 0.22014594078063965 0.7560451626777649 
vt 0.2149127572774887 0.7560451626777649 
vt 0.22014594078063965 0.7827780246734619 
vt 0.20420297980308533 0.7720848917961121 
vt 0.2149127572774887 0.7827780246734619 
vt 0.21004468202590942 0.7807123064994812 
vt 0.2062719166278839 0.7769454121589661 
vt 0.23085571825504303 0.7720848917961121 
vt 0.2289084792137146 0.7769454121589661 
vt 0.22513572871685028 0.7807123064994812 
vt 0.20420297980308533 0.7667382955551147 
vt 0.2062719166278839 0.7618777751922607 
vt 0.21004468202590942 0.7581108808517456 
vt 0.40574148297309875 0.9481571912765503 
vt 0.40574148297309875 0.9519240856170654 
vt 0.4119482934474945 0.9481571912765503 
vt 0.4119482934474945 0.9519240856170654 
vt 0.4182767868041992 0.9481571912765503 
vt 0.4182767868041992 0.9519240856170654 
vt 0.42448359727859497 0.9481571912765503 
vt 0.42448359727859497 0.9519240856170654 
vt 0.4308120906352997 0.9481571912765503 
vt 0.4308120906352997 0.9519240856170654 
vt 0.43701890110969543 0.9481571912765503 
vt 0.43701890110969543 0.9519240856170654 
vt 0.44334742426872253 0.9481571912765503 
vt 0.44334742426872253 0.9519240856170654 
vt 0.44967591762542725 0.9481571912765503 
vt 0.44967591762542725 0.9519240856170654 
vt 0.455882728099823 0.9481571912765503 
vt 0.455882728099823 0.9519240856170654 
vt 0.9966046810150146 0.7897042632102966 
vt 0.9928319454193115 0.7897042632102966 
vt 0.9966046810150146 0.7959014177322388 
vt 0.9928319454193115 0.7959014177322388 
vt 0.9966046810150146 0.8022201061248779 
vt 0.9928319454193115 0.8022201061248779 
vt 0.9966046810150146 0.8085387945175171 
vt 0.9928319454193115 0.8085387945175171 
vt 0.9966046810150146 0.8147359490394592 
vt 0.9928319454193115 0.8147359490394592 
vt 0.9966046810150146 0.8210546374320984 
vt 0.9928319454193115 0.8210546374320984 
vt 0.9966046810150146 0.8273732662200928 
vt 0.9928319454193115 0.8273732662200928 
vt 0.9966046810150146 0.8335704803466797 
vt 0.9928319454193115 0.8335704803466797 
vt 0.9966046810150146 0.8398891091346741 
vt 0.9928319454193115 0.8398891091346741 
vt 0.9698302745819092 0.8893449306488037 
vt 0.9688566327095032 0.894569993019104 
vt 0.9723860025405884 0.8893449306488037 
vt 0.9711689949035645 0.8955420851707458 
vt 0.9676396250724792 0.9007671475410461 
vt 0.9659358263015747 0.8989444375038147 
vt 0.9624064564704895 0.904291033744812 
vt 0.9614328145980835 0.9019822478294373 
vt 0.9563213586807251 0.9055061340332031 
vt 0.9563213586807251 0.9029543995857239 
vt 0.9510881304740906 0.9019822478294373 
vt 0.9501145482063293 0.904291033744812 
vt 0.9467068910598755 0.8989444375038147 
vt 0.9448813796043396 0.9007671475410461 
vt 0.9436643123626709 0.894569993019104 
vt 0.9414737224578857 0.8955420851707458 
vt 0.940256655216217 0.8893449306488037 
vt 0.9426907300949097 0.8893449306488037 
vt 0.9871119260787964 0.7897042632102966 
vt 0.9871119260787964 0.7949293255805969 
vt 0.9886940717697144 0.7897042632102966 
vt 0.9886940717697144 0.7949293255805969 
vt 0.9871119260787964 0.8002758622169495 
vt 0.9886940717697144 0.8002758622169495 
vt 0.9871119260787964 0.8056224584579468 
vt 0.9886940717697144 0.8056224584579468 
vt 0.9871119260787964 0.8109690546989441 
vt 0.9886940717697144 0.8109690546989441 
vt 0.9871119260787964 0.8161941170692444 
vt 0.9886940717697144 0.8161941170692444 
vt 0.9871119260787964 0.8215406537055969 
vt 0.9886940717697144 0.8215406537055969 
vt 0.9871119260787964 0.8268872499465942 
vt 0.9886940717697144 0.8268872499465942 
vt 0.9871119260787964 0.8321123123168945 
vt 0.9886940717697144 0.8321123123168945 
vt 0.08724735677242279 0.9589718580245972 
vt 0.09248054027557373 0.9555695056915283 
vt 0.09248054027557373 0.9579997658729553 
vt 0.09771373122930527 0.9589718580245972 
vt 0.0788499191403389 0.9716092348098755 
vt 0.07641588151454926 0.9716092348098755 
vt 0.07994523644447327 0.9663841724395752 
vt 0.07763289660215378 0.9654120802879333 
vt 0.08116225898265839 0.9601870179176331 
vt 0.08286608755588531 0.9620096683502197 
vt 0.08627374470233917 0.9567846059799194 
vt 0.09868734329938889 0.9567846059799194 
vt 0.10209500044584274 0.9620096683502197 
vt 0.10379882901906967 0.9601870179176331 
vt 0.10501585155725479 0.9663841724395752 
vt 0.10732819139957428 0.9654120802879333 
vt 0.1085452064871788 0.9716092348098755 
vt 0.10611116886138916 0.9716092348098755 
vt 0.462941437959671 0.9812087416648865 
vt 0.46817460656166077 0.9812087416648865 
vt 0.462941437959671 0.9796290993690491 
vt 0.46817460656166077 0.9796290993690491 
vt 0.4575865566730499 0.9796290993690491 
vt 0.4575865566730499 0.9812087416648865 
vt 0.45223164558410645 0.9796290993690491 
vt 0.45223164558410645 0.9812087416648865 
vt 0.4469984769821167 0.9796290993690491 
vt 0.4469984769821167 0.9812087416648865 
vt 0.4416435956954956 0.9796290993690491 
vt 0.4416435956954956 0.9812087416648865 
vt 0.47352951765060425 0.9812087416648865 
vt 0.47352951765060425 0.9796290993690491 
vt 0.478762686252594 0.9812087416648865 
vt 0.478762686252594 0.9796290993690491 
vt 0.4841175675392151 0.9812087416648865 
vt 0.4841175675392151 0.9796290993690491 
vt 0.2289084792137146 0.7618777751922607 
vt 0.23085571825504303 0.7667382955551147 
vt 0.22513572871685028 0.7581108808517456 
vt 0.22014594078063965 0.7560451626777649 
vt 0.2149127572774887 0.7560451626777649 
vt 0.22014594078063965 0.7827780246734619 
vt 0.20420297980308533 0.7720848917961121 
vt 0.2149127572774887 0.7827780246734619 
vt 0.21004468202590942 0.7807123064994812 
vt 0.2062719166278839 0.7769454121589661 
vt 0.23085571825504303 0.7720848917961121 
vt 0.2289084792137146 0.7769454121589661 
vt 0.22513572871685028 0.7807123064994812 
vt 0.20420297980308533 0.7667382955551147 
vt 0.2062719166278839 0.7618777751922607 
vt 0.21004468202590942 0.7581108808517456 
vt 0.40574148297309875 0.9481571912765503 
vt 0.40574148297309875 0.9519240856170654 
vt 0.4119482934474945 0.9481571912765503 
vt 0.4119482934474945 0.9519240856170654 
vt 0.4182767868041992 0.9481571912765503 
vt 0.4182767868041992 0.9519240856170654 
vt 0.42448359727859497 0.9481571912765503 
vt 0.42448359727859497 0.9519240856170654 
vt 0.4308120906352997 0.9481571912765503 
vt 0.4308120906352997 0.9519240856170654 
vt 0.43701890110969543 0.9481571912765503 
vt 0.43701890110969543 0.9519240856170654 
vt 0.44334742426872253 0.9481571912765503 
vt 0.44334742426872253 0.9519240856170654 
vt 0.44967591762542725 0.9481571912765503 
vt 0.44967591762542725 0.9519240856170654 
vt 0.455882728099823 0.9481571912765503 
vt 0.455882728099823 0.9519240856170654 
vt 0.9966046810150146 0.7897042632102966 
vt 0.9928319454193115 0.7897042632102966 
vt 0.9966046810150146 0.7959014177322388 
vt 0.9928319454193115 0.7959014177322388 
vt 0.9966046810150146 0.8022201061248779 
vt 0.9928319454193115 0.8022201061248779 
vt 0.9966046810150146 0.8085387945175171 
vt 0.9928319454193115 0.8085387945175171 
vt 0.9966046810150146 0.8147359490394592 
vt 0.9928319454193115 0.8147359490394592 
vt 0.9966046810150146 0.8210546374320984 
vt 0.9928319454193115 0.8210546374320984 
vt 0.9966046810150146 0.8273732662200928 
vt 0.9928319454193115 0.8273732662200928 
vt 0.9966046810150146 0.8335704803466797 
vt 0.9928319454193115 0.8335704803466797 
vt 0.9966046810150146 0.8398891091346741 
vt 0.9928319454193115 0.8398891091346741 
vt 0.9698302745819092 0.8893449306488037 
vt 0.9688566327095032 0.894569993019104 
vt 0.9723860025405884 0.8893449306488037 
vt 0.9711689949035645 0.8955420851707458 
vt 0.9676396250724792 0.9007671475410461 
vt 0.9659358263015747 0.8989444375038147 
vt 0.9624064564704895 0.904291033744812 
vt 0.9614328145980835 0.9019822478294373 
vt 0.9563213586807251 0.9055061340332031 
vt 0.9563213586807251 0.9029543995857239 
vt 0.9510881304740906 0.9019822478294373 
vt 0.9501145482063293 0.904291033744812 
vt 0.9467068910598755 0.8989444375038147 
vt 0.9448813796043396 0.9007671475410461 
vt 0.9436643123626709 0.894569993019104 
vt 0.9414737224578857 0.8955420851707458 
vt 0.940256655216217 0.8893449306488037 
vt 0.9426907300949097 0.8893449306488037 
vt 0.9871119260787964 0.7897042632102966 
vt 0.9871119260787964 0.7949293255805969 
vt 0.9886940717697144 0.7897042632102966 
vt 0.9886940717697144 0.7949293255805969 
vt 0.9871119260787964 0.8002758622169495 
vt 0.9886940717697144 0.8002758622169495 
vt 0.9871119260787964 0.8056224584579468 
vt 0.9886940717697144 0.8056224584579468 
vt 0.9871119260787964 0.8109690546989441 
vt 0.9886940717697144 0.8109690546989441 
vt 0.9871119260787964 0.8161941170692444 
vt 0.9886940717697144 0.8161941170692444 
vt 0.9871119260787964 0.8215406537055969 
vt 0.9886940717697144 0.8215406537055969 
vt 0.9871119260787964 0.8268872499465942 
vt 0.9886940717697144 0.8268872499465942 
vt 0.9871119260787964 0.8321123123168945 
vt 0.9886940717697144 0.8321123123168945 
vt 0.8560388684272766 0.9052631258964539 
vt 0.8622456789016724 0.904047966003418 
vt 0.8570125102996826 0.9075718522071838 
vt 0.8622456789016724 0.906599760055542 
vt 0.8683307766914368 0.9052631258964539 
vt 0.8673571944236755 0.9075718522071838 
vt 0.8735640048980713 0.9087870121002197 
vt 0.871860146522522 0.9106097221374512 
vt 0.8747810125350952 0.9149841666221619 
vt 0.8770933151245117 0.91401207447052 
vt 0.8757545948028564 0.9202092289924622 
vt 0.8783103823661804 0.9202092289924622 
vt 0.8508056998252869 0.9087870121002197 
vt 0.8526312112808228 0.9106097221374512 
vt 0.8495886921882629 0.9149841666221619 
vt 0.847398042678833 0.91401207447052 
vt 0.8486150503158569 0.9202092289924622 
vt 0.8461810350418091 0.9202092289924622 
vt 0.6452510356903076 0.9796290993690491 
vt 0.6400178670883179 0.9796290993690491 
vt 0.6452510356903076 0.9812087416648865 
vt 0.6400178670883179 0.9812087416648865 
vt 0.6506059169769287 0.9812087416648865 
vt 0.6506059169769287 0.9796290993690491 
vt 0.6559607982635498 0.9812087416648865 
vt 0.6559607982635498 0.9796290993690491 
vt 0.6611939668655396 0.9812087416648865 
vt 0.6611939668655396 0.9796290993690491 
vt 0.6665489077568054 0.9812087416648865 
vt 0.6665489077568054 0.9796290993690491 
vt 0.634662926197052 0.9796290993690491 
vt 0.634662926197052 0.9812087416648865 
vt 0.6294297575950623 0.9796290993690491 
vt 0.6294297575950623 0.9812087416648865 
vt 0.6240748763084412 0.9796290993690491 
vt 0.6240748763084412 0.9812087416648865 
vt 0.683343768119812 0.9287151098251343 
vt 0.6784756779670715 0.930780827999115 
vt 0.6871165037155151 0.9249482154846191 
vt 0.6891854405403137 0.9200876951217651 
vt 0.6891854405403137 0.9147411584854126 
vt 0.6624110341072083 0.9200876951217651 
vt 0.6731207966804504 0.904047966003418 
vt 0.6624110341072083 0.9147411584854126 
vt 0.6644799709320068 0.9098806381225586 
vt 0.66825270652771 0.9061136841773987 
vt 0.6731207966804504 0.930780827999115 
vt 0.66825270652771 0.9287151098251343 
vt 0.6644799709320068 0.9249482154846191 
vt 0.6784756779670715 0.904047966003418 
vt 0.683343768119812 0.9061136841773987 
vt 0.6871165037155151 0.9098806381225586 
vt 0.32140201330184937 0.9565415978431702 
vt 0.32140201330184937 0.9603084921836853 
vt 0.32760879397392273 0.9565415978431702 
vt 0.32760879397392273 0.9603084921836853 
vt 0.33393731713294983 0.9565415978431702 
vt 0.33393731713294983 0.9603084921836853 
vt 0.3401441276073456 0.9565415978431702 
vt 0.3401441276073456 0.9603084921836853 
vt 0.3464726209640503 0.9565415978431702 
vt 0.3464726209640503 0.9603084921836853 
vt 0.352801114320755 0.9565415978431702 
vt 0.352801114320755 0.9603084921836853 
vt 0.35900792479515076 0.9565415978431702 
vt 0.35900792479515076 0.9603084921836853 
vt 0.36533641815185547 0.9565415978431702 
vt 0.36533641815185547 0.9603084921836853 
vt 0.3715432286262512 0.9565415978431702 
vt 0.3715432286262512 0.9603084921836853 
vt 0.24558165669441223 0.9481571912765503 
vt 0.24558165669441223 0.9519240856170654 
vt 0.25191015005111694 0.9481571912765503 
vt 0.25191015005111694 0.9519240856170654 
vt 0.25823867321014404 0.9481571912765503 
vt 0.25823867321014404 0.9519240856170654 
vt 0.2644454836845398 0.9481571912765503 
vt 0.2644454836845398 0.9519240856170654 
vt 0.2707739770412445 0.9481571912765503 
vt 0.2707739770412445 0.9519240856170654 
vt 0.27698078751564026 0.9481571912765503 
vt 0.27698078751564026 0.9519240856170654 
vt 0.28330928087234497 0.9481571912765503 
vt 0.28330928087234497 0.9519240856170654 
vt 0.2895160913467407 0.9481571912765503 
vt 0.2895160913467407 0.9519240856170654 
vt 0.29584458470344543 0.9481571912765503 
vt 0.29584458470344543 0.9519240856170654 
vt 0.8407044410705566 0.904047966003418 
vt 0.8397307991981506 0.9092730283737183 
vt 0.8432601690292358 0.904047966003418 
vt 0.8420431613922119 0.9102451801300049 
vt 0.8385137915611267 0.9154702425003052 
vt 0.8366882801055908 0.9136475324630737 
vt 0.832306981086731 0.9166853427886963 
vt 0.833280622959137 0.918872594833374 
vt 0.8270738124847412 0.9176574349403381 
vt 0.8270738124847412 0.9200876951217651 
vt 0.8219623565673828 0.9166853427886963 
vt 0.8209887146949768 0.918872594833374 
vt 0.8174593448638916 0.9136475324630737 
vt 0.8157555460929871 0.9154702425003052 
vt 0.8145385384559631 0.9092730283737183 
vt 0.8122261762619019 0.9102451801300049 
vt 0.8110091686248779 0.904047966003418 
vt 0.8135648965835571 0.904047966003418 
vt 0.9981868267059326 0.4239501357078552 
vt 0.9981868267059326 0.4186035692691803 
vt 0.9966046810150146 0.4239501357078552 
vt 0.9966046810150146 0.4186035692691803 
vt 0.9981868267059326 0.413256973028183 
vt 0.9966046810150146 0.413256973028183 
vt 0.9981868267059326 0.4080319106578827 
vt 0.9966046810150146 0.4080319106578827 
vt 0.9981868267059326 0.40268534421920776 
vt 0.9966046810150146 0.40268534421920776 
vt 0.9981868267059326 0.39733877778053284 
vt 0.9966046810150146 0.39733877778053284 
vt 0.9981868267059326 0.39211371541023254 
vt 0.9966046810150146 0.39211371541023254 
vt 0.9981868267059326 0.3867671489715576 
vt 0.9966046810150146 0.3867671489715576 
vt 0.9981868267059326 0.3814205825328827 
vt 0.9966046810150146 0.3814205825328827 
vt 0.8560388684272766 0.9052631258964539 
vt 0.8622456789016724 0.904047966003418 
vt 0.8570125102996826 0.9075718522071838 
vt 0.8622456789016724 0.906599760055542 
vt 0.8683307766914368 0.9052631258964539 
vt 0.8673571944236755 0.9075718522071838 
vt 0.8735640048980713 0.9087870121002197 
vt 0.871860146522522 0.9106097221374512 
vt 0.8747810125350952 0.9149841666221619 
vt 0.8770933151245117 0.91401207447052 
vt 0.8757545948028564 0.9202092289924622 
vt 0.8783103823661804 0.9202092289924622 
vt 0.8508056998252869 0.9087870121002197 
vt 0.8526312112808228 0.9106097221374512 
vt 0.8495886921882629 0.9149841666221619 
vt 0.847398042678833 0.91401207447052 
vt 0.8486150503158569 0.9202092289924622 
vt 0.8461810350418091 0.9202092289924622 
vt 0.6452510356903076 0.9796290993690491 
vt 0.6400178670883179 0.9796290993690491 
vt 0.6452510356903076 0.9812087416648865 
vt 0.6400178670883179 0.9812087416648865 
vt 0.6506059169769287 0.9812087416648865 
vt 0.6506059169769287 0.9796290993690491 
vt 0.6559607982635498 0.9812087416648865 
vt 0.6559607982635498 0.9796290993690491 
vt 0.6611939668655396 0.9812087416648865 
vt 0.6611939668655396 0.9796290993690491 
vt 0.6665489077568054 0.9812087416648865 
vt 0.6665489077568054 0.9796290993690491 
vt 0.634662926197052 0.9796290993690491 
vt 0.634662926197052 0.9812087416648865 
vt 0.6294297575950623 0.9796290993690491 
vt 0.6294297575950623 0.9812087416648865 
vt 0.6240748763084412 0.9796290993690491 
vt 0.6240748763084412 0.9812087416648865 
vt 0.683343768119812 0.9287151098251343 
vt 0.6784756779670715 0.930780827999115 
vt 0.6871165037155151 0.9249482154846191 
vt 0.6891854405403137 0.9200876951217651 
vt 0.6891854405403137 0.9147411584854126 
vt 0.6624110341072083 0.9200876951217651 
vt 0.6731207966804504 0.904047966003418 
vt 0.6624110341072083 0.9147411584854126 
vt 0.6644799709320068 0.9098806381225586 
vt 0.66825270652771 0.9061136841773987 
vt 0.6731207966804504 0.930780827999115 
vt 0.66825270652771 0.9287151098251343 
vt 0.6644799709320068 0.9249482154846191 
vt 0.6784756779670715 0.904047966003418 
vt 0.683343768119812 0.9061136841773987 
vt 0.6871165037155151 0.9098806381225586 
vt 0.32140201330184937 0.9565415978431702 
vt 0.32140201330184937 0.9603084921836853 
vt 0.32760879397392273 0.9565415978431702 
vt 0.32760879397392273 0.9603084921836853 
vt 0.33393731713294983 0.9565415978431702 
vt 0.33393731713294983 0.9603084921836853 
vt 0.3401441276073456 0.9565415978431702 
vt 0.3401441276073456 0.9603084921836853 
vt 0.3464726209640503 0.9565415978431702 
vt 0.3464726209640503 0.9603084921836853 
vt 0.352801114320755 0.9565415978431702 
vt 0.352801114320755 0.9603084921836853 
vt 0.35900792479515076 0.9565415978431702 
vt 0.35900792479515076 0.9603084921836853 
vt 0.36533641815185547 0.9565415978431702 
vt 0.36533641815185547 0.9603084921836853 
vt 0.3715432286262512 0.9565415978431702 
vt 0.3715432286262512 0.9603084921836853 
vt 0.24558165669441223 0.9481571912765503 
vt 0.24558165669441223 0.9519240856170654 
vt 0.25191015005111694 0.9481571912765503 
vt 0.25191015005111694 0.9519240856170654 
vt 0.25823867321014404 0.9481571912765503 
vt 0.25823867321014404 0.9519240856170654 
vt 0.2644454836845398 0.9481571912765503 
vt 0.2644454836845398 0.9519240856170654 
vt 0.2707739770412445 0.9481571912765503 
vt 0.2707739770412445 0.9519240856170654 
vt 0.27698078751564026 0.9481571912765503 
vt 0.27698078751564026 0.9519240856170654 
vt 0.28330928087234497 0.9481571912765503 
vt 0.28330928087234497 0.9519240856170654 
vt 0.2895160913467407 0.9481571912765503 
vt 0.2895160913467407 0.9519240856170654 
vt 0.29584458470344543 0.9481571912765503 
vt 0.29584458470344543 0.9519240856170654 
vt 0.8407044410705566 0.904047966003418 
vt 0.8397307991981506 0.9092730283737183 
vt 0.8432601690292358 0.904047966003418 
vt 0.8420431613922119 0.9102451801300049 
vt 0.8385137915611267 0.9154702425003052 
vt 0.8366882801055908 0.9136475324630737 
vt 0.832306981086731 0.9166853427886963 
vt 0.833280622959137 0.918872594833374 
vt 0.8270738124847412 0.9176574349403381 
vt 0.8270738124847412 0.9200876951217651 
vt 0.8219623565673828 0.9166853427886963 
vt 0.8209887146949768 0.918872594833374 
vt 0.8174593448638916 0.9136475324630737 
vt 0.8157555460929871 0.9154702425003052 
vt 0.8145385384559631 0.9092730283737183 
vt 0.8122261762619019 0.9102451801300049 
vt 0.8110091686248779 0.904047966003418 
vt 0.8135648965835571 0.904047966003418 
vt 0.9981868267059326 0.4239501357078552 
vt 0.9981868267059326 0.4186035692691803 
vt 0.9966046810150146 0.4239501357078552 
vt 0.9966046810150146 0.4186035692691803 
vt 0.9981868267059326 0.413256973028183 
vt 0.9966046810150146 0.413256973028183 
vt 0.9981868267059326 0.4080319106578827 
vt 0.9966046810150146 0.4080319106578827 
vt 0.9981868267059326 0.40268534421920776 
vt 0.9966046810150146 0.40268534421920776 
vt 0.9981868267059326 0.39733877778053284 
vt 0.9966046810150146 0.39733877778053284 
vt 0.9981868267059326 0.39211371541023254 
vt 0.9966046810150146 0.39211371541023254 
vt 0.9981868267059326 0.3867671489715576 
vt 0.9966046810150146 0.3867671489715576 
vt 0.9981868267059326 0.3814205825328827 
vt 0.9966046810150146 0.3814205825328827 
vt 0.8560388684272766 0.9052631258964539 
vt 0.8622456789016724 0.904047966003418 
vt 0.8570125102996826 0.9075718522071838 
vt 0.8622456789016724 0.906599760055542 
vt 0.8683307766914368 0.9052631258964539 
vt 0.8673571944236755 0.9075718522071838 
vt 0.8735640048980713 0.9087870121002197 
vt 0.871860146522522 0.9106097221374512 
vt 0.8747810125350952 0.9149841666221619 
vt 0.8770933151245117 0.91401207447052 
vt 0.8757545948028564 0.9202092289924622 
vt 0.8783103823661804 0.9202092289924622 
vt 0.8508056998252869 0.9087870121002197 
vt 0.8526312112808228 0.9106097221374512 
vt 0.8495886921882629 0.9149841666221619 
vt 0.847398042678833 0.91401207447052 
vt 0.8486150503158569 0.9202092289924622 
vt 0.8461810350418091 0.9202092289924622 
vt 0.6452510356903076 0.9796290993690491 
vt 0.6400178670883179 0.9796290993690491 
vt 0.6452510356903076 0.9812087416648865 
vt 0.6400178670883179 0.9812087416648865 
vt 0.6506059169769287 0.9812087416648865 
vt 0.6506059169769287 0.9796290993690491 
vt 0.6559607982635498 0.9812087416648865 
vt 0.6559607982635498 0.9796290993690491 
vt 0.6611939668655396 0.9812087416648865 
vt 0.6611939668655396 0.9796290993690491 
vt 0.6665489077568054 0.9812087416648865 
vt 0.6665489077568054 0.9796290993690491 
vt 0.634662926197052 0.9796290993690491 
vt 0.634662926197052 0.9812087416648865 
vt 0.6294297575950623 0.9796290993690491 
vt 0.6294297575950623 0.9812087416648865 
vt 0.6240748763084412 0.9796290993690491 
vt 0.6240748763084412 0.9812087416648865 
vt 0.683343768119812 0.9287151098251343 
vt 0.6784756779670715 0.930780827999115 
vt 0.6871165037155151 0.9249482154846191 
vt 0.6891854405403137 0.9200876951217651 
vt 0.6891854405403137 0.9147411584854126 
vt 0.6624110341072083 0.9200876951217651 
vt 0.6731207966804504 0.904047966003418 
vt 0.6624110341072083 0.9147411584854126 
vt 0.6644799709320068 0.9098806381225586 
vt 0.66825270652771 0.9061136841773987 
vt 0.6731207966804504 0.930780827999115 
vt 0.66825270652771 0.9287151098251343 
vt 0.6644799709320068 0.9249482154846191 
vt 0.6784756779670715 0.904047966003418 
vt 0.683343768119812 0.9061136841773987 
vt 0.6871165037155151 0.9098806381225586 
vt 0.32140201330184937 0.9565415978431702 
vt 0.32140201330184937 0.9603084921836853 
vt 0.32760879397392273 0.9565415978431702 
vt 0.32760879397392273 0.9603084921836853 
vt 0.33393731713294983 0.9565415978431702 
vt 0.33393731713294983 0.9603084921836853 
vt 0.3401441276073456 0.9565415978431702 
vt 0.3401441276073456 0.9603084921836853 
vt 0.3464726209640503 0.9565415978431702 
vt 0.3464726209640503 0.9603084921836853 
vt 0.352801114320755 0.9565415978431702 
vt 0.352801114320755 0.9603084921836853 
vt 0.35900792479515076 0.9565415978431702 
vt 0.35900792479515076 0.9603084921836853 
vt 0.36533641815185547 0.9565415978431702 
vt 0.36533641815185547 0.9603084921836853 
vt 0.3715432286262512 0.9565415978431702 
vt 0.3715432286262512 0.9603084921836853 
vt 0.24558165669441223 0.9481571912765503 
vt 0.24558165669441223 0.9519240856170654 
vt 0.25191015005111694 0.9481571912765503 
vt 0.25191015005111694 0.9519240856170654 
vt 0.25823867321014404 0.9481571912765503 
vt 0.25823867321014404 0.9519240856170654 
vt 0.2644454836845398 0.9481571912765503 
vt 0.2644454836845398 0.9519240856170654 
vt 0.2707739770412445 0.9481571912765503 
vt 0.2707739770412445 0.9519240856170654 
vt 0.27698078751564026 0.9481571912765503 
vt 0.27698078751564026 0.9519240856170654 
vt 0.28330928087234497 0.9481571912765503 
vt 0.28330928087234497 0.9519240856170654 
vt 0.2895160913467407 0.9481571912765503 
vt 0.2895160913467407 0.9519240856170654 
vt 0.29584458470344543 0.9481571912765503 
vt 0.29584458470344543 0.9519240856170654 
vt 0.8407044410705566 0.904047966003418 
vt 0.8397307991981506 0.9092730283737183 
vt 0.8432601690292358 0.904047966003418 
vt 0.8420431613922119 0.9102451801300049 
vt 0.8385137915611267 0.9154702425003052 
vt 0.8366882801055908 0.9136475324630737 
vt 0.832306981086731 0.9166853427886963 
vt 0.833280622959137 0.918872594833374 
vt 0.8270738124847412 0.9176574349403381 
vt 0.8270738124847412 0.9200876951217651 
vt 0.8219623565673828 0.9166853427886963 
vt 0.8209887146949768 0.918872594833374 
vt 0.8174593448638916 0.9136475324630737 
vt 0.8157555460929871 0.9154702425003052 
vt 0.8145385384559631 0.9092730283737183 
vt 0.8122261762619019 0.9102451801300049 
vt 0.8110091686248779 0.904047966003418 
vt 0.8135648965835571 0.904047966003418 
vt 0.9981868267059326 0.4239501357078552 
vt 0.9981868267059326 0.4186035692691803 
vt 0.9966046810150146 0.4239501357078552 
vt 0.9966046810150146 0.4186035692691803 
vt 0.9981868267059326 0.413256973028183 
vt 0.9966046810150146 0.413256973028183 
vt 0.9981868267059326 0.4080319106578827 
vt 0.9966046810150146 0.4080319106578827 
vt 0.9981868267059326 0.40268534421920776 
vt 0.9966046810150146 0.40268534421920776 
vt 0.9981868267059326 0.39733877778053284 
vt 0.9966046810150146 0.39733877778053284 
vt 0.9981868267059326 0.39211371541023254 
vt 0.9966046810150146 0.39211371541023254 
vt 0.9981868267059326 0.3867671489715576 
vt 0.9966046810150146 0.3867671489715576 
vt 0.9981868267059326 0.3814205825328827 
vt 0.9966046810150146 0.3814205825328827 
vt 0.8560388684272766 0.9052631258964539 
vt 0.8622456789016724 0.904047966003418 
vt 0.8570125102996826 0.9075718522071838 
vt 0.8622456789016724 0.906599760055542 
vt 0.8683307766914368 0.9052631258964539 
vt 0.8673571944236755 0.9075718522071838 
vt 0.8735640048980713 0.9087870121002197 
vt 0.871860146522522 0.9106097221374512 
vt 0.8747810125350952 0.9149841666221619 
vt 0.8770933151245117 0.91401207447052 
vt 0.8757545948028564 0.9202092289924622 
vt 0.8783103823661804 0.9202092289924622 
vt 0.8508056998252869 0.9087870121002197 
vt 0.8526312112808228 0.9106097221374512 
vt 0.8495886921882629 0.9149841666221619 
vt 0.847398042678833 0.91401207447052 
vt 0.8486150503158569 0.9202092289924622 
vt 0.8461810350418091 0.9202092289924622 
vt 0.6452510356903076 0.9796290993690491 
vt 0.6400178670883179 0.9796290993690491 
vt 0.6452510356903076 0.9812087416648865 
vt 0.6400178670883179 0.9812087416648865 
vt 0.6506059169769287 0.9812087416648865 
vt 0.6506059169769287 0.9796290993690491 
vt 0.6559607982635498 0.9812087416648865 
vt 0.6559607982635498 0.9796290993690491 
vt 0.6611939668655396 0.9812087416648865 
vt 0.6611939668655396 0.9796290993690491 
vt 0.6665489077568054 0.9812087416648865 
vt 0.6665489077568054 0.9796290993690491 
vt 0.634662926197052 0.9796290993690491 
vt 0.634662926197052 0.9812087416648865 
vt 0.6294297575950623 0.9796290993690491 
vt 0.6294297575950623 0.9812087416648865 
vt 0.6240748763084412 0.9796290993690491 
vt 0.6240748763084412 0.9812087416648865 
vt 0.683343768119812 0.9287151098251343 
vt 0.6784756779670715 0.930780827999115 
vt 0.6871165037155151 0.9249482154846191 
vt 0.6891854405403137 0.9200876951217651 
vt 0.6891854405403137 0.9147411584854126 
vt 0.6624110341072083 0.9200876951217651 
vt 0.6731207966804504 0.904047966003418 
vt 0.6624110341072083 0.9147411584854126 
vt 0.6644799709320068 0.9098806381225586 
vt 0.66825270652771 0.9061136841773987 
vt 0.6731207966804504 0.930780827999115 
vt 0.66825270652771 0.9287151098251343 
vt 0.6644799709320068 0.9249482154846191 
vt 0.6784756779670715 0.904047966003418 
vt 0.683343768119812 0.9061136841773987 
vt 0.6871165037155151 0.9098806381225586 
vt 0.32140201330184937 0.9565415978431702 
vt 0.32140201330184937 0.9603084921836853 
vt 0.32760879397392273 0.9565415978431702 
vt 0.32760879397392273 0.9603084921836853 
vt 0.33393731713294983 0.9565415978431702 
vt 0.33393731713294983 0.9603084921836853 
vt 0.3401441276073456 0.9565415978431702 
vt 0.3401441276073456 0.9603084921836853 
vt 0.3464726209640503 0.9565415978431702 
vt 0.3464726209640503 0.9603084921836853 
vt 0.352801114320755 0.9565415978431702 
vt 0.352801114320755 0.9603084921836853 
vt 0.35900792479515076 0.9565415978431702 
vt 0.35900792479515076 0.9603084921836853 
vt 0.36533641815185547 0.9565415978431702 
vt 0.36533641815185547 0.9603084921836853 
vt 0.3715432286262512 0.9565415978431702 
vt 0.3715432286262512 0.9603084921836853 
vt 0.24558165669441223 0.9481571912765503 
vt 0.24558165669441223 0.9519240856170654 
vt 0.25191015005111694 0.9481571912765503 
vt 0.25191015005111694 0.9519240856170654 
vt 0.25823867321014404 0.9481571912765503 
vt 0.25823867321014404 0.9519240856170654 
vt 0.2644454836845398 0.9481571912765503 
vt 0.2644454836845398 0.9519240856170654 
vt 0.2707739770412445 0.9481571912765503 
vt 0.2707739770412445 0.9519240856170654 
vt 0.27698078751564026 0.9481571912765503 
vt 0.27698078751564026 0.9519240856170654 
vt 0.28330928087234497 0.9481571912765503 
vt 0.28330928087234497 0.9519240856170654 
vt 0.2895160913467407 0.9481571912765503 
vt 0.2895160913467407 0.9519240856170654 
vt 0.29584458470344543 0.9481571912765503 
vt 0.29584458470344543 0.9519240856170654 
vt 0.8407044410705566 0.904047966003418 
vt 0.8397307991981506 0.9092730283737183 
vt 0.8432601690292358 0.904047966003418 
vt 0.8420431613922119 0.9102451801300049 
vt 0.8385137915611267 0.9154702425003052 
vt 0.8366882801055908 0.9136475324630737 
vt 0.832306981086731 0.9166853427886963 
vt 0.833280622959137 0.918872594833374 
vt 0.8270738124847412 0.9176574349403381 
vt 0.8270738124847412 0.9200876951217651 
vt 0.8219623565673828 0.9166853427886963 
vt 0.8209887146949768 0.918872594833374 
vt 0.8174593448638916 0.9136475324630737 
vt 0.8157555460929871 0.9154702425003052 
vt 0.8145385384559631 0.9092730283737183 
vt 0.8122261762619019 0.9102451801300049 
vt 0.8110091686248779 0.904047966003418 
vt 0.8135648965835571 0.904047966003418 
vt 0.9981868267059326 0.4239501357078552 
vt 0.9981868267059326 0.4186035692691803 
vt 0.9966046810150146 0.4239501357078552 
vt 0.9966046810150146 0.4186035692691803 
vt 0.9981868267059326 0.413256973028183 
vt 0.9966046810150146 0.413256973028183 
vt 0.9981868267059326 0.4080319106578827 
vt 0.9966046810150146 0.4080319106578827 
vt 0.9981868267059326 0.40268534421920776 
vt 0.9966046810150146 0.40268534421920776 
vt 0.9981868267059326 0.39733877778053284 
vt 0.9966046810150146 0.39733877778053284 
vt 0.9981868267059326 0.39211371541023254 
vt 0.9966046810150146 0.39211371541023254 
vt 0.9981868267059326 0.3867671489715576 
vt 0.9966046810150146 0.3867671489715576 
vt 0.9981868267059326 0.3814205825328827 
vt 0.9966046810150146 0.3814205825328827 
s on 
f 1/1/1 2/2/2 3/3/3 
f 2/2/2 4/4/4 3/3/3 
f 3/3/3 4/4/4 4/4/4 
f 4/4/4 5/5/5 4/4/4 
f 4/4/4 5/5/5 5/5/5 
f 5/5/5 6/6/6 5/5/5 
f 5/5/5 6/6/6 7/7/7 
f 6/6/6 6/6/6 7/7/7 
f 7/7/7 6/6/6 8/8/8 
f 6/6/6 9/9/9 8/8/8 
f 8/8/8 9/9/9 10/10/10 
f 9/9/9 11/11/11 10/10/10 
f 10/10/10 11/11/11 12/12/12 
f 11/11/11 5/5/5 12/12/12 
f 12/12/12 5/5/5 7/7/7 
f 5/5/5 7/7/7 7/7/7 
f 7/7/7 7/7/7 13/13/13 
f 7/7/7 13/13/13 13/13/13 
f 13/13/13 13/13/13 14/14/14 
f 13/13/13 15/15/15 14/14/14 
f 14/14/14 15/15/15 16/16/16 
f 15/15/15 16/16/16 16/16/16 
f 16/16/16 16/16/16 17/17/17 
f 16/16/16 17/17/17 17/17/17 
f 17/17/17 17/17/17 18/18/18 
f 17/17/17 19/19/19 18/18/18 
f 18/18/18 19/19/19 20/20/20 
f 19/19/19 20/20/20 20/20/20 
f 20/20/20 20/20/20 21/21/21 
f 20/20/20 21/21/21 21/21/21 
f 21/21/21 21/21/21 22/22/22 
f 21/21/21 23/23/23 22/22/22 
f 22/22/22 23/23/23 24/24/24 
f 23/23/23 24/24/24 24/24/24 
f 24/24/24 24/24/24 25/25/25 
f 24/24/24 25/25/25 25/25/25 
f 25/25/25 25/25/25 26/26/26 
f 25/25/25 27/27/27 26/26/26 
f 26/26/26 27/27/27 28/28/28 
f 27/27/27 28/28/28 28/28/28 
f 28/28/28 28/28/28 29/29/29 
f 28/28/28 29/29/29 29/29/29 
f 29/29/29 29/29/29 30/30/30 
f 29/29/29 31/31/31 30/30/30 
f 30/30/30 31/31/31 32/32/32 
f 31/31/31 32/32/32 32/32/32 
f 32/32/32 32/32/32 33/33/33 
f 32/32/32 33/33/33 33/33/33 
f 33/33/33 33/33/33 34/34/34 
f 33/33/33 35/35/35 34/34/34 
f 34/34/34 35/35/35 36/36/36 
f 35/35/35 36/36/36 36/36/36 
f 36/36/36 36/36/36 37/37/37 
f 36/36/36 37/37/37 37/37/37 
f 37/37/37 37/37/37 38/38/38 
f 37/37/37 39/39/39 38/38/38 
f 38/38/38 39/39/39 40/40/40 
f 39/39/39 40/40/40 40/40/40 
f 40/40/40 40/40/40 41/41/41 
f 40/40/40 41/41/41 41/41/41 
f 41/41/41 41/41/41 42/42/42 
f 41/41/41 43/43/43 42/42/42 
f 42/42/42 43/43/43 44/44/44 
f 43/43/43 44/44/44 44/44/44 
f 44/44/44 44/44/44 45/45/45 
f 44/44/44 45/45/45 45/45/45 
f 45/45/45 45/45/45 46/46/46 
f 45/45/45 47/47/47 46/46/46 
f 46/46/46 47/47/47 48/48/48 
f 47/47/47 48/48/48 48/48/48 
f 48/48/48 48/48/48 49/49/49 
f 48/48/48 49/49/49 49/49/49 
f 49/49/49 49/49/49 50/50/50 
f 49/49/49 51/51/51 50/50/50 
f 50/50/50 51/51/51 52/52/52 
f 51/51/51 52/52/52 52/52/52 
f 52/52/52 52/52/52 53/53/53 
f 52/52/52 53/53/53 53/53/53 
f 53/53/53 53/53/53 54/54/54 
f 53/53/53 55/55/55 54/54/54 
f 54/54/54 55/55/55 56/56/56 
f 55/55/55 56/56/56 56/56/56 
f 56/56/56 56/56/56 57/57/57 
f 56/56/56 57/57/57 57/57/57 
f 57/57/57 57/57/57 58/58/58 
f 57/57/57 59/59/59 58/58/58 
f 58/58/58 59/59/59 60/60/60 
f 59/59/59 60/60/60 60/60/60 
f 60/60/60 60/60/60 61/61/61 
f 60/60/60 61/61/61 61/61/61 
f 61/61/61 61/61/61 62/62/62 
f 61/61/61 63/63/63 62/62/62 
f 62/62/62 63/63/63 64/64/64 
f 63/63/63 64/64/64 64/64/64 
f 64/64/64 64/64/64 65/65/65 
f 64/64/64 65/65/65 65/65/65 
f 65/65/65 65/65/65 66/66/66 
f 65/65/65 67/67/67 66/66/66 
f 66/66/66 67/67/67 68/68/68 
f 67/67/67 68/68/68 68/68/68 
f 68/68/68 68/68/68 69/69/69 
f 68/68/68 69/69/69 69/69/69 
f 69/69/69 69/69/69 70/70/70 
f 69/69/69 71/71/71 70/70/70 
f 70/70/70 71/71/71 72/72/72 
f 71/71/71 72/72/72 72/72/72 
f 72/72/72 72/72/72 73/73/73 
f 72/72/72 73/73/73 73/73/73 
f 73/73/73 73/73/73 74/74/74 
f 73/73/73 75/75/75 74/74/74 
f 74/74/74 75/75/75 76/76/76 
f 75/75/75 76/76/76 76/76/76 
f 76/76/76 76/76/76 77/77/77 
f 76/76/76 77/77/77 77/77/77 
f 77/77/77 77/77/77 78/78/78 
f 77/77/77 79/79/79 78/78/78 
f 78/78/78 79/79/79 80/80/80 
f 79/79/79 80/80/80 80/80/80 
f 80/80/80 80/80/80 81/81/81 
f 80/80/80 81/81/81 81/81/81 
f 81/81/81 81/81/81 82/82/82 
f 81/81/81 83/83/83 82/82/82 
f 82/82/82 83/83/83 84/84/84 
f 83/83/83 84/84/84 84/84/84 
f 84/84/84 84/84/84 85/85/85 
f 84/84/84 85/85/85 85/85/85 
f 85/85/85 85/85/85 86/86/86 
f 85/85/85 87/87/87 86/86/86 
f 86/86/86 87/87/87 88/88/88 
f 87/87/87 88/88/88 88/88/88 
f 88/88/88 88/88/88 89/89/89 
f 88/88/88 89/89/89 89/89/89 
f 89/89/89 89/89/89 90/90/90 
f 89/89/89 91/91/91 90/90/90 
f 90/90/90 91/91/91 92/92/92 
f 91/91/91 92/92/92 92/92/92 
f 92/92/92 92/92/92 93/93/93 
f 92/92/92 93/93/93 93/93/93 
f 93/93/93 93/93/93 94/94/94 
f 93/93/93 95/95/95 94/94/94 
f 94/94/94 95/95/95 96/96/96 
f 95/95/95 96/96/96 96/96/96 
f 96/96/96 96/96/96 97/97/97 
f 96/96/96 97/97/97 97/97/97 
f 97/97/97 97/97/97 98/98/98 
f 97/97/97 99/99/99 98/98/98 
f 98/98/98 99/99/99 100/100/100 
f 99/99/99 100/100/100 100/100/100 
f 100/100/100 100/100/100 101/101/101 
f 100/100/100 101/101/101 101/101/101 
f 101/101/101 101/101/101 102/102/102 
f 101/101/101 103/103/103 102/102/102 
f 102/102/102 103/103/103 104/104/104 
f 103/103/103 104/104/104 104/104/104 
f 104/104/104 104/104/104 105/105/105 
f 104/104/104 105/105/105 105/105/105 
f 105/105/105 105/105/105 106/106/106 
f 105/105/105 107/107/107 106/106/106 
f 106/106/106 107/107/107 108/108/108 
f 107/107/107 108/108/108 108/108/108 
f 108/108/108 108/108/108 109/109/109 
f 108/108/108 109/109/109 109/109/109 
f 109/109/109 109/109/109 110/110/110 
f 109/109/109 111/111/111 110/110/110 
f 110/110/110 111/111/111 110/110/110 
f 111/111/111 112/112/112 110/110/110 
f 110/110/110 112/112/112 113/113/113 
f 112/112/112 114/114/114 113/113/113 
f 113/113/113 114/114/114 115/115/115 
f 114/114/114 116/116/116 115/115/115 
f 115/115/115 116/116/116 117/117/117 
f 116/116/116 118/118/118 117/117/117 
f 117/117/117 118/118/118 119/119/119 
f 118/118/118 120/120/120 119/119/119 
f 119/119/119 120/120/120 120/120/120 
f 120/120/120 121/121/121 120/120/120 
f 120/120/120 121/121/121 121/121/121 
f 121/121/121 122/122/122 121/121/121 
f 121/121/121 122/122/122 123/123/123 
f 122/122/122 124/124/124 123/123/123 
f 123/123/123 124/124/124 125/125/125 
f 124/124/124 126/126/126 125/125/125 
f 125/125/125 126/126/126 127/127/127 
f 126/126/126 128/128/128 127/127/127 
f 127/127/127 128/128/128 129/129/129 
f 128/128/128 130/130/130 129/129/129 
f 129/129/129 130/130/130 131/131/131 
f 130/130/130 132/132/132 131/131/131 
f 131/131/131 132/132/132 132/132/132 
f 132/132/132 133/133/133 132/132/132 
f 132/132/132 133/133/133 133/133/133 
f 133/133/133 134/134/134 133/133/133 
f 133/133/133 134/134/134 135/135/135 
f 134/134/134 136/136/136 135/135/135 
f 135/135/135 136/136/136 137/137/137 
f 136/136/136 136/136/136 137/137/137 
f 137/137/137 136/136/136 138/138/138 
f 136/136/136 136/136/136 138/138/138 
f 138/138/138 136/136/136 139/139/139 
f 136/136/136 134/134/134 139/139/139 
f 139/139/139 134/134/134 140/140/140 
f 134/134/134 134/134/134 140/140/140 
f 140/140/140 134/134/134 141/141/141 
f 134/134/134 133/133/133 141/141/141 
f 141/141/141 133/133/133 142/142/142 
f 133/133/133 133/133/133 142/142/142 
f 142/142/142 133/133/133 143/143/143 
f 133/133/133 135/135/135 143/143/143 
f 143/143/143 135/135/135 144/144/144 
f 135/135/135 137/137/137 144/144/144 
f 144/144/144 137/137/137 145/145/145 
f 137/137/137 146/146/146 145/145/145 
f 145/145/145 146/146/146 147/147/147 
f 146/146/146 148/148/148 147/147/147 
f 147/147/147 148/148/148 147/147/147 
f 148/148/148 149/149/149 147/147/147 
f 147/147/147 149/149/149 145/145/145 
f 149/149/149 145/145/145 145/145/145 
f 145/145/145 145/145/145 137/137/137 
f 145/145/145 137/137/137 137/137/137 
f 137/137/137 137/137/137 146/146/146 
f 137/137/137 138/138/138 146/146/146 
f 146/146/146 138/138/138 150/150/150 
f 138/138/138 138/138/138 150/150/150 
f 150/150/150 138/138/138 151/151/151 
f 138/138/138 139/139/139 151/151/151 
f 151/151/151 139/139/139 152/152/152 
f 139/139/139 140/140/140 152/152/152 
f 152/152/152 140/140/140 140/140/140 
f 140/140/140 148/148/148 140/140/140 
f 140/140/140 148/148/148 148/148/148 
f 148/148/148 146/146/146 148/148/148 
f 148/148/148 146/146/146 153/153/153 
f 146/146/146 150/150/150 153/153/153 
f 153/153/153 150/150/150 150/150/150 
f 150/150/150 152/152/152 150/150/150 
f 150/150/150 152/152/152 152/152/152 
f 152/152/152 154/154/154 152/152/152 
f 152/152/152 154/154/154 151/151/151 
f 154/154/154 155/155/155 151/151/151 
f 151/151/151 155/155/155 156/156/156 
f 155/155/155 157/157/157 156/156/156 
f 156/156/156 157/157/157 150/150/150 
f 157/157/157 158/158/158 150/150/150 
f 150/150/150 158/158/158 153/153/153 
f 158/158/158 158/158/158 153/153/153 
f 153/153/153 158/158/158 159/159/159 
f 158/158/158 158/158/158 159/159/159 
f 159/159/159 158/158/158 160/160/160 
f 158/158/158 158/158/158 160/160/160 
f 160/160/160 158/158/158 161/161/161 
f 158/158/158 157/157/157 161/161/161 
f 161/161/161 157/157/157 162/162/162 
f 157/157/157 163/163/163 162/162/162 
f 162/162/162 163/163/163 164/164/164 
f 163/163/163 155/155/155 164/164/164 
f 164/164/164 155/155/155 164/164/164 
f 155/155/155 154/154/154 164/164/164 
f 164/164/164 154/154/154 164/164/164 
f 154/154/154 152/152/152 164/164/164 
f 164/164/164 152/152/152 164/164/164 
f 152/152/152 165/165/165 164/164/164 
f 164/164/164 165/165/165 166/166/166 
f 165/165/165 165/165/165 166/166/166 
f 166/166/166 165/165/165 167/167/167 
f 165/165/165 168/168/168 167/167/167 
f 167/167/167 168/168/168 169/169/169 
f 168/168/168 168/168/168 169/169/169 
f 169/169/169 168/168/168 170/170/170 
f 168/168/168 171/171/171 170/170/170 
f 170/170/170 171/171/171 172/172/172 
f 171/171/171 172/172/172 172/172/172 
f 172/172/172 172/172/172 151/151/151 
f 172/172/172 151/151/151 151/151/151 
f 151/151/151 151/151/151 150/150/150 
f 151/151/151 156/156/156 150/150/150 
f 150/150/150 156/156/156 156/156/156 
f 156/156/156 157/157/157 156/156/156 
f 156/156/156 157/157/157 157/157/157 
f 157/157/157 155/155/155 157/157/157 
f 157/157/157 155/155/155 163/163/163 
f 155/155/155 163/163/163 163/163/163 
f 163/163/163 163/163/163 162/162/162 
f 163/163/163 162/162/162 162/162/162 
f 162/162/162 162/162/162 166/166/166 
f 162/162/162 164/164/164 166/166/166 
f 166/166/166 164/164/164 164/164/164 
f 164/164/164 171/171/171 164/164/164 
f 164/164/164 171/171/171 171/171/171 
f 171/171/171 168/168/168 171/171/171 
f 171/171/171 168/168/168 173/173/173 
f 168/168/168 165/165/165 173/173/173 
f 173/173/173 165/165/165 173/173/173 
f 165/165/165 152/152/152 173/173/173 
f 173/173/173 152/152/152 173/173/173 
f 152/152/152 140/140/140 173/173/173 
f 173/173/173 140/140/140 174/174/174 
f 140/140/140 141/141/141 174/174/174 
f 174/174/174 141/141/141 141/141/141 
f 141/141/141 174/174/174 141/141/141 
f 141/141/141 174/174/174 174/174/174 
f 174/174/174 175/175/175 174/174/174 
f 174/174/174 175/175/175 173/173/173 
f 175/175/175 175/175/175 173/173/173 
f 173/173/173 175/175/175 171/171/171 
f 175/175/175 176/176/176 171/171/171 
f 171/171/171 176/176/176 177/177/177 
f 176/176/176 178/178/178 177/177/177 
f 177/177/177 178/178/178 172/172/172 
f 178/178/178 179/179/179 172/172/172 
f 172/172/172 179/179/179 179/179/179 
f 179/179/179 175/175/175 179/179/179 
f 179/179/179 175/175/175 175/175/175 
f 175/175/175 174/174/174 175/175/175 
f 175/175/175 174/174/174 176/176/176 
f 174/174/174 180/180/180 176/176/176 
f 176/176/176 180/180/180 178/178/178 
f 180/180/180 181/181/181 178/178/178 
f 178/178/178 181/181/181 182/182/182 
f 181/181/181 181/181/181 182/182/182 
f 182/182/182 181/181/181 183/183/183 
f 181/181/181 181/181/181 183/183/183 
f 183/183/183 181/181/181 142/142/142 
f 181/181/181 181/181/181 142/142/142 
f 142/142/142 181/181/181 141/141/141 
f 181/181/181 181/181/181 141/141/141 
f 141/141/141 181/181/181 174/174/174 
f 181/181/181 180/180/180 174/174/174 
f 174/174/174 180/180/180 180/180/180 
f 180/180/180 171/171/171 180/180/180 
f 180/180/180 171/171/171 171/171/171 
f 171/171/171 177/177/177 171/171/171 
f 171/171/171 177/177/177 172/172/172 
f 177/177/177 172/172/172 172/172/172 
f 172/172/172 172/172/172 178/178/178 
f 172/172/172 178/178/178 178/178/178 
f 178/178/178 178/178/178 179/179/179 
f 178/178/178 182/182/182 179/179/179 
f 179/179/179 182/182/182 184/184/184 
f 182/182/182 185/185/185 184/184/184 
f 184/184/184 185/185/185 186/186/186 
f 185/185/185 185/185/185 186/186/186 
f 186/186/186 185/185/185 187/187/187 
f 185/185/185 188/188/188 187/187/187 
f 187/187/187 188/188/188 189/189/189 
f 188/188/188 190/190/190 189/189/189 
f 189/189/189 190/190/190 191/191/191 
f 190/190/190 190/190/190 191/191/191 
f 191/191/191 190/190/190 192/192/192 
f 190/190/190 188/188/188 192/192/192 
f 192/192/192 188/188/188 193/193/193 
f 188/188/188 183/183/183 193/193/193 
f 193/193/193 183/183/183 194/194/194 
f 183/183/183 142/142/142 194/194/194 
f 194/194/194 142/142/142 194/194/194 
f 142/142/142 143/143/143 194/194/194 
f 194/194/194 143/143/143 195/195/195 
f 143/143/143 144/144/144 195/195/195 
f 195/195/195 144/144/144 144/144/144 
f 144/144/144 182/182/182 144/144/144 
f 144/144/144 182/182/182 182/182/182 
f 182/182/182 183/183/183 182/182/182 
f 182/182/182 183/183/183 185/185/185 
f 183/183/183 188/188/188 185/185/185 
f 185/185/185 188/188/188 188/188/188 
f 188/188/188 189/189/189 188/188/188 
f 188/188/188 189/189/189 189/189/189 
f 189/189/189 191/191/191 189/189/189 
f 189/189/189 191/191/191 196/196/196 
f 191/191/191 197/197/197 196/196/196 
f 196/196/196 197/197/197 198/198/198 
f 197/197/197 199/199/199 198/198/198 
f 198/198/198 199/199/199 200/200/200 
f 199/199/199 199/199/199 200/200/200 
f 200/200/200 199/199/199 201/201/201 
f 199/199/199 202/202/202 201/201/201 
f 201/201/201 202/202/202 203/203/203 
f 202/202/202 203/203/203 203/203/203 
f 203/203/203 203/203/203 193/193/193 
f 203/203/203 193/193/193 193/193/193 
f 193/193/193 193/193/193 192/192/192 
f 193/193/193 194/194/194 192/192/192 
f 192/192/192 194/194/194 204/204/204 
f 194/194/194 195/195/195 204/204/204 
f 204/204/204 195/195/195 191/191/191 
f 195/195/195 195/195/195 191/191/191 
f 191/191/191 195/195/195 197/197/197 
f 195/195/195 205/205/205 197/197/197 
f 197/197/197 205/205/205 199/199/199 
f 205/205/205 205/205/205 199/199/199 
f 199/199/199 205/205/205 202/202/202 
f 205/205/205 206/206/206 202/202/202 
f 202/202/202 206/206/206 149/149/149 
f 206/206/206 206/206/206 149/149/149 
f 149/149/149 206/206/206 145/145/145 
f 206/206/206 205/205/205 145/145/145 
f 145/145/145 205/205/205 144/144/144 
f 205/205/205 195/195/195 144/144/144 
f 144/144/144 195/195/195 195/195/195 
f 195/195/195 191/191/191 195/195/195 
f 195/195/195 191/191/191 191/191/191 
f 191/191/191 192/192/192 191/191/191 
f 191/191/191 192/192/192 204/204/204 
f 192/192/192 204/204/204 204/204/204 
f 204/204/204 204/204/204 159/159/159 
f 204/204/204 159/159/159 159/159/159 
f 159/159/159 159/159/159 153/153/153 
f 159/159/159 207/207/207 153/153/153 
f 153/153/153 207/207/207 148/148/148 
f 207/207/207 203/203/203 148/148/148 
f 148/148/148 203/203/203 208/208/208 
f 203/203/203 202/202/202 208/208/208 
f 208/208/208 202/202/202 208/208/208 
f 202/202/202 149/149/149 208/208/208 
f 208/208/208 149/149/149 148/148/148 
f 149/149/149 148/148/148 148/148/148 
f 148/148/148 148/148/148 209/209/209 
f 148/148/148 209/209/209 209/209/209 
f 209/209/209 209/209/209 210/210/210 
f 209/209/209 211/211/211 210/210/210 
f 210/210/210 211/211/211 210/210/210 
f 211/211/211 212/212/212 210/210/210 
f 210/210/210 212/212/212 213/213/213 
f 212/212/212 214/214/214 213/213/213 
f 213/213/213 214/214/214 215/215/215 
f 214/214/214 216/216/216 215/215/215 
f 215/215/215 216/216/216 217/217/217 
f 216/216/216 218/218/218 217/217/217 
f 217/217/217 218/218/218 219/219/219 
f 218/218/218 220/220/220 219/219/219 
f 219/219/219 220/220/220 220/220/220 
f 220/220/220 221/221/221 220/220/220 
f 220/220/220 221/221/221 221/221/221 
f 221/221/221 222/222/222 221/221/221 
f 221/221/221 222/222/222 223/223/223 
f 222/222/222 224/224/224 223/223/223 
f 223/223/223 224/224/224 225/225/225 
f 224/224/224 226/226/226 225/225/225 
f 225/225/225 226/226/226 227/227/227 
f 226/226/226 228/228/228 227/227/227 
f 227/227/227 228/228/228 229/229/229 
f 228/228/228 230/230/230 229/229/229 
f 229/229/229 230/230/230 231/231/231 
f 230/230/230 232/232/232 231/231/231 
f 231/231/231 232/232/232 232/232/232 
f 232/232/232 233/233/233 232/232/232 
f 232/232/232 233/233/233 233/233/233 
f 233/233/233 234/234/234 233/233/233 
f 233/233/233 234/234/234 235/235/235 
f 234/234/234 234/234/234 235/235/235 
f 235/235/235 234/234/234 236/236/236 
f 234/234/234 234/234/234 236/236/236 
f 236/236/236 234/234/234 237/237/237 
f 234/234/234 238/238/238 237/237/237 
f 237/237/237 238/238/238 239/239/239 
f 238/238/238 240/240/240 239/239/239 
f 239/239/239 240/240/240 240/240/240 
f 240/240/240 241/241/241 240/240/240 
f 240/240/240 241/241/241 241/241/241 
f 241/241/241 242/242/242 241/241/241 
f 241/241/241 242/242/242 243/243/243 
f 242/242/242 244/244/244 243/243/243 
f 243/243/243 244/244/244 243/243/243 
f 244/244/244 245/245/245 243/243/243 
f 243/243/243 245/245/245 246/246/246 
f 245/245/245 247/247/247 246/246/246 
f 246/246/246 247/247/247 248/248/248 
f 247/247/247 248/248/248 248/248/248 
f 248/248/248 248/248/248 249/249/249 
f 248/248/248 249/249/249 249/249/249 
f 249/249/249 249/249/249 250/250/250 
f 249/249/249 251/251/251 250/250/250 
f 250/250/250 251/251/251 250/250/250 
f 251/251/251 252/252/252 250/250/250 
f 250/250/250 252/252/252 250/250/250 
f 252/252/252 253/253/253 250/250/250 
f 250/250/250 253/253/253 254/254/254 
f 253/253/253 255/255/255 254/254/254 
f 254/254/254 255/255/255 256/256/256 
f 255/255/255 256/256/256 256/256/256 
f 256/256/256 256/256/256 257/257/257 
f 256/256/256 257/257/257 257/257/257 
f 257/257/257 257/257/257 258/258/258 
f 257/257/257 259/259/259 258/258/258 
f 258/258/258 259/259/259 258/258/258 
f 259/259/259 260/260/260 258/258/258 
f 258/258/258 260/260/260 258/258/258 
f 260/260/260 261/261/261 258/258/258 
f 258/258/258 261/261/261 262/262/262 
f 261/261/261 263/263/263 262/262/262 
f 262/262/262 263/263/263 264/264/264 
f 263/263/263 264/264/264 264/264/264 
f 264/264/264 264/264/264 265/265/265 
f 264/264/264 265/265/265 265/265/265 
f 265/265/265 265/265/265 266/266/266 
f 265/265/265 267/267/267 266/266/266 
f 266/266/266 267/267/267 268/268/268 
f 267/267/267 268/268/268 268/268/268 
f 268/268/268 268/268/268 269/269/269 
f 268/268/268 269/269/269 269/269/269 
f 269/269/269 269/269/269 270/270/270 
f 269/269/269 271/271/271 270/270/270 
f 270/270/270 271/271/271 272/272/272 
f 271/271/271 272/272/272 272/272/272 
f 272/272/272 272/272/272 273/273/273 
f 272/272/272 273/273/273 273/273/273 
f 273/273/273 273/273/273 274/274/274 
f 273/273/273 275/275/275 274/274/274 
f 274/274/274 275/275/275 276/276/276 
f 275/275/275 276/276/276 276/276/276 
f 276/276/276 276/276/276 277/277/277 
f 276/276/276 277/277/277 277/277/277 
f 277/277/277 277/277/277 278/278/278 
f 277/277/277 279/279/279 278/278/278 
f 278/278/278 279/279/279 280/280/280 
f 279/279/279 280/280/280 280/280/280 
f 280/280/280 280/280/280 281/281/281 
f 280/280/280 281/281/281 281/281/281 
f 281/281/281 281/281/281 282/282/282 
f 281/281/281 283/283/283 282/282/282 
f 282/282/282 283/283/283 284/284/284 
f 283/283/283 284/284/284 284/284/284 
f 284/284/284 284/284/284 285/285/285 
f 284/284/284 285/285/285 285/285/285 
f 285/285/285 285/285/285 286/286/286 
f 285/285/285 287/287/287 286/286/286 
f 286/286/286 287/287/287 288/288/288 
f 287/287/287 288/288/288 288/288/288 
f 288/288/288 288/288/288 289/289/289 
f 288/288/288 289/289/289 289/289/289 
f 289/289/289 289/289/289 290/290/290 
f 289/289/289 291/291/291 290/290/290 
f 290/290/290 291/291/291 292/292/292 
f 291/291/291 292/292/292 292/292/292 
f 292/292/292 292/292/292 293/293/293 
f 292/292/292 293/293/293 293/293/293 
f 293/293/293 293/293/293 294/294/294 
f 293/293/293 295/295/295 294/294/294 
f 294/294/294 295/295/295 296/296/296 
f 295/295/295 296/296/296 296/296/296 
f 296/296/296 296/296/296 297/297/297 
f 296/296/296 297/297/297 297/297/297 
f 297/297/297 297/297/297 298/298/298 
f 297/297/297 299/299/299 298/298/298 
f 298/298/298 299/299/299 300/300/300 
f 299/299/299 300/300/300 300/300/300 
f 300/300/300 300/300/300 301/301/301 
f 300/300/300 301/301/301 301/301/301 
f 301/301/301 301/301/301 302/302/302 
f 301/301/301 303/303/303 302/302/302 
f 302/302/302 303/303/303 304/304/304 
f 303/303/303 304/304/304 304/304/304 
f 304/304/304 304/304/304 305/305/305 
f 304/304/304 305/305/305 305/305/305 
f 305/305/305 305/305/305 306/306/306 
f 305/305/305 307/307/307 306/306/306 
f 306/306/306 307/307/307 308/308/308 
f 307/307/307 308/308/308 308/308/308 
f 308/308/308 308/308/308 309/309/309 
f 308/308/308 309/309/309 309/309/309 
f 309/309/309 309/309/309 310/310/310 
f 309/309/309 311/311/311 310/310/310 
f 310/310/310 311/311/311 312/312/312 
f 311/311/311 312/312/312 312/312/312 
f 312/312/312 312/312/312 313/313/313 
f 312/312/312 313/313/313 313/313/313 
f 313/313/313 313/313/313 314/314/314 
f 313/313/313 315/315/315 314/314/314 
f 314/314/314 315/315/315 316/316/316 
f 315/315/315 316/316/316 316/316/316 
f 316/316/316 316/316/316 317/317/317 
f 316/316/316 317/317/317 317/317/317 
f 317/317/317 317/317/317 318/318/318 
f 317/317/317 319/319/319 318/318/318 
f 318/318/318 319/319/319 320/320/320 
f 319/319/319 320/320/320 320/320/320 
f 320/320/320 320/320/320 321/321/321 
f 320/320/320 321/321/321 321/321/321 
f 321/321/321 321/321/321 322/322/322 
f 321/321/321 323/323/323 322/322/322 
f 322/322/322 323/323/323 324/324/324 
f 323/323/323 324/324/324 324/324/324 
f 324/324/324 324/324/324 325/325/325 
f 324/324/324 325/325/325 325/325/325 
f 325/325/325 325/325/325 326/326/326 
f 325/325/325 327/327/327 326/326/326 
f 326/326/326 327/327/327 328/328/328 
f 327/327/327 328/328/328 328/328/328 
f 328/328/328 328/328/328 329/329/329 
f 328/328/328 329/329/329 329/329/329 
f 329/329/329 329/329/329 330/330/330 
f 329/329/329 331/331/331 330/330/330 
f 330/330/330 331/331/331 332/332/332 
f 331/331/331 332/332/332 332/332/332 
f 332/332/332 332/332/332 333/333/333 
f 332/332/332 333/333/333 333/333/333 
f 333/333/333 333/333/333 334/334/334 
f 333/333/333 335/335/335 334/334/334 
f 334/334/334 335/335/335 336/336/336 
f 335/335/335 336/336/336 336/336/336 
f 336/336/336 336/336/336 337/337/337 
f 336/336/336 337/337/337 337/337/337 
f 337/337/337 337/337/337 338/338/338 
f 337/337/337 339/339/339 338/338/338 
f 338/338/338 339/339/339 340/340/340 
f 339/339/339 340/340/340 340/340/340 
f 340/340/340 340/340/340 341/341/341 
f 340/340/340 341/341/341 341/341/341 
f 341/341/341 341/341/341 342/342/342 
f 341/341/341 343/343/343 342/342/342 
f 342/342/342 343/343/343 344/344/344 
f 343/343/343 344/344/344 344/344/344 
f 344/344/344 344/344/344 345/345/345 
f 344/344/344 345/345/345 345/345/345 
f 345/345/345 345/345/345 346/346/346 
f 345/345/345 347/347/347 346/346/346 
f 346/346/346 347/347/347 348/348/348 
f 347/347/347 348/348/348 348/348/348 
f 348/348/348 348/348/348 349/349/349 
f 348/348/348 349/349/349 349/349/349 
f 349/349/349 349/349/349 350/350/350 
f 349/349/349 351/351/351 350/350/350 
f 350/350/350 351/351/351 352/352/352 
f 351/351/351 352/352/352 352/352/352 
f 352/352/352 352/352/352 353/353/353 
f 352/352/352 353/353/353 353/353/353 
f 353/353/353 353/353/353 354/354/354 
f 353/353/353 355/355/355 354/354/354 
f 354/354/354 355/355/355 356/356/356 
f 355/355/355 356/356/356 356/356/356 
f 356/356/356 356/356/356 357/357/357 
f 356/356/356 357/357/357 357/357/357 
f 357/357/357 357/357/357 358/358/358 
f 357/357/357 359/359/359 358/358/358 
f 358/358/358 359/359/359 360/360/360 
f 359/359/359 360/360/360 360/360/360 
f 360/360/360 360/360/360 361/361/361 
f 360/360/360 361/361/361 361/361/361 
f 361/361/361 361/361/361 362/362/362 
f 361/361/361 363/363/363 362/362/362 
f 362/362/362 363/363/363 364/364/364 
f 363/363/363 364/364/364 364/364/364 
f 364/364/364 364/364/364 365/365/365 
f 364/364/364 365/365/365 365/365/365 
f 365/365/365 365/365/365 366/366/366 
f 365/365/365 367/367/367 366/366/366 
f 366/366/366 367/367/367 368/368/368 
f 367/367/367 368/368/368 368/368/368 
f 368/368/368 368/368/368 369/369/369 
f 368/368/368 369/369/369 369/369/369 
f 369/369/369 369/369/369 370/370/370 
f 369/369/369 371/371/371 370/370/370 
f 370/370/370 371/371/371 372/372/372 
f 371/371/371 372/372/372 372/372/372 
f 372/372/372 372/372/372 373/373/373 
f 372/372/372 373/373/373 373/373/373 
f 373/373/373 373/373/373 374/374/374 
f 373/373/373 375/375/375 374/374/374 
f 374/374/374 375/375/375 376/376/376 
f 375/375/375 376/376/376 376/376/376 
f 376/376/376 376/376/376 377/377/377 
f 376/376/376 377/377/377 377/377/377 
f 377/377/377 377/377/377 378/378/378 
f 377/377/377 379/379/379 378/378/378 
f 378/378/378 379/379/379 380/380/380 
f 379/379/379 380/380/380 380/380/380 
f 380/380/380 380/380/380 381/381/381 
f 380/380/380 381/381/381 381/381/381 
f 381/381/381 381/381/381 382/382/382 
f 381/381/381 383/383/383 382/382/382 
f 382/382/382 383/383/383 384/384/384 
f 383/383/383 384/384/384 384/384/384 
f 384/384/384 384/384/384 385/385/385 
f 384/384/384 385/385/385 385/385/385 
f 385/385/385 385/385/385 386/386/386 
f 385/385/385 387/387/387 386/386/386 
f 386/386/386 387/387/387 388/388/388 
f 387/387/387 388/388/388 388/388/388 
f 388/388/388 388/388/388 389/389/389 
f 388/388/388 389/389/389 389/389/389 
f 389/389/389 389/389/389 390/390/390 
f 389/389/389 391/391/391 390/390/390 
f 390/390/390 391/391/391 392/392/392 
f 391/391/391 392/392/392 392/392/392 
f 392/392/392 392/392/392 393/393/393 
f 392/392/392 393/393/393 393/393/393 
f 393/393/393 393/393/393 394/394/394 
f 393/393/393 395/395/395 394/394/394 
f 394/394/394 395/395/395 396/396/396 
f 395/395/395 396/396/396 396/396/396 
f 396/396/396 396/396/396 397/397/397 
f 396/396/396 397/397/397 397/397/397 
f 397/397/397 397/397/397 398/398/398 
f 397/397/397 399/399/399 398/398/398 
f 398/398/398 399/399/399 400/400/400 
f 399/399/399 400/400/400 400/400/400 
f 400/400/400 400/400/400 401/401/401 
f 400/400/400 401/401/401 401/401/401 
f 401/401/401 401/401/401 402/402/402 
f 401/401/401 403/403/403 402/402/402 
f 402/402/402 403/403/403 404/404/404 
f 403/403/403 404/404/404 404/404/404 
f 404/404/404 404/404/404 405/405/405 
f 404/404/404 405/405/405 405/405/405 
f 405/405/405 405/405/405 406/406/406 
f 405/405/405 407/407/407 406/406/406 
f 406/406/406 407/407/407 408/408/408 
f 407/407/407 408/408/408 408/408/408 
f 408/408/408 408/408/408 409/409/409 
f 408/408/408 409/409/409 409/409/409 
f 409/409/409 409/409/409 410/410/410 
f 409/409/409 411/411/411 410/410/410 
f 410/410/410 411/411/411 412/412/412 
f 411/411/411 412/412/412 412/412/412 
f 412/412/412 412/412/412 413/413/413 
f 412/412/412 413/413/413 413/413/413 
f 413/413/413 413/413/413 414/414/414 
f 413/413/413 415/415/415 414/414/414 
f 414/414/414 415/415/415 416/416/416 
f 415/415/415 416/416/416 416/416/416 
f 416/416/416 416/416/416 417/417/417 
f 416/416/416 417/417/417 417/417/417 
f 417/417/417 417/417/417 418/418/418 
f 417/417/417 419/419/419 418/418/418 
f 418/418/418 419/419/419 420/420/420 
f 419/419/419 420/420/420 420/420/420 
f 420/420/420 420/420/420 421/421/421 
f 420/420/420 421/421/421 421/421/421 
f 421/421/421 421/421/421 422/422/422 
f 421/421/421 423/423/423 422/422/422 
f 422/422/422 423/423/423 424/424/424 
f 423/423/423 424/424/424 424/424/424 
f 424/424/424 424/424/424 425/425/425 
f 424/424/424 425/425/425 425/425/425 
f 425/425/425 425/425/425 426/426/426 
f 425/425/425 427/427/427 426/426/426 
f 426/426/426 427/427/427 428/428/428 
f 427/427/427 428/428/428 428/428/428 
f 428/428/428 428/428/428 429/429/429 
f 428/428/428 429/429/429 429/429/429 
f 429/429/429 429/429/429 430/430/430 
f 429/429/429 431/431/431 430/430/430 
f 430/430/430 431/431/431 432/432/432 
f 431/431/431 432/432/432 432/432/432 
f 432/432/432 432/432/432 433/433/433 
f 432/432/432 433/433/433 433/433/433 
f 433/433/433 433/433/433 434/434/434 
f 433/433/433 435/435/435 434/434/434 
f 434/434/434 435/435/435 436/436/436 
f 435/435/435 436/436/436 436/436/436 
f 436/436/436 436/436/436 437/437/437 
f 436/436/436 437/437/437 437/437/437 
f 437/437/437 437/437/437 438/438/438 
f 437/437/437 439/439/439 438/438/438 
f 438/438/438 439/439/439 440/440/440 
f 439/439/439 440/440/440 440/440/440 
f 440/440/440 440/440/440 441/441/441 
f 440/440/440 441/441/441 441/441/441 
f 441/441/441 441/441/441 442/442/442 
f 441/441/441 443/443/443 442/442/442 
f 442/442/442 443/443/443 444/444/444 
f 443/443/443 444/444/444 444/444/444 
f 444/444/444 444/444/444 445/445/445 
f 444/444/444 445/445/445 445/445/445 
f 445/445/445 445/445/445 446/446/446 
f 445/445/445 447/447/447 446/446/446 
f 446/446/446 447/447/447 448/448/448 
f 447/447/447 448/448/448 448/448/448 
f 448/448/448 448/448/448 449/449/449 
f 448/448/448 449/449/449 449/449/449 
f 449/449/449 449/449/449 450/450/450 
f 449/449/449 451/451/451 450/450/450 
f 450/450/450 451/451/451 452/452/452 
f 451/451/451 452/452/452 452/452/452 
f 452/452/452 452/452/452 453/453/453 
f 452/452/452 453/453/453 453/453/453 
f 453/453/453 453/453/453 454/454/454 
f 453/453/453 455/455/455 454/454/454 
f 454/454/454 455/455/455 456/456/456 
f 455/455/455 456/456/456 456/456/456 
f 456/456/456 456/456/456 457/457/457 
f 456/456/456 457/457/457 457/457/457 
f 457/457/457 457/457/457 458/458/458 
f 457/457/457 459/459/459 458/458/458 
f 458/458/458 459/459/459 460/460/460 
f 459/459/459 460/460/460 460/460/460 
f 460/460/460 460/460/460 461/461/461 
f 460/460/460 461/461/461 461/461/461 
f 461/461/461 461/461/461 462/462/462 
f 461/461/461 463/463/463 462/462/462 
f 462/462/462 463/463/463 464/464/464 
f 463/463/463 464/464/464 464/464/464 
f 464/464/464 464/464/464 465/465/465 
f 464/464/464 465/465/465 465/465/465 
f 465/465/465 465/465/465 466/466/466 
f 465/465/465 467/467/467 466/466/466 
f 466/466/466 467/467/467 468/468/468 
f 467/467/467 468/468/468 468/468/468 
f 468/468/468 468/468/468 469/469/469 
f 468/468/468 469/469/469 469/469/469 
f 469/469/469 469/469/469 470/470/470 
f 469/469/469 471/471/471 470/470/470 
f 470/470/470 471/471/471 472/472/472 
f 471/471/471 472/472/472 472/472/472 
f 472/472/472 472/472/472 473/473/473 
f 472/472/472 473/473/473 473/473/473 
f 473/473/473 473/473/473 474/474/474 
f 473/473/473 475/475/475 474/474/474 
f 474/474/474 475/475/475 476/476/476 
f 475/475/475 476/476/476 476/476/476 
f 476/476/476 476/476/476 477/477/477 
f 476/476/476 477/477/477 477/477/477 
f 477/477/477 477/477/477 478/478/478 
f 477/477/477 479/479/479 478/478/478 
f 478/478/478 479/479/479 480/480/480 
f 479/479/479 480/480/480 480/480/480 
f 480/480/480 480/480/480 481/481/481 
f 480/480/480 481/481/481 481/481/481 
f 481/481/481 481/481/481 482/482/482 
f 481/481/481 483/483/483 482/482/482 
f 482/482/482 483/483/483 484/484/484 
f 483/483/483 484/484/484 484/484/484 
f 484/484/484 484/484/484 485/485/485 
f 484/484/484 485/485/485 485/485/485 
f 485/485/485 485/485/485 486/486/486 
f 485/485/485 487/487/487 486/486/486 
f 486/486/486 487/487/487 488/488/488 
f 487/487/487 488/488/488 488/488/488 
f 488/488/488 488/488/488 489/489/489 
f 488/488/488 489/489/489 489/489/489 
f 489/489/489 489/489/489 490/490/490 
f 489/489/489 491/491/491 490/490/490 
f 490/490/490 491/491/491 492/492/492 
f 491/491/491 492/492/492 492/492/492 
f 492/492/492 492/492/492 493/493/493 
f 492/492/492 493/493/493 493/493/493 
f 493/493/493 493/493/493 494/494/494 
f 493/493/493 495/495/495 494/494/494 
f 494/494/494 495/495/495 496/496/496 
f 495/495/495 496/496/496 496/496/496 
f 496/496/496 496/496/496 497/497/497 
f 496/496/496 497/497/497 497/497/497 
f 497/497/497 497/497/497 498/498/498 
f 497/497/497 499/499/499 498/498/498 
f 498/498/498 499/499/499 500/500/500 
f 499/499/499 500/500/500 500/500/500 
f 500/500/500 500/500/500 501/501/501 
f 500/500/500 501/501/501 501/501/501 
f 501/501/501 501/501/501 502/502/502 
f 501/501/501 503/503/503 502/502/502 
f 502/502/502 503/503/503 504/504/504 
f 503/503/503 504/504/504 504/504/504 
f 504/504/504 504/504/504 505/505/505 
f 504/504/504 505/505/505 505/505/505 
f 505/505/505 505/505/505 506/506/506 
f 505/505/505 507/507/507 506/506/506 
f 506/506/506 507/507/507 508/508/508 
f 507/507/507 508/508/508 508/508/508 
f 508/508/508 508/508/508 509/509/509 
f 508/508/508 509/509/509 509/509/509 
f 509/509/509 509/509/509 510/510/510 
f 509/509/509 511/511/511 510/510/510 
f 510/510/510 511/511/511 512/512/512 
f 511/511/511 512/512/512 512/512/512 
f 512/512/512 512/512/512 513/513/513 
f 512/512/512 513/513/513 513/513/513 
f 513/513/513 513/513/513 514/514/514 
f 513/513/513 515/515/515 514/514/514 
f 514/514/514 515/515/515 516/516/516 
f 515/515/515 516/516/516 516/516/516 
f 516/516/516 516/516/516 517/517/517 
f 516/516/516 517/517/517 517/517/517 
f 517/517/517 517/517/517 518/518/518 
f 517/517/517 519/519/519 518/518/518 
f 518/518/518 519/519/519 520/520/520 
f 519/519/519 520/520/520 520/520/520 
f 520/520/520 520/520/520 521/521/521 
f 520/520/520 521/521/521 521/521/521 
f 521/521/521 521/521/521 522/522/522 
f 521/521/521 523/523/523 522/522/522 
f 522/522/522 523/523/523 524/524/524 
f 523/523/523 524/524/524 524/524/524 
f 524/524/524 524/524/524 525/525/525 
f 524/524/524 525/525/525 525/525/525 
f 525/525/525 525/525/525 526/526/526 
f 525/525/525 527/527/527 526/526/526 
f 526/526/526 527/527/527 528/528/528 
f 527/527/527 528/528/528 528/528/528 
f 528/528/528 528/528/528 529/529/529 
f 528/528/528 529/529/529 529/529/529 
f 529/529/529 529/529/529 530/530/530 
f 529/529/529 531/531/531 530/530/530 
f 530/530/530 531/531/531 532/532/532 
f 531/531/531 532/532/532 532/532/532 
f 532/532/532 532/532/532 533/533/533 
f 532/532/532 533/533/533 533/533/533 
f 533/533/533 533/533/533 534/534/534 
f 533/533/533 535/535/535 534/534/534 
f 534/534/534 535/535/535 536/536/536 
f 535/535/535 536/536/536 536/536/536 
f 536/536/536 536/536/536 537/537/537 
f 536/536/536 537/537/537 537/537/537 
f 537/537/537 537/537/537 538/538/538 
f 537/537/537 539/539/539 538/538/538 
f 538/538/538 539/539/539 540/540/540 
f 539/539/539 540/540/540 540/540/540 
f 540/540/540 540/540/540 541/541/541 
f 540/540/540 541/541/541 541/541/541 
f 541/541/541 541/541/541 542/542/542 
f 541/541/541 543/543/543 542/542/542 
f 542/542/542 543/543/543 544/544/544 
f 543/543/543 544/544/544 544/544/544 
f 544/544/544 544/544/544 545/545/545 
f 544/544/544 545/545/545 545/545/545 
f 545/545/545 545/545/545 546/546/546 
f 545/545/545 547/547/547 546/546/546 
f 546/546/546 547/547/547 548/548/548 
f 547/547/547 548/548/548 548/548/548 
f 548/548/548 548/548/548 549/549/549 
f 548/548/548 549/549/549 549/549/549 
f 549/549/549 549/549/549 550/550/550 
f 549/549/549 551/551/551 550/550/550 
f 550/550/550 551/551/551 552/552/552 
f 551/551/551 552/552/552 552/552/552 
f 552/552/552 552/552/552 553/553/553 
f 552/552/552 553/553/553 553/553/553 
f 553/553/553 553/553/553 554/554/554 
f 553/553/553 555/555/555 554/554/554 
f 554/554/554 555/555/555 556/556/556 
f 555/555/555 556/556/556 556/556/556 
f 556/556/556 556/556/556 557/557/557 
f 556/556/556 557/557/557 557/557/557 
f 557/557/557 557/557/557 558/558/558 
f 557/557/557 559/559/559 558/558/558 
f 558/558/558 559/559/559 560/560/560 
f 559/559/559 560/560/560 560/560/560 
f 560/560/560 560/560/560 561/561/561 
f 560/560/560 561/561/561 561/561/561 
f 561/561/561 561/561/561 562/562/562 
f 561/561/561 563/563/563 562/562/562 
f 562/562/562 563/563/563 564/564/564 
f 563/563/563 564/564/564 564/564/564 
f 564/564/564 564/564/564 565/565/565 
f 564/564/564 565/565/565 565/565/565 
f 565/565/565 565/565/565 566/566/566 
f 565/565/565 567/567/567 566/566/566 
f 566/566/566 567/567/567 568/568/568 
f 567/567/567 568/568/568 568/568/568 
f 568/568/568 568/568/568 569/569/569 
f 568/568/568 569/569/569 569/569/569 
f 569/569/569 569/569/569 570/570/570 
f 569/569/569 571/571/571 570/570/570 
f 570/570/570 571/571/571 572/572/572 
f 571/571/571 572/572/572 572/572/572 
f 572/572/572 572/572/572 573/573/573 
f 572/572/572 573/573/573 573/573/573 
f 573/573/573 573/573/573 574/574/574 
f 573/573/573 575/575/575 574/574/574 
f 574/574/574 575/575/575 576/576/576 
f 575/575/575 576/576/576 576/576/576 
f 576/576/576 576/576/576 577/577/577 
f 576/576/576 577/577/577 577/577/577 
f 577/577/577 577/577/577 578/578/578 
f 577/577/577 579/579/579 578/578/578 
f 578/578/578 579/579/579 580/580/580 
f 579/579/579 580/580/580 580/580/580 
f 580/580/580 580/580/580 581/581/581 
f 580/580/580 581/581/581 581/581/581 
f 581/581/581 581/581/581 582/582/582 
f 581/581/581 583/583/583 582/582/582 
f 582/582/582 583/583/583 584/584/584 
f 583/583/583 584/584/584 584/584/584 
f 584/584/584 584/584/584 585/585/585 
f 584/584/584 585/585/585 585/585/585 
f 585/585/585 585/585/585 586/586/586 
f 585/585/585 587/587/587 586/586/586 
f 586/586/586 587/587/587 588/588/588 
f 587/587/587 588/588/588 588/588/588 
f 588/588/588 588/588/588 589/589/589 
f 588/588/588 589/589/589 589/589/589 
f 589/589/589 589/589/589 590/590/590 
f 589/589/589 591/591/591 590/590/590 
f 590/590/590 591/591/591 592/592/592 
f 591/591/591 592/592/592 592/592/592 
f 592/592/592 592/592/592 593/593/593 
f 592/592/592 593/593/593 593/593/593 
f 593/593/593 593/593/593 594/594/594 
f 593/593/593 595/595/595 594/594/594 
f 594/594/594 595/595/595 596/596/596 
f 595/595/595 596/596/596 596/596/596 
f 596/596/596 596/596/596 597/597/597 
f 596/596/596 597/597/597 597/597/597 
f 597/597/597 597/597/597 598/598/598 
f 597/597/597 599/599/599 598/598/598 
f 598/598/598 599/599/599 600/600/600 
f 599/599/599 600/600/600 600/600/600 
f 600/600/600 600/600/600 601/601/601 
f 600/600/600 601/601/601 601/601/601 
f 601/601/601 601/601/601 602/602/602 
f 601/601/601 603/603/603 602/602/602 
f 602/602/602 603/603/603 604/604/604 
f 603/603/603 604/604/604 604/604/604 
f 604/604/604 604/604/604 605/605/605 
f 604/604/604 605/605/605 605/605/605 
f 605/605/605 605/605/605 606/606/606 
f 605/605/605 607/607/607 606/606/606 
f 606/606/606 607/607/607 608/608/608 
f 607/607/607 608/608/608 608/608/608 
f 608/608/608 608/608/608 609/609/609 
f 608/608/608 609/609/609 609/609/609 
f 609/609/609 609/609/609 610/610/610 
f 609/609/609 611/611/611 610/610/610 
f 610/610/610 611/611/611 612/612/612 
f 611/611/611 612/612/612 612/612/612 
f 612/612/612 612/612/612 613/613/613 
f 612/612/612 613/613/613 613/613/613 
f 613/613/613 613/613/613 614/614/614 
f 613/613/613 615/615/615 614/614/614 
f 614/614/614 615/615/615 616/616/616 
f 615/615/615 616/616/616 616/616/616 
f 616/616/616 616/616/616 617/617/617 
f 616/616/616 617/617/617 617/617/617 
f 617/617/617 617/617/617 618/618/618 
f 617/617/617 619/619/619 618/618/618 
f 618/618/618 619/619/619 620/620/620 
f 619/619/619 620/620/620 620/620/620 
f 620/620/620 620/620/620 621/621/621 
f 620/620/620 621/621/621 621/621/621 
f 621/621/621 621/621/621 622/622/622 
f 621/621/621 623/623/623 622/622/622 
f 622/622/622 623/623/623 624/624/624 
f 623/623/623 624/624/624 624/624/624 
f 624/624/624 624/624/624 625/625/625 
f 624/624/624 625/625/625 625/625/625 
f 625/625/625 625/625/625 626/626/626 
f 625/625/625 627/627/627 626/626/626 
f 626/626/626 627/627/627 628/628/628 
f 627/627/627 628/628/628 628/628/628 
f 628/628/628 628/628/628 629/629/629 
f 628/628/628 629/629/629 629/629/629 
f 629/629/629 629/629/629 630/630/630 
f 629/629/629 631/631/631 630/630/630 
f 630/630/630 631/631/631 632/632/632 
f 631/631/631 632/632/632 632/632/632 
f 632/632/632 632/632/632 633/633/633 
f 632/632/632 633/633/633 633/633/633 
f 633/633/633 633/633/633 634/634/634 
f 633/633/633 635/635/635 634/634/634 
f 634/634/634 635/635/635 636/636/636 
f 635/635/635 636/636/636 636/636/636 
f 636/636/636 636/636/636 637/637/637 
f 636/636/636 637/637/637 637/637/637 
f 637/637/637 637/637/637 638/638/638 
f 637/637/637 639/639/639 638/638/638 
f 638/638/638 639/639/639 640/640/640 
f 639/639/639 640/640/640 640/640/640 
f 640/640/640 640/640/640 641/641/641 
f 640/640/640 641/641/641 641/641/641 
f 641/641/641 641/641/641 642/642/642 
f 641/641/641 643/643/643 642/642/642 
f 642/642/642 643/643/643 644/644/644 
f 643/643/643 644/644/644 644/644/644 
f 644/644/644 644/644/644 645/645/645 
f 644/644/644 645/645/645 645/645/645 
f 645/645/645 645/645/645 646/646/646 
f 645/645/645 647/647/647 646/646/646 
f 646/646/646 647/647/647 648/648/648 
f 647/647/647 648/648/648 648/648/648 
f 648/648/648 648/648/648 649/649/649 
f 648/648/648 649/649/649 649/649/649 
f 649/649/649 649/649/649 650/650/650 
f 649/649/649 651/651/651 650/650/650 
f 650/650/650 651/651/651 652/652/652 
f 651/651/651 652/652/652 652/652/652 
f 652/652/652 652/652/652 653/653/653 
f 652/652/652 653/653/653 653/653/653 
f 653/653/653 653/653/653 654/654/654 
f 653/653/653 655/655/655 654/654/654 
f 654/654/654 655/655/655 656/656/656 
f 655/655/655 656/656/656 656/656/656 
f 656/656/656 656/656/656 657/657/657 
f 656/656/656 657/657/657 657/657/657 
f 657/657/657 657/657/657 658/658/658 
f 657/657/657 659/659/659 658/658/658 
f 658/658/658 659/659/659 660/660/660 
f 659/659/659 660/660/660 660/660/660 
f 660/660/660 660/660/660 661/661/661 
f 660/660/660 661/661/661 661/661/661 
f 661/661/661 661/661/661 662/662/662 
f 661/661/661 663/663/663 662/662/662 
f 662/662/662 663/663/663 664/664/664 
f 663/663/663 664/664/664 664/664/664 
f 664/664/664 664/664/664 665/665/665 
f 664/664/664 665/665/665 665/665/665 
f 665/665/665 665/665/665 666/666/666 
f 665/665/665 667/667/667 666/666/666 
f 666/666/666 667/667/667 668/668/668 
f 667/667/667 668/668/668 668/668/668 
f 668/668/668 668/668/668 669/669/669 
f 668/668/668 669/669/669 669/669/669 
f 669/669/669 669/669/669 670/670/670 
f 669/669/669 671/671/671 670/670/670 
f 670/670/670 671/671/671 672/672/672 
f 671/671/671 672/672/672 672/672/672 
f 672/672/672 672/672/672 673/673/673 
f 672/672/672 673/673/673 673/673/673 
f 673/673/673 673/673/673 674/674/674 
f 673/673/673 675/675/675 674/674/674 
f 674/674/674 675/675/675 676/676/676 
f 675/675/675 676/676/676 676/676/676 
f 676/676/676 676/676/676 677/677/677 
f 676/676/676 677/677/677 677/677/677 
f 677/677/677 677/677/677 678/678/678 
f 677/677/677 679/679/679 678/678/678 
f 678/678/678 679/679/679 680/680/680 
f 679/679/679 680/680/680 680/680/680 
f 680/680/680 680/680/680 681/681/681 
f 680/680/680 681/681/681 681/681/681 
f 681/681/681 681/681/681 682/682/682 
f 681/681/681 683/683/683 682/682/682 
f 682/682/682 683/683/683 684/684/684 
f 683/683/683 684/684/684 684/684/684 
f 684/684/684 684/684/684 685/685/685 
f 684/684/684 685/685/685 685/685/685 
f 685/685/685 685/685/685 686/686/686 
f 685/685/685 687/687/687 686/686/686 
f 686/686/686 687/687/687 688/688/688 
f 687/687/687 688/688/688 688/688/688 
f 688/688/688 688/688/688 689/689/689 
f 688/688/688 689/689/689 689/689/689 
f 689/689/689 689/689/689 690/690/690 
f 689/689/689 691/691/691 690/690/690 
f 690/690/690 691/691/691 692/692/692 
f 691/691/691 692/692/692 692/692/692 
f 692/692/692 692/692/692 693/693/693 
f 692/692/692 693/693/693 693/693/693 
f 693/693/693 693/693/693 694/694/694 
f 693/693/693 695/695/695 694/694/694 
f 694/694/694 695/695/695 696/696/696 
f 695/695/695 696/696/696 696/696/696 
f 696/696/696 696/696/696 697/697/697 
f 696/696/696 697/697/697 697/697/697 
f 697/697/697 697/697/697 698/698/698 
f 697/697/697 699/699/699 698/698/698 
f 698/698/698 699/699/699 700/700/700 
f 699/699/699 701/701/701 700/700/700 
f 700/700/700 701/701/701 702/702/702 
f 701/701/701 702/702/702 702/702/702 
f 702/702/702 702/702/702 703/703/703 
f 702/702/702 703/703/703 703/703/703 
f 703/703/703 703/703/703 704/704/704 
f 703/703/703 705/705/705 704/704/704 
f 704/704/704 705/705/705 706/706/706 
f 705/705/705 706/706/706 706/706/706 
f 706/706/706 706/706/706 707/707/707 
f 706/706/706 707/707/707 707/707/707 
f 707/707/707 707/707/707 708/708/708 
f 707/707/707 709/709/709 708/708/708 
f 708/708/708 709/709/709 710/710/710 
f 709/709/709 710/710/710 710/710/710 
f 710/710/710 710/710/710 711/711/711 
f 710/710/710 711/711/711 711/711/711 
f 711/711/711 711/711/711 712/712/712 
f 711/711/711 713/713/713 712/712/712 
f 712/712/712 713/713/713 714/714/714 
f 713/713/713 713/713/713 714/714/714 
f 714/714/714 713/713/713 715/715/715 
f 713/713/713 716/716/716 715/715/715 
f 715/715/715 716/716/716 716/716/716 
f 716/716/716 717/717/717 716/716/716 
f 716/716/716 717/717/717 717/717/717 
f 717/717/717 718/718/718 717/717/717 
f 717/717/717 718/718/718 719/719/719 
f 718/718/718 720/720/720 719/719/719 
f 719/719/719 720/720/720 720/720/720 
f 720/720/720 721/721/721 720/720/720 
f 720/720/720 721/721/721 721/721/721 
f 721/721/721 722/722/722 721/721/721 
f 721/721/721 722/722/722 723/723/723 
f 722/722/722 722/722/722 723/723/723 
f 723/723/723 722/722/722 724/724/724 
f 722/722/722 722/722/722 724/724/724 
f 724/724/724 722/722/722 725/725/725 
f 722/722/722 726/726/726 725/725/725 
f 725/725/725 726/726/726 726/726/726 
f 726/726/726 727/727/727 726/726/726 
f 726/726/726 727/727/727 727/727/727 
f 727/727/727 728/728/728 727/727/727 
f 727/727/727 728/728/728 729/729/729 
f 728/728/728 728/728/728 729/729/729 
f 729/729/729 728/728/728 730/730/730 
f 728/728/728 731/731/731 730/730/730 
f 730/730/730 731/731/731 732/732/732 
f 731/731/731 728/728/728 732/732/732 
f 732/732/732 728/728/728 733/733/733 
f 728/728/728 734/734/734 733/733/733 
f 733/733/733 734/734/734 734/734/734 
f 734/734/734 730/730/730 734/734/734 
f 734/734/734 730/730/730 730/730/730 
f 730/730/730 732/732/732 730/730/730 
f 730/730/730 732/732/732 735/735/735 
f 732/732/732 736/736/736 735/735/735 
f 735/735/735 736/736/736 736/736/736 
f 736/736/736 737/737/737 736/736/736 
f 736/736/736 737/737/737 737/737/737 
f 737/737/737 738/738/738 737/737/737 
f 737/737/737 738/738/738 739/739/739 
f 738/738/738 740/740/740 739/739/739 
f 739/739/739 740/740/740 740/740/740 
f 740/740/740 741/741/741 740/740/740 
f 740/740/740 741/741/741 741/741/741 
f 741/741/741 742/742/742 741/741/741 
f 741/741/741 742/742/742 743/743/743 
f 742/742/742 744/744/744 743/743/743 
f 743/743/743 744/744/744 744/744/744 
f 744/744/744 745/745/745 744/744/744 
f 744/744/744 745/745/745 745/745/745 
f 745/745/745 746/746/746 745/745/745 
f 745/745/745 746/746/746 747/747/747 
f 746/746/746 748/748/748 747/747/747 
f 747/747/747 748/748/748 749/749/749 
f 748/748/748 750/750/750 749/749/749 
f 749/749/749 750/750/750 747/747/747 
f 750/750/750 750/750/750 747/747/747 
f 747/747/747 750/750/750 751/751/751 
f 750/750/750 752/752/752 751/751/751 
f 751/751/751 752/752/752 752/752/752 
f 752/752/752 748/748/748 752/752/752 
f 752/752/752 748/748/748 748/748/748 
f 748/748/748 753/753/753 748/748/748 
f 748/748/748 753/753/753 750/750/750 
f 753/753/753 754/754/754 750/750/750 
f 750/750/750 754/754/754 754/754/754 
f 754/754/754 755/755/755 754/754/754 
f 754/754/754 755/755/755 755/755/755 
f 755/755/755 756/756/756 755/755/755 
f 755/755/755 756/756/756 757/757/757 
f 756/756/756 758/758/758 757/757/757 
f 757/757/757 758/758/758 758/758/758 
f 758/758/758 759/759/759 758/758/758 
f 758/758/758 759/759/759 759/759/759 
f 759/759/759 760/760/760 759/759/759 
f 759/759/759 760/760/760 761/761/761 
f 760/760/760 762/762/762 761/761/761 
f 761/761/761 762/762/762 762/762/762 
f 762/762/762 763/763/763 762/762/762 
f 762/762/762 763/763/763 763/763/763 
f 763/763/763 764/764/764 763/763/763 
f 763/763/763 764/764/764 765/765/765 
f 764/764/764 766/766/766 765/765/765 
f 765/765/765 766/766/766 766/766/766 
f 766/766/766 767/767/767 766/766/766 
f 766/766/766 767/767/767 767/767/767 
f 767/767/767 768/768/768 767/767/767 
f 767/767/767 768/768/768 769/769/769 
f 768/768/768 770/770/770 769/769/769 
f 769/769/769 770/770/770 770/770/770 
f 770/770/770 771/771/771 770/770/770 
f 770/770/770 771/771/771 771/771/771 
f 771/771/771 772/772/772 771/771/771 
f 771/771/771 772/772/772 773/773/773 
f 772/772/772 774/774/774 773/773/773 
f 773/773/773 774/774/774 774/774/774 
f 774/774/774 775/775/775 774/774/774 
f 774/774/774 775/775/775 775/775/775 
f 775/775/775 776/776/776 775/775/775 
f 775/775/775 776/776/776 777/777/777 
f 776/776/776 778/778/778 777/777/777 
f 777/777/777 778/778/778 778/778/778 
f 778/778/778 779/779/779 778/778/778 
f 778/778/778 779/779/779 779/779/779 
f 779/779/779 780/780/780 779/779/779 
f 779/779/779 780/780/780 781/781/781 
f 780/780/780 782/782/782 781/781/781 
f 781/781/781 782/782/782 782/782/782 
f 782/782/782 783/783/783 782/782/782 
f 782/782/782 783/783/783 783/783/783 
f 783/783/783 784/784/784 783/783/783 
f 783/783/783 784/784/784 785/785/785 
f 784/784/784 786/786/786 785/785/785 
f 785/785/785 786/786/786 786/786/786 
f 786/786/786 787/787/787 786/786/786 
f 786/786/786 787/787/787 787/787/787 
f 787/787/787 788/788/788 787/787/787 
f 787/787/787 788/788/788 789/789/789 
f 788/788/788 790/790/790 789/789/789 
f 789/789/789 790/790/790 790/790/790 
f 790/790/790 791/791/791 790/790/790 
f 790/790/790 791/791/791 791/791/791 
f 791/791/791 792/792/792 791/791/791 
f 791/791/791 792/792/792 793/793/793 
f 792/792/792 794/794/794 793/793/793 
f 793/793/793 794/794/794 794/794/794 
f 794/794/794 795/795/795 794/794/794 
f 794/794/794 795/795/795 795/795/795 
f 795/795/795 796/796/796 795/795/795 
f 795/795/795 796/796/796 797/797/797 
f 796/796/796 798/798/798 797/797/797 
f 797/797/797 798/798/798 798/798/798 
f 798/798/798 799/799/799 798/798/798 
f 798/798/798 799/799/799 799/799/799 
f 799/799/799 800/800/800 799/799/799 
f 799/799/799 800/800/800 801/801/801 
f 800/800/800 802/802/802 801/801/801 
f 801/801/801 802/802/802 802/802/802 
f 802/802/802 803/803/803 802/802/802 
f 802/802/802 803/803/803 803/803/803 
f 803/803/803 804/804/804 803/803/803 
f 803/803/803 804/804/804 805/805/805 
f 804/804/804 806/806/806 805/805/805 
f 805/805/805 806/806/806 806/806/806 
f 806/806/806 807/807/807 806/806/806 
f 806/806/806 807/807/807 807/807/807 
f 807/807/807 808/808/808 807/807/807 
f 807/807/807 808/808/808 809/809/809 
f 808/808/808 810/810/810 809/809/809 
f 809/809/809 810/810/810 810/810/810 
f 810/810/810 811/811/811 810/810/810 
f 810/810/810 811/811/811 811/811/811 
f 811/811/811 812/812/812 811/811/811 
f 811/811/811 812/812/812 813/813/813 
f 812/812/812 814/814/814 813/813/813 
f 813/813/813 814/814/814 814/814/814 
f 814/814/814 815/815/815 814/814/814 
f 814/814/814 815/815/815 815/815/815 
f 815/815/815 816/816/816 815/815/815 
f 815/815/815 816/816/816 817/817/817 
f 816/816/816 818/818/818 817/817/817 
f 817/817/817 818/818/818 818/818/818 
f 818/818/818 819/819/819 818/818/818 
f 818/818/818 819/819/819 819/819/819 
f 819/819/819 820/820/820 819/819/819 
f 819/819/819 820/820/820 821/821/821 
f 820/820/820 822/822/822 821/821/821 
f 821/821/821 822/822/822 822/822/822 
f 822/822/822 823/823/823 822/822/822 
f 822/822/822 823/823/823 823/823/823 
f 823/823/823 824/824/824 823/823/823 
f 823/823/823 824/824/824 825/825/825 
f 824/824/824 826/826/826 825/825/825 
f 825/825/825 826/826/826 825/825/825 
f 826/826/826 827/827/827 825/825/825 
f 825/825/825 827/827/827 825/825/825 
f 827/827/827 828/828/828 825/825/825 
f 825/825/825 828/828/828 825/825/825 
f 828/828/828 829/829/829 825/825/825 
f 825/825/825 829/829/829 830/830/830 
f 829/829/829 830/830/830 830/830/830 
f 830/830/830 830/830/830 831/831/831 
f 830/830/830 831/831/831 831/831/831 
f 831/831/831 831/831/831 832/832/832 
f 831/831/831 833/833/833 832/832/832 
f 832/832/832 833/833/833 834/834/834 
f 833/833/833 834/834/834 834/834/834 
f 834/834/834 834/834/834 835/835/835 
f 834/834/834 835/835/835 835/835/835 
f 835/835/835 835/835/835 836/836/836 
f 835/835/835 837/837/837 836/836/836 
f 836/836/836 837/837/837 838/838/838 
f 837/837/837 838/838/838 838/838/838 
f 838/838/838 838/838/838 839/839/839 
f 838/838/838 839/839/839 839/839/839 
f 839/839/839 839/839/839 840/840/840 
f 839/839/839 841/841/841 840/840/840 
f 840/840/840 841/841/841 842/842/842 
f 841/841/841 842/842/842 842/842/842 
f 842/842/842 842/842/842 843/843/843 
f 842/842/842 843/843/843 843/843/843 
f 843/843/843 843/843/843 844/844/844 
f 843/843/843 845/845/845 844/844/844 
f 844/844/844 845/845/845 846/846/846 
f 845/845/845 846/846/846 846/846/846 
f 846/846/846 846/846/846 847/847/847 
f 846/846/846 847/847/847 847/847/847 
f 847/847/847 847/847/847 848/848/848 
f 847/847/847 849/849/849 848/848/848 
f 848/848/848 849/849/849 850/850/850 
f 849/849/849 850/850/850 850/850/850 
f 850/850/850 850/850/850 851/851/851 
f 850/850/850 851/851/851 851/851/851 
f 851/851/851 851/851/851 852/852/852 
f 851/851/851 853/853/853 852/852/852 
f 852/852/852 853/853/853 854/854/854 
f 853/853/853 854/854/854 854/854/854 
f 854/854/854 854/854/854 855/855/855 
f 854/854/854 855/855/855 855/855/855 
f 855/855/855 855/855/855 856/856/856 
f 855/855/855 857/857/857 856/856/856 
f 856/856/856 857/857/857 858/858/858 
f 857/857/857 858/858/858 858/858/858 
f 858/858/858 858/858/858 859/859/859 
f 858/858/858 859/859/859 859/859/859 
f 859/859/859 859/859/859 860/860/860 
f 859/859/859 861/861/861 860/860/860 
f 860/860/860 861/861/861 862/862/862 
f 861/861/861 862/862/862 862/862/862 
f 862/862/862 862/862/862 863/863/863 
f 862/862/862 863/863/863 863/863/863 
f 863/863/863 863/863/863 864/864/864 
f 863/863/863 865/865/865 864/864/864 
f 864/864/864 865/865/865 866/866/866 
f 865/865/865 866/866/866 866/866/866 
f 866/866/866 866/866/866 867/867/867 
f 866/866/866 867/867/867 867/867/867 
f 867/867/867 867/867/867 868/868/868 
f 867/867/867 869/869/869 868/868/868 
f 868/868/868 869/869/869 870/870/870 
f 869/869/869 870/870/870 870/870/870 
f 870/870/870 870/870/870 871/871/871 
f 870/870/870 871/871/871 871/871/871 
f 871/871/871 871/871/871 872/872/872 
f 871/871/871 873/873/873 872/872/872 
f 872/872/872 873/873/873 874/874/874 
f 873/873/873 874/874/874 874/874/874 
f 874/874/874 874/874/874 875/875/875 
f 874/874/874 875/875/875 875/875/875 
f 875/875/875 875/875/875 876/876/876 
f 875/875/875 877/877/877 876/876/876 
f 876/876/876 877/877/877 878/878/878 
f 877/877/877 878/878/878 878/878/878 
f 878/878/878 878/878/878 879/879/879 
f 878/878/878 879/879/879 879/879/879 
f 879/879/879 879/879/879 880/880/880 
f 879/879/879 881/881/881 880/880/880 
f 880/880/880 881/881/881 882/882/882 
f 881/881/881 882/882/882 882/882/882 
f 882/882/882 882/882/882 883/883/883 
f 882/882/882 883/883/883 883/883/883 
f 883/883/883 883/883/883 884/884/884 
f 883/883/883 885/885/885 884/884/884 
f 884/884/884 885/885/885 886/886/886 
f 885/885/885 886/886/886 886/886/886 
f 886/886/886 886/886/886 887/887/887 
f 886/886/886 887/887/887 887/887/887 
f 887/887/887 887/887/887 888/888/888 
f 887/887/887 889/889/889 888/888/888 
f 888/888/888 889/889/889 890/890/890 
f 889/889/889 890/890/890 890/890/890 
f 890/890/890 890/890/890 891/891/891 
f 890/890/890 891/891/891 891/891/891 
f 891/891/891 891/891/891 892/892/892 
f 891/891/891 893/893/893 892/892/892 
f 892/892/892 893/893/893 894/894/894 
f 893/893/893 894/894/894 894/894/894 
f 894/894/894 894/894/894 895/895/895 
f 894/894/894 895/895/895 895/895/895 
f 895/895/895 895/895/895 896/896/896 
f 895/895/895 897/897/897 896/896/896 
f 896/896/896 897/897/897 898/898/898 
f 897/897/897 898/898/898 898/898/898 
f 898/898/898 898/898/898 899/899/899 
f 898/898/898 899/899/899 899/899/899 
f 899/899/899 899/899/899 900/900/900 
f 899/899/899 901/901/901 900/900/900 
f 900/900/900 901/901/901 902/902/902 
f 901/901/901 902/902/902 902/902/902 
f 902/902/902 902/902/902 903/903/903 
f 902/902/902 903/903/903 903/903/903 
f 903/903/903 903/903/903 904/904/904 
f 903/903/903 905/905/905 904/904/904 
f 904/904/904 905/905/905 906/906/906 
f 905/905/905 906/906/906 906/906/906 
f 906/906/906 906/906/906 907/907/907 
f 906/906/906 907/907/907 907/907/907 
f 907/907/907 907/907/907 908/908/908 
f 907/907/907 909/909/909 908/908/908 
f 908/908/908 909/909/909 910/910/910 
f 909/909/909 911/911/911 910/910/910 
f 910/910/910 911/911/911 911/911/911 
f 911/911/911 908/908/908 911/911/911 
f 911/911/911 908/908/908 908/908/908 
f 908/908/908 910/910/910 908/908/908 
f 908/908/908 910/910/910 912/912/912 
f 910/910/910 910/910/910 912/912/912 
f 912/912/912 910/910/910 913/913/913 
f 910/910/910 914/914/914 913/913/913 
f 913/913/913 914/914/914 914/914/914 
f 914/914/914 915/915/915 914/914/914 
f 914/914/914 915/915/915 915/915/915 
f 915/915/915 916/916/916 915/915/915 
f 915/915/915 916/916/916 917/917/917 
f 916/916/916 918/918/918 917/917/917 
f 917/917/917 918/918/918 918/918/918 
f 918/918/918 919/919/919 918/918/918 
f 918/918/918 919/919/919 919/919/919 
f 919/919/919 920/920/920 919/919/919 
f 919/919/919 920/920/920 921/921/921 
f 920/920/920 922/922/922 921/921/921 
f 921/921/921 922/922/922 922/922/922 
f 922/922/922 923/923/923 922/922/922 
f 922/922/922 923/923/923 923/923/923 
f 923/923/923 924/924/924 923/923/923 
f 923/923/923 924/924/924 925/925/925 
f 924/924/924 926/926/926 925/925/925 
f 925/925/925 926/926/926 926/926/926 
f 926/926/926 927/927/927 926/926/926 
f 926/926/926 927/927/927 927/927/927 
f 927/927/927 928/928/928 927/927/927 
f 927/927/927 928/928/928 929/929/929 
f 928/928/928 930/930/930 929/929/929 
f 929/929/929 930/930/930 930/930/930 
f 930/930/930 931/931/931 930/930/930 
f 930/930/930 931/931/931 931/931/931 
f 931/931/931 932/932/932 931/931/931 
f 931/931/931 932/932/932 933/933/933 
f 932/932/932 934/934/934 933/933/933 
f 933/933/933 934/934/934 934/934/934 
f 934/934/934 935/935/935 934/934/934 
f 934/934/934 935/935/935 935/935/935 
f 935/935/935 936/936/936 935/935/935 
f 935/935/935 936/936/936 937/937/937 
f 936/936/936 938/938/938 937/937/937 
f 937/937/937 938/938/938 938/938/938 
f 938/938/938 936/936/936 938/938/938 
f 938/938/938 936/936/936 936/936/936 
f 936/936/936 935/935/935 936/936/936 
f 936/936/936 935/935/935 939/939/939 
f 935/935/935 935/935/935 939/939/939 
f 939/939/939 935/935/935 940/940/940 
f 935/935/935 941/941/941 940/940/940 
f 940/940/940 941/941/941 942/942/942 
f 941/941/941 943/943/943 942/942/942 
f 942/942/942 943/943/943 942/942/942 
f 943/943/943 944/944/944 942/942/942 
f 942/942/942 944/944/944 945/945/945 
f 944/944/944 946/946/946 945/945/945 
f 945/945/945 946/946/946 947/947/947 
f 946/946/946 947/947/947 947/947/947 
f 947/947/947 947/947/947 936/936/936 
f 947/947/947 936/936/936 936/936/936 
f 936/936/936 936/936/936 938/938/938 
f 936/936/936 948/948/948 938/938/938 
f 938/938/938 948/948/948 938/938/938 
f 948/948/948 949/949/949 938/938/938 
f 938/938/938 949/949/949 950/950/950 
f 949/949/949 951/951/951 950/950/950 
f 950/950/950 951/951/951 952/952/952 
f 951/951/951 952/952/952 952/952/952 
f 952/952/952 952/952/952 953/953/953 
f 952/952/952 953/953/953 953/953/953 
f 953/953/953 953/953/953 954/954/954 
f 953/953/953 955/955/955 954/954/954 
f 954/954/954 955/955/955 956/956/956 
f 955/955/955 957/957/957 956/956/956 
f 956/956/956 957/957/957 958/958/958 
f 957/957/957 957/957/957 958/958/958 
f 958/958/958 957/957/957 959/959/959 
f 957/957/957 960/960/960 959/959/959 
f 959/959/959 960/960/960 961/961/961 
f 960/960/960 962/962/962 961/961/961 
f 961/961/961 962/962/962 961/961/961 
f 962/962/962 963/963/963 961/961/961 
f 961/961/961 963/963/963 964/964/964 
f 963/963/963 963/963/963 964/964/964 
f 964/964/964 963/963/963 965/965/965 
f 963/963/963 966/966/966 965/965/965 
f 965/965/965 966/966/966 967/967/967 
f 966/966/966 968/968/968 967/967/967 
f 967/967/967 968/968/968 969/969/969 
f 968/968/968 970/970/970 969/969/969 
f 969/969/969 970/970/970 970/970/970 
f 970/970/970 971/971/971 970/970/970 
f 970/970/970 971/971/971 971/971/971 
f 971/971/971 972/972/972 971/971/971 
f 971/971/971 972/972/972 973/973/973 
f 972/972/972 974/974/974 973/973/973 
f 973/973/973 974/974/974 975/975/975 
f 974/974/974 976/976/976 975/975/975 
f 975/975/975 976/976/976 977/977/977 
f 976/976/976 978/978/978 977/977/977 
f 977/977/977 978/978/978 977/977/977 
f 978/978/978 979/979/979 977/977/977 
f 977/977/977 979/979/979 980/980/980 
f 979/979/979 981/981/981 980/980/980 
f 980/980/980 981/981/981 982/982/982 
f 981/981/981 983/983/983 982/982/982 
f 982/982/982 983/983/983 984/984/984 
f 983/983/983 985/985/985 984/984/984 
f 984/984/984 985/985/985 986/986/986 
f 985/985/985 985/985/985 986/986/986 
f 986/986/986 985/985/985 987/987/987 
f 985/985/985 988/988/988 987/987/987 
f 987/987/987 988/988/988 988/988/988 
f 988/988/988 989/989/989 988/988/988 
f 988/988/988 989/989/989 989/989/989 
f 989/989/989 990/990/990 989/989/989 
f 989/989/989 990/990/990 991/991/991 
f 990/990/990 990/990/990 991/991/991 
f 991/991/991 990/990/990 992/992/992 
f 990/990/990 990/990/990 992/992/992 
f 992/992/992 990/990/990 993/993/993 
f 990/990/990 994/994/994 993/993/993 
f 993/993/993 994/994/994 995/995/995 
f 994/994/994 996/996/996 995/995/995 
f 995/995/995 996/996/996 997/997/997 
f 996/996/996 998/998/998 997/997/997 
f 997/997/997 998/998/998 997/997/997 
f 998/998/998 999/999/999 997/997/997 
f 997/997/997 999/999/999 1000/1000/1000 
f 999/999/999 999/999/999 1000/1000/1000 
f 1000/1000/1000 999/999/999 1001/1001/1001 
f 999/999/999 1002/1002/1002 1001/1001/1001 
f 1001/1001/1001 1002/1002/1002 1001/1001/1001 
f 1002/1002/1002 1003/1003/1003 1001/1001/1001 
f 1001/1001/1001 1003/1003/1003 1004/1004/1004 
f 1003/1003/1003 1003/1003/1003 1004/1004/1004 
f 1004/1004/1004 1003/1003/1003 1005/1005/1005 
f 1003/1003/1003 1006/1006/1006 1005/1005/1005 
f 1005/1005/1005 1006/1006/1006 1006/1006/1006 
f 1006/1006/1006 1007/1007/1007 1006/1006/1006 
f 1006/1006/1006 1007/1007/1007 1007/1007/1007 
f 1007/1007/1007 1008/1008/1008 1007/1007/1007 
f 1007/1007/1007 1008/1008/1008 1009/1009/1009 
f 1008/1008/1008 1010/1010/1010 1009/1009/1009 
f 1009/1009/1009 1010/1010/1010 1009/1009/1009 
f 1010/1010/1010 1011/1011/1011 1009/1009/1009 
f 1009/1009/1009 1011/1011/1011 1012/1012/1012 
f 1011/1011/1011 1013/1013/1013 1012/1012/1012 
f 1012/1012/1012 1013/1013/1013 1014/1014/1014 
f 1013/1013/1013 1015/1015/1015 1014/1014/1014 
f 1014/1014/1014 1015/1015/1015 1016/1016/1016 
f 1015/1015/1015 1015/1015/1015 1016/1016/1016 
f 1016/1016/1016 1015/1015/1015 1017/1017/1017 
f 1015/1015/1015 1018/1018/1018 1017/1017/1017 
f 1017/1017/1017 1018/1018/1018 1017/1017/1017 
f 1018/1018/1018 1019/1019/1019 1017/1017/1017 
f 1017/1017/1017 1019/1019/1019 1020/1020/1020 
f 1019/1019/1019 1019/1019/1019 1020/1020/1020 
f 1020/1020/1020 1019/1019/1019 1021/1021/1021 
f 1019/1019/1019 1022/1022/1022 1021/1021/1021 
f 1021/1021/1021 1022/1022/1022 1021/1021/1021 
f 1022/1022/1022 1023/1023/1023 1021/1021/1021 
f 1021/1021/1021 1023/1023/1023 1024/1024/1024 
f 1023/1023/1023 1024/1024/1024 1024/1024/1024 
f 1024/1024/1024 1024/1024/1024 1025/1025/1025 
f 1024/1024/1024 1025/1025/1025 1025/1025/1025 
f 1025/1025/1025 1025/1025/1025 1026/1026/1026 
f 1025/1025/1025 1027/1027/1027 1026/1026/1026 
f 1026/1026/1026 1027/1027/1027 1026/1026/1026 
f 1027/1027/1027 1028/1028/1028 1026/1026/1026 
f 1026/1026/1026 1028/1028/1028 1026/1026/1026 
f 1028/1028/1028 1029/1029/1029 1026/1026/1026 
f 1026/1026/1026 1029/1029/1029 1030/1030/1030 
f 1029/1029/1029 1031/1031/1031 1030/1030/1030 
f 1030/1030/1030 1031/1031/1031 1030/1030/1030 
f 1031/1031/1031 1032/1032/1032 1030/1030/1030 
f 1030/1030/1030 1032/1032/1032 1030/1030/1030 
f 1032/1032/1032 1033/1033/1033 1030/1030/1030 
f 1030/1030/1030 1033/1033/1033 1034/1034/1034 
f 1033/1033/1033 1034/1034/1034 1034/1034/1034 
f 1034/1034/1034 1034/1034/1034 1026/1026/1026 
f 1034/1034/1034 1026/1026/1026 1026/1026/1026 
f 1026/1026/1026 1026/1026/1026 1035/1035/1035 
f 1026/1026/1026 1030/1030/1030 1035/1035/1035 
f 1035/1035/1035 1030/1030/1030 1036/1036/1036 
f 1030/1030/1030 1037/1037/1037 1036/1036/1036 
f 1036/1036/1036 1037/1037/1037 1037/1037/1037 
f 1037/1037/1037 1031/1031/1031 1037/1037/1037 
f 1037/1037/1037 1031/1031/1031 1031/1031/1031 
f 1031/1031/1031 1029/1029/1029 1031/1031/1031 
f 1031/1031/1031 1029/1029/1029 1038/1038/1038 
f 1029/1029/1029 1029/1029/1029 1038/1038/1038 
f 1038/1038/1038 1029/1029/1029 1039/1039/1039 
f 1029/1029/1029 1040/1040/1040 1039/1039/1039 
f 1039/1039/1039 1040/1040/1040 1040/1040/1040 
f 1040/1040/1040 1041/1041/1041 1040/1040/1040 
f 1040/1040/1040 1041/1041/1041 1041/1041/1041 
f 1041/1041/1041 1042/1042/1042 1041/1041/1041 
f 1041/1041/1041 1042/1042/1042 1043/1043/1043 
f 1042/1042/1042 1044/1044/1044 1043/1043/1043 
f 1043/1043/1043 1044/1044/1044 1045/1045/1045 
f 1044/1044/1044 1044/1044/1044 1045/1045/1045 
f 1045/1045/1045 1044/1044/1044 1046/1046/1046 
f 1044/1044/1044 1047/1047/1047 1046/1046/1046 
f 1046/1046/1046 1047/1047/1047 1046/1046/1046 
f 1047/1047/1047 1048/1048/1048 1046/1046/1046 
f 1046/1046/1046 1048/1048/1048 1049/1049/1049 
f 1048/1048/1048 1050/1050/1050 1049/1049/1049 
f 1049/1049/1049 1050/1050/1050 1051/1051/1051 
f 1050/1050/1050 1051/1051/1051 1051/1051/1051 
f 1051/1051/1051 1051/1051/1051 1043/1043/1043 
f 1051/1051/1051 1043/1043/1043 1043/1043/1043 
f 1043/1043/1043 1043/1043/1043 1041/1041/1041 
f 1043/1043/1043 1052/1052/1052 1041/1041/1041 
f 1041/1041/1041 1052/1052/1052 1041/1041/1041 
f 1052/1052/1052 1053/1053/1053 1041/1041/1041 
f 1041/1041/1041 1053/1053/1053 1054/1054/1054 
f 1053/1053/1053 1055/1055/1055 1054/1054/1054 
f 1054/1054/1054 1055/1055/1055 1056/1056/1056 
f 1055/1055/1055 1057/1057/1057 1056/1056/1056 
f 1056/1056/1056 1057/1057/1057 1058/1058/1058 
f 1057/1057/1057 1058/1058/1058 1058/1058/1058 
f 1058/1058/1058 1058/1058/1058 1059/1059/1059 
f 1058/1058/1058 1059/1059/1059 1059/1059/1059 
f 1059/1059/1059 1059/1059/1059 1060/1060/1060 
f 1059/1059/1059 1061/1061/1061 1060/1060/1060 
f 1060/1060/1060 1061/1061/1061 1062/1062/1062 
f 1061/1061/1061 1062/1062/1062 1062/1062/1062 
f 1062/1062/1062 1062/1062/1062 1059/1059/1059 
f 1062/1062/1062 1059/1059/1059 1059/1059/1059 
f 1059/1059/1059 1059/1059/1059 1061/1061/1061 
f 1059/1059/1059 1063/1063/1063 1061/1061/1061 
f 1061/1061/1061 1063/1063/1063 1064/1064/1064 
f 1063/1063/1063 1065/1065/1065 1064/1064/1064 
f 1064/1064/1064 1065/1065/1065 1066/1066/1066 
f 1065/1065/1065 1065/1065/1065 1066/1066/1066 
f 1066/1066/1066 1065/1065/1065 1067/1067/1067 
f 1065/1065/1065 1068/1068/1068 1067/1067/1067 
f 1067/1067/1067 1068/1068/1068 1067/1067/1067 
f 1068/1068/1068 1069/1069/1069 1067/1067/1067 
f 1067/1067/1067 1069/1069/1069 1070/1070/1070 
f 1069/1069/1069 1070/1070/1070 1070/1070/1070 
f 1070/1070/1070 1070/1070/1070 1060/1060/1060 
f 1070/1070/1070 1060/1060/1060 1060/1060/1060 
f 1060/1060/1060 1060/1060/1060 1071/1071/1071 
f 1060/1060/1060 1062/1062/1062 1071/1071/1071 
f 1071/1071/1071 1062/1062/1062 1071/1071/1071 
f 1062/1062/1062 1072/1072/1072 1071/1071/1071 
f 1071/1071/1071 1072/1072/1072 1071/1071/1071 
f 1072/1072/1072 1073/1073/1073 1071/1071/1071 
f 1071/1071/1071 1073/1073/1073 1074/1074/1074 
f 1073/1073/1073 1075/1075/1075 1074/1074/1074 
f 1074/1074/1074 1075/1075/1075 1076/1076/1076 
f 1075/1075/1075 1076/1076/1076 1076/1076/1076 
f 1076/1076/1076 1076/1076/1076 1077/1077/1077 
f 1076/1076/1076 1077/1077/1077 1077/1077/1077 
f 1077/1077/1077 1077/1077/1077 1078/1078/1078 
f 1077/1077/1077 1079/1079/1079 1078/1078/1078 
f 1078/1078/1078 1079/1079/1079 1080/1080/1080 
f 1079/1079/1079 1080/1080/1080 1080/1080/1080 
f 1080/1080/1080 1080/1080/1080 1079/1079/1079 
f 1080/1080/1080 1079/1079/1079 1079/1079/1079 
f 1079/1079/1079 1079/1079/1079 1081/1081/1081 
f 1079/1079/1079 1077/1077/1077 1081/1081/1081 
f 1081/1081/1081 1077/1077/1077 1081/1081/1081 
f 1077/1077/1077 1082/1082/1082 1081/1081/1081 
f 1081/1081/1081 1082/1082/1082 1083/1083/1083 
f 1082/1082/1082 1084/1084/1084 1083/1083/1083 
f 1083/1083/1083 1084/1084/1084 1085/1085/1085 
f 1084/1084/1084 1086/1086/1086 1085/1085/1085 
f 1085/1085/1085 1086/1086/1086 1087/1087/1087 
f 1086/1086/1086 1088/1088/1088 1087/1087/1087 
f 1087/1087/1087 1088/1088/1088 1088/1088/1088 
f 1088/1088/1088 1078/1078/1078 1088/1088/1088 
f 1088/1088/1088 1078/1078/1078 1078/1078/1078 
f 1078/1078/1078 1080/1080/1080 1078/1078/1078 
f 1078/1078/1078 1080/1080/1080 1089/1089/1089 
f 1080/1080/1080 1090/1090/1090 1089/1089/1089 
f 1089/1089/1089 1090/1090/1090 1091/1091/1091 
f 1090/1090/1090 1092/1092/1092 1091/1091/1091 
f 1091/1091/1091 1092/1092/1092 1093/1093/1093 
f 1092/1092/1092 1094/1094/1094 1093/1093/1093 
f 1093/1093/1093 1094/1094/1094 1094/1094/1094 
f 1094/1094/1094 1095/1095/1095 1094/1094/1094 
f 1094/1094/1094 1095/1095/1095 1095/1095/1095 
f 1095/1095/1095 1096/1096/1096 1095/1095/1095 
f 1095/1095/1095 1096/1096/1096 1097/1097/1097 
f 1096/1096/1096 1096/1096/1096 1097/1097/1097 
f 1097/1097/1097 1096/1096/1096 1098/1098/1098 
f 1096/1096/1096 1096/1096/1096 1098/1098/1098 
f 1098/1098/1098 1096/1096/1096 1099/1099/1099 
f 1096/1096/1096 1096/1096/1096 1099/1099/1099 
f 1099/1099/1099 1096/1096/1096 1100/1100/1100 
f 1096/1096/1096 1101/1101/1101 1100/1100/1100 
f 1100/1100/1100 1101/1101/1101 1102/1102/1102 
f 1101/1101/1101 1101/1101/1101 1102/1102/1102 
f 1102/1102/1102 1101/1101/1101 1103/1103/1103 
f 1101/1101/1101 1104/1104/1104 1103/1103/1103 
f 1103/1103/1103 1104/1104/1104 1104/1104/1104 
f 1104/1104/1104 1096/1096/1096 1104/1104/1104 
f 1104/1104/1104 1096/1096/1096 1096/1096/1096 
f 1096/1096/1096 1105/1105/1105 1096/1096/1096 
f 1096/1096/1096 1105/1105/1105 1101/1101/1101 
f 1105/1105/1105 1106/1106/1106 1101/1101/1101 
f 1101/1101/1101 1106/1106/1106 1107/1107/1107 
f 1106/1106/1106 1107/1107/1107 1107/1107/1107 
f 1107/1107/1107 1107/1107/1107 1100/1100/1100 
f 1107/1107/1107 1100/1100/1100 1100/1100/1100 
f 1100/1100/1100 1100/1100/1100 1099/1099/1099 
f 1100/1100/1100 1108/1108/1108 1099/1099/1099 
f 1099/1099/1099 1108/1108/1108 1099/1099/1099 
f 1108/1108/1108 1109/1109/1109 1099/1099/1099 
f 1099/1099/1099 1109/1109/1109 1110/1110/1110 
f 1109/1109/1109 1110/1110/1110 1110/1110/1110 
f 1110/1110/1110 1110/1110/1110 1111/1111/1111 
f 1110/1110/1110 1111/1111/1111 1111/1111/1111 
f 1111/1111/1111 1111/1111/1111 1112/1112/1112 
f 1111/1111/1111 1113/1113/1113 1112/1112/1112 
f 1112/1112/1112 1113/1113/1113 1114/1114/1114 
f 1113/1113/1113 1115/1115/1115 1114/1114/1114 
f 1114/1114/1114 1115/1115/1115 1116/1116/1116 
f 1115/1115/1115 1117/1117/1117 1116/1116/1116 
f 1116/1116/1116 1117/1117/1117 1118/1118/1118 
f 1117/1117/1117 1119/1119/1119 1118/1118/1118 
f 1118/1118/1118 1119/1119/1119 1120/1120/1120 
f 1119/1119/1119 1121/1121/1121 1120/1120/1120 
f 1120/1120/1120 1121/1121/1121 1122/1122/1122 
f 1121/1121/1121 1123/1123/1123 1122/1122/1122 
f 1122/1122/1122 1123/1123/1123 1124/1124/1124 
f 1123/1123/1123 1125/1125/1125 1124/1124/1124 
f 1124/1124/1124 1125/1125/1125 1126/1126/1126 
f 1125/1125/1125 1127/1127/1127 1126/1126/1126 
f 1126/1126/1126 1127/1127/1127 1128/1128/1128 
f 1127/1127/1127 1128/1128/1128 1128/1128/1128 
f 1128/1128/1128 1128/1128/1128 1129/1129/1129 
f 1128/1128/1128 1129/1129/1129 1129/1129/1129 
f 1129/1129/1129 1129/1129/1129 1130/1130/1130 
f 1129/1129/1129 1131/1131/1131 1130/1130/1130 
f 1130/1130/1130 1131/1131/1131 1132/1132/1132 
f 1131/1131/1131 1133/1133/1133 1132/1132/1132 
f 1132/1132/1132 1133/1133/1133 1134/1134/1134 
f 1133/1133/1133 1135/1135/1135 1134/1134/1134 
f 1134/1134/1134 1135/1135/1135 1136/1136/1136 
f 1135/1135/1135 1137/1137/1137 1136/1136/1136 
f 1136/1136/1136 1137/1137/1137 1138/1138/1138 
f 1137/1137/1137 1139/1139/1139 1138/1138/1138 
f 1138/1138/1138 1139/1139/1139 1140/1140/1140 
f 1139/1139/1139 1141/1141/1141 1140/1140/1140 
f 1140/1140/1140 1141/1141/1141 1142/1142/1142 
f 1141/1141/1141 1143/1143/1143 1142/1142/1142 
f 1142/1142/1142 1143/1143/1143 1144/1144/1144 
f 1143/1143/1143 1145/1145/1145 1144/1144/1144 
f 1144/1144/1144 1145/1145/1145 1146/1146/1146 
f 1145/1145/1145 1146/1146/1146 1146/1146/1146 
f 1146/1146/1146 1146/1146/1146 1147/1147/1147 
f 1146/1146/1146 1147/1147/1147 1147/1147/1147 
f 1147/1147/1147 1147/1147/1147 1148/1148/1148 
f 1147/1147/1147 1149/1149/1149 1148/1148/1148 
f 1148/1148/1148 1149/1149/1149 1148/1148/1148 
f 1149/1149/1149 1150/1150/1150 1148/1148/1148 
f 1148/1148/1148 1150/1150/1150 1151/1151/1151 
f 1150/1150/1150 1152/1152/1152 1151/1151/1151 
f 1151/1151/1151 1152/1152/1152 1151/1151/1151 
f 1152/1152/1152 1153/1153/1153 1151/1151/1151 
f 1151/1151/1151 1153/1153/1153 1154/1154/1154 
f 1153/1153/1153 1155/1155/1155 1154/1154/1154 
f 1154/1154/1154 1155/1155/1155 1156/1156/1156 
f 1155/1155/1155 1155/1155/1155 1156/1156/1156 
f 1156/1156/1156 1155/1155/1155 1157/1157/1157 
f 1155/1155/1155 1158/1158/1158 1157/1157/1157 
f 1157/1157/1157 1158/1158/1158 1159/1159/1159 
f 1158/1158/1158 1160/1160/1160 1159/1159/1159 
f 1159/1159/1159 1160/1160/1160 1159/1159/1159 
f 1160/1160/1160 1161/1161/1161 1159/1159/1159 
f 1159/1159/1159 1161/1161/1161 1162/1162/1162 
f 1161/1161/1161 1163/1163/1163 1162/1162/1162 
f 1162/1162/1162 1163/1163/1163 1164/1164/1164 
f 1163/1163/1163 1164/1164/1164 1164/1164/1164 
f 1164/1164/1164 1164/1164/1164 1165/1165/1165 
f 1164/1164/1164 1165/1165/1165 1165/1165/1165 
f 1165/1165/1165 1165/1165/1165 1166/1166/1166 
f 1165/1165/1165 1167/1167/1167 1166/1166/1166 
f 1166/1166/1166 1167/1167/1167 1166/1166/1166 
f 1167/1167/1167 1168/1168/1168 1166/1166/1166 
f 1166/1166/1166 1168/1168/1168 1169/1169/1169 
f 1168/1168/1168 1170/1170/1170 1169/1169/1169 
f 1169/1169/1169 1170/1170/1170 1171/1171/1171 
f 1170/1170/1170 1172/1172/1172 1171/1171/1171 
f 1171/1171/1171 1172/1172/1172 1173/1173/1173 
f 1172/1172/1172 1174/1174/1174 1173/1173/1173 
f 1173/1173/1173 1174/1174/1174 1175/1175/1175 
f 1174/1174/1174 1176/1176/1176 1175/1175/1175 
f 1175/1175/1175 1176/1176/1176 1177/1177/1177 
f 1176/1176/1176 1178/1178/1178 1177/1177/1177 
f 1177/1177/1177 1178/1178/1178 1179/1179/1179 
f 1178/1178/1178 1180/1180/1180 1179/1179/1179 
f 1179/1179/1179 1180/1180/1180 1181/1181/1181 
f 1180/1180/1180 1182/1182/1182 1181/1181/1181 
f 1181/1181/1181 1182/1182/1182 1182/1182/1182 
f 1182/1182/1182 1183/1183/1183 1182/1182/1182 
f 1182/1182/1182 1183/1183/1183 1183/1183/1183 
f 1183/1183/1183 1184/1184/1184 1183/1183/1183 
f 1183/1183/1183 1184/1184/1184 1185/1185/1185 
f 1184/1184/1184 1184/1184/1184 1185/1185/1185 
f 1185/1185/1185 1184/1184/1184 1186/1186/1186 
f 1184/1184/1184 1184/1184/1184 1186/1186/1186 
f 1186/1186/1186 1184/1184/1184 1187/1187/1187 
f 1184/1184/1184 1188/1188/1188 1187/1187/1187 
f 1187/1187/1187 1188/1188/1188 1187/1187/1187 
f 1188/1188/1188 1189/1189/1189 1187/1187/1187 
f 1187/1187/1187 1189/1189/1189 1190/1190/1190 
f 1189/1189/1189 1189/1189/1189 1190/1190/1190 
f 1190/1190/1190 1189/1189/1189 1191/1191/1191 
f 1189/1189/1189 1192/1192/1192 1191/1191/1191 
f 1191/1191/1191 1192/1192/1192 1191/1191/1191 
f 1192/1192/1192 1193/1193/1193 1191/1191/1191 
f 1191/1191/1191 1193/1193/1193 1194/1194/1194 
f 1193/1193/1193 1193/1193/1193 1194/1194/1194 
f 1194/1194/1194 1193/1193/1193 1195/1195/1195 
f 1193/1193/1193 1196/1196/1196 1195/1195/1195 
f 1195/1195/1195 1196/1196/1196 1195/1195/1195 
f 1196/1196/1196 1197/1197/1197 1195/1195/1195 
f 1195/1195/1195 1197/1197/1197 1198/1198/1198 
f 1197/1197/1197 1197/1197/1197 1198/1198/1198 
f 1198/1198/1198 1197/1197/1197 1199/1199/1199 
f 1197/1197/1197 1200/1200/1200 1199/1199/1199 
f 1199/1199/1199 1200/1200/1200 1200/1200/1200 
f 1200/1200/1200 1201/1201/1201 1200/1200/1200 
f 1200/1200/1200 1201/1201/1201 1201/1201/1201 
f 1201/1201/1201 1202/1202/1202 1201/1201/1201 
f 1201/1201/1201 1202/1202/1202 1203/1203/1203 
f 1202/1202/1202 1202/1202/1202 1203/1203/1203 
f 1203/1203/1203 1202/1202/1202 1204/1204/1204 
f 1202/1202/1202 1205/1205/1205 1204/1204/1204 
f 1204/1204/1204 1205/1205/1205 1206/1206/1206 
f 1205/1205/1205 1207/1207/1207 1206/1206/1206 
f 1206/1206/1206 1207/1207/1207 1208/1208/1208 
f 1207/1207/1207 1209/1209/1209 1208/1208/1208 
f 1208/1208/1208 1209/1209/1209 1210/1210/1210 
f 1209/1209/1209 1211/1211/1211 1210/1210/1210 
f 1210/1210/1210 1211/1211/1211 1212/1212/1212 
f 1211/1211/1211 1213/1213/1213 1212/1212/1212 
f 1212/1212/1212 1213/1213/1213 1214/1214/1214 
f 1213/1213/1213 1215/1215/1215 1214/1214/1214 
f 1214/1214/1214 1215/1215/1215 1216/1216/1216 
f 1215/1215/1215 1217/1217/1217 1216/1216/1216 
f 1216/1216/1216 1217/1217/1217 1218/1218/1218 
f 1217/1217/1217 1218/1218/1218 1218/1218/1218 
f 1218/1218/1218 1218/1218/1218 1219/1219/1219 
f 1218/1218/1218 1219/1219/1219 1219/1219/1219 
f 1219/1219/1219 1219/1219/1219 1220/1220/1220 
f 1219/1219/1219 1221/1221/1221 1220/1220/1220 
f 1220/1220/1220 1221/1221/1221 1222/1222/1222 
f 1221/1221/1221 1221/1221/1221 1222/1222/1222 
f 1222/1222/1222 1221/1221/1221 1223/1223/1223 
f 1221/1221/1221 1224/1224/1224 1223/1223/1223 
f 1223/1223/1223 1224/1224/1224 1225/1225/1225 
f 1224/1224/1224 1224/1224/1224 1225/1225/1225 
f 1225/1225/1225 1224/1224/1224 1226/1226/1226 
f 1224/1224/1224 1224/1224/1224 1226/1226/1226 
f 1226/1226/1226 1224/1224/1224 1227/1227/1227 
f 1224/1224/1224 1228/1228/1228 1227/1227/1227 
f 1227/1227/1227 1228/1228/1228 1228/1228/1228 
f 1228/1228/1228 1224/1224/1224 1228/1228/1228 
f 1228/1228/1228 1224/1224/1224 1224/1224/1224 
f 1224/1224/1224 1221/1221/1221 1224/1224/1224 
f 1224/1224/1224 1221/1221/1221 1229/1229/1229 
f 1221/1221/1221 1221/1221/1221 1229/1229/1229 
f 1229/1229/1229 1221/1221/1221 1230/1230/1230 
f 1221/1221/1221 1231/1231/1231 1230/1230/1230 
f 1230/1230/1230 1231/1231/1231 1231/1231/1231 
f 1231/1231/1231 1225/1225/1225 1231/1231/1231 
f 1231/1231/1231 1225/1225/1225 1225/1225/1225 
f 1225/1225/1225 1232/1232/1232 1225/1225/1225 
f 1225/1225/1225 1232/1232/1232 1223/1223/1223 
f 1232/1232/1232 1233/1233/1233 1223/1223/1223 
f 1223/1223/1223 1233/1233/1233 1234/1234/1234 
f 1233/1233/1233 1234/1234/1234 1234/1234/1234 
f 1234/1234/1234 1234/1234/1234 1235/1235/1235 
f 1234/1234/1234 1235/1235/1235 1235/1235/1235 
f 1235/1235/1235 1235/1235/1235 1236/1236/1236 
f 1235/1235/1235 1237/1237/1237 1236/1236/1236 
f 1236/1236/1236 1237/1237/1237 1236/1236/1236 
f 1237/1237/1237 1238/1238/1238 1236/1236/1236 
f 1236/1236/1236 1238/1238/1238 1239/1239/1239 
f 1238/1238/1238 1240/1240/1240 1239/1239/1239 
f 1239/1239/1239 1240/1240/1240 1241/1241/1241 
f 1240/1240/1240 1242/1242/1242 1241/1241/1241 
f 1241/1241/1241 1242/1242/1242 1243/1243/1243 
f 1242/1242/1242 1244/1244/1244 1243/1243/1243 
f 1243/1243/1243 1244/1244/1244 1245/1245/1245 
f 1244/1244/1244 1246/1246/1246 1245/1245/1245 
f 1245/1245/1245 1246/1246/1246 1247/1247/1247 
f 1246/1246/1246 1248/1248/1248 1247/1247/1247 
f 1247/1247/1247 1248/1248/1248 1249/1249/1249 
f 1248/1248/1248 1250/1250/1250 1249/1249/1249 
f 1249/1249/1249 1250/1250/1250 1251/1251/1251 
f 1250/1250/1250 1252/1252/1252 1251/1251/1251 
f 1251/1251/1251 1252/1252/1252 1252/1252/1252 
f 1252/1252/1252 1253/1253/1253 1252/1252/1252 
f 1252/1252/1252 1253/1253/1253 1253/1253/1253 
f 1253/1253/1253 1254/1254/1254 1253/1253/1253 
f 1253/1253/1253 1254/1254/1254 1255/1255/1255 
f 1254/1254/1254 1256/1256/1256 1255/1255/1255 
f 1255/1255/1255 1256/1256/1256 1257/1257/1257 
f 1256/1256/1256 1258/1258/1258 1257/1257/1257 
f 1257/1257/1257 1258/1258/1258 1259/1259/1259 
f 1258/1258/1258 1260/1260/1260 1259/1259/1259 
f 1259/1259/1259 1260/1260/1260 1261/1261/1261 
f 1260/1260/1260 1262/1262/1262 1261/1261/1261 
f 1261/1261/1261 1262/1262/1262 1263/1263/1263 
f 1262/1262/1262 1264/1264/1264 1263/1263/1263 
f 1263/1263/1263 1264/1264/1264 1265/1265/1265 
f 1264/1264/1264 1266/1266/1266 1265/1265/1265 
f 1265/1265/1265 1266/1266/1266 1267/1267/1267 
f 1266/1266/1266 1268/1268/1268 1267/1267/1267 
f 1267/1267/1267 1268/1268/1268 1269/1269/1269 
f 1268/1268/1268 1270/1270/1270 1269/1269/1269 
f 1269/1269/1269 1270/1270/1270 1270/1270/1270 
f 1270/1270/1270 1271/1271/1271 1270/1270/1270 
f 1270/1270/1270 1271/1271/1271 1271/1271/1271 
f 1271/1271/1271 1272/1272/1272 1271/1271/1271 
f 1271/1271/1271 1272/1272/1272 1273/1273/1273 
f 1272/1272/1272 1272/1272/1272 1273/1273/1273 
f 1273/1273/1273 1272/1272/1272 1274/1274/1274 
f 1272/1272/1272 1275/1275/1275 1274/1274/1274 
f 1274/1274/1274 1275/1275/1275 1276/1276/1276 
f 1275/1275/1275 1275/1275/1275 1276/1276/1276 
f 1276/1276/1276 1275/1275/1275 1277/1277/1277 
f 1275/1275/1275 1278/1278/1278 1277/1277/1277 
f 1277/1277/1277 1278/1278/1278 1279/1279/1279 
f 1278/1278/1278 1280/1280/1280 1279/1279/1279 
f 1279/1279/1279 1280/1280/1280 1279/1279/1279 
f 1280/1280/1280 1281/1281/1281 1279/1279/1279 
f 1279/1279/1279 1281/1281/1281 1282/1282/1282 
f 1281/1281/1281 1283/1283/1283 1282/1282/1282 
f 1282/1282/1282 1283/1283/1283 1284/1284/1284 
f 1283/1283/1283 1285/1285/1285 1284/1284/1284 
f 1284/1284/1284 1285/1285/1285 1286/1286/1286 
f 1285/1285/1285 1285/1285/1285 1286/1286/1286 
f 1286/1286/1286 1285/1285/1285 1287/1287/1287 
f 1285/1285/1285 1288/1288/1288 1287/1287/1287 
f 1287/1287/1287 1288/1288/1288 1288/1288/1288 
f 1288/1288/1288 1289/1289/1289 1288/1288/1288 
f 1288/1288/1288 1289/1289/1289 1289/1289/1289 
f 1289/1289/1289 1290/1290/1290 1289/1289/1289 
f 1289/1289/1289 1290/1290/1290 1291/1291/1291 
f 1290/1290/1290 1290/1290/1290 1291/1291/1291 
f 1291/1291/1291 1290/1290/1290 1292/1292/1292 
f 1290/1290/1290 1293/1293/1293 1292/1292/1292 
f 1292/1292/1292 1293/1293/1293 1294/1294/1294 
f 1293/1293/1293 1295/1295/1295 1294/1294/1294 
f 1294/1294/1294 1295/1295/1295 1296/1296/1296 
f 1295/1295/1295 1297/1297/1297 1296/1296/1296 
f 1296/1296/1296 1297/1297/1297 1298/1298/1298 
f 1297/1297/1297 1299/1299/1299 1298/1298/1298 
f 1298/1298/1298 1299/1299/1299 1300/1300/1300 
f 1299/1299/1299 1301/1301/1301 1300/1300/1300 
f 1300/1300/1300 1301/1301/1301 1302/1302/1302 
f 1301/1301/1301 1303/1303/1303 1302/1302/1302 
f 1302/1302/1302 1303/1303/1303 1304/1304/1304 
f 1303/1303/1303 1305/1305/1305 1304/1304/1304 
f 1304/1304/1304 1305/1305/1305 1306/1306/1306 
f 1305/1305/1305 1306/1306/1306 1306/1306/1306 
f 1306/1306/1306 1306/1306/1306 1307/1307/1307 
f 1306/1306/1306 1307/1307/1307 1307/1307/1307 
f 1307/1307/1307 1307/1307/1307 1308/1308/1308 
f 1307/1307/1307 1309/1309/1309 1308/1308/1308 
f 1308/1308/1308 1309/1309/1309 1310/1310/1310 
f 1309/1309/1309 1309/1309/1309 1310/1310/1310 
f 1310/1310/1310 1309/1309/1309 1311/1311/1311 
f 1309/1309/1309 1312/1312/1312 1311/1311/1311 
f 1311/1311/1311 1312/1312/1312 1311/1311/1311 
f 1312/1312/1312 1313/1313/1313 1311/1311/1311 
f 1311/1311/1311 1313/1313/1313 1314/1314/1314 
f 1313/1313/1313 1313/1313/1313 1314/1314/1314 
f 1314/1314/1314 1313/1313/1313 1315/1315/1315 
f 1313/1313/1313 1316/1316/1316 1315/1315/1315 
f 1315/1315/1315 1316/1316/1316 1315/1315/1315 
f 1316/1316/1316 1317/1317/1317 1315/1315/1315 
f 1315/1315/1315 1317/1317/1317 1318/1318/1318 
f 1317/1317/1317 1317/1317/1317 1318/1318/1318 
f 1318/1318/1318 1317/1317/1317 1319/1319/1319 
f 1317/1317/1317 1320/1320/1320 1319/1319/1319 
f 1319/1319/1319 1320/1320/1320 1319/1319/1319 
f 1320/1320/1320 1321/1321/1321 1319/1319/1319 
f 1319/1319/1319 1321/1321/1321 1322/1322/1322 
f 1321/1321/1321 1323/1323/1323 1322/1322/1322 
f 1322/1322/1322 1323/1323/1323 1324/1324/1324 
f 1323/1323/1323 1324/1324/1324 1324/1324/1324 
f 1324/1324/1324 1324/1324/1324 1325/1325/1325 
f 1324/1324/1324 1325/1325/1325 1325/1325/1325 
f 1325/1325/1325 1325/1325/1325 1326/1326/1326 
f 1325/1325/1325 1327/1327/1327 1326/1326/1326 
f 1326/1326/1326 1327/1327/1327 1328/1328/1328 
f 1327/1327/1327 1329/1329/1329 1328/1328/1328 
f 1328/1328/1328 1329/1329/1329 1330/1330/1330 
f 1329/1329/1329 1331/1331/1331 1330/1330/1330 
f 1330/1330/1330 1331/1331/1331 1332/1332/1332 
f 1331/1331/1331 1333/1333/1333 1332/1332/1332 
f 1332/1332/1332 1333/1333/1333 1334/1334/1334 
f 1333/1333/1333 1335/1335/1335 1334/1334/1334 
f 1334/1334/1334 1335/1335/1335 1336/1336/1336 
f 1335/1335/1335 1337/1337/1337 1336/1336/1336 
f 1336/1336/1336 1337/1337/1337 1338/1338/1338 
f 1337/1337/1337 1339/1339/1339 1338/1338/1338 
f 1338/1338/1338 1339/1339/1339 1340/1340/1340 
f 1339/1339/1339 1341/1341/1341 1340/1340/1340 
f 1340/1340/1340 1341/1341/1341 1342/1342/1342 
f 1341/1341/1341 1342/1342/1342 1342/1342/1342 
f 1342/1342/1342 1342/1342/1342 1343/1343/1343 
f 1342/1342/1342 1343/1343/1343 1343/1343/1343 
f 1343/1343/1343 1343/1343/1343 1344/1344/1344 
f 1343/1343/1343 1345/1345/1345 1344/1344/1344 
f 1344/1344/1344 1345/1345/1345 1346/1346/1346 
f 1345/1345/1345 1345/1345/1345 1346/1346/1346 
f 1346/1346/1346 1345/1345/1345 1347/1347/1347 
f 1345/1345/1345 1345/1345/1345 1347/1347/1347 
f 1347/1347/1347 1345/1345/1345 1348/1348/1348 
f 1345/1345/1345 1349/1349/1349 1348/1348/1348 
f 1348/1348/1348 1349/1349/1349 1350/1350/1350 
f 1349/1349/1349 1351/1351/1351 1350/1350/1350 
f 1350/1350/1350 1351/1351/1351 1351/1351/1351 
f 1351/1351/1351 1345/1345/1345 1351/1351/1351 
f 1351/1351/1351 1345/1345/1345 1345/1345/1345 
f 1345/1345/1345 1352/1352/1352 1345/1345/1345 
f 1345/1345/1345 1352/1352/1352 1349/1349/1349 
f 1352/1352/1352 1349/1349/1349 1349/1349/1349 
f 1349/1349/1349 1349/1349/1349 1350/1350/1350 
f 1349/1349/1349 1350/1350/1350 1350/1350/1350 
f 1350/1350/1350 1350/1350/1350 1348/1348/1348 
f 1350/1350/1350 1353/1353/1353 1348/1348/1348 
f 1348/1348/1348 1353/1353/1353 1348/1348/1348 
f 1353/1353/1353 1354/1354/1354 1348/1348/1348 
f 1348/1348/1348 1354/1354/1354 1355/1355/1355 
f 1354/1354/1354 1355/1355/1355 1355/1355/1355 
f 1355/1355/1355 1355/1355/1355 1348/1348/1348 
f 1355/1355/1355 1348/1348/1348 1348/1348/1348 
f 1348/1348/1348 1348/1348/1348 1347/1347/1347 
f 1348/1348/1348 1356/1356/1356 1347/1347/1347 
f 1347/1347/1347 1356/1356/1356 1347/1347/1347 
f 1356/1356/1356 1357/1357/1357 1347/1347/1347 
f 1347/1347/1347 1357/1357/1357 1358/1358/1358 
f 1357/1357/1357 1358/1358/1358 1358/1358/1358 
f 1358/1358/1358 1358/1358/1358 1359/1359/1359 
f 1358/1358/1358 1359/1359/1359 1359/1359/1359 
f 1359/1359/1359 1359/1359/1359 1360/1360/1360 
f 1359/1359/1359 1361/1361/1361 1360/1360/1360 
f 1360/1360/1360 1361/1361/1361 1360/1360/1360 
f 1361/1361/1361 1362/1362/1362 1360/1360/1360 
f 1360/1360/1360 1362/1362/1362 1363/1363/1363 
f 1362/1362/1362 1364/1364/1364 1363/1363/1363 
f 1363/1363/1363 1364/1364/1364 1365/1365/1365 
f 1364/1364/1364 1366/1366/1366 1365/1365/1365 
f 1365/1365/1365 1366/1366/1366 1367/1367/1367 
f 1366/1366/1366 1368/1368/1368 1367/1367/1367 
f 1367/1367/1367 1368/1368/1368 1369/1369/1369 
f 1368/1368/1368 1370/1370/1370 1369/1369/1369 
f 1369/1369/1369 1370/1370/1370 1371/1371/1371 
f 1370/1370/1370 1372/1372/1372 1371/1371/1371 
f 1371/1371/1371 1372/1372/1372 1373/1373/1373 
f 1372/1372/1372 1374/1374/1374 1373/1373/1373 
f 1373/1373/1373 1374/1374/1374 1375/1375/1375 
f 1374/1374/1374 1376/1376/1376 1375/1375/1375 
f 1375/1375/1375 1376/1376/1376 1376/1376/1376 
f 1376/1376/1376 1377/1377/1377 1376/1376/1376 
f 1376/1376/1376 1377/1377/1377 1377/1377/1377 
f 1377/1377/1377 1378/1378/1378 1377/1377/1377 
f 1377/1377/1377 1378/1378/1378 1379/1379/1379 
f 1378/1378/1378 1380/1380/1380 1379/1379/1379 
f 1379/1379/1379 1380/1380/1380 1381/1381/1381 
f 1380/1380/1380 1382/1382/1382 1381/1381/1381 
f 1381/1381/1381 1382/1382/1382 1383/1383/1383 
f 1382/1382/1382 1384/1384/1384 1383/1383/1383 
f 1383/1383/1383 1384/1384/1384 1385/1385/1385 
f 1384/1384/1384 1386/1386/1386 1385/1385/1385 
f 1385/1385/1385 1386/1386/1386 1387/1387/1387 
f 1386/1386/1386 1388/1388/1388 1387/1387/1387 
f 1387/1387/1387 1388/1388/1388 1389/1389/1389 
f 1388/1388/1388 1390/1390/1390 1389/1389/1389 
f 1389/1389/1389 1390/1390/1390 1391/1391/1391 
f 1390/1390/1390 1392/1392/1392 1391/1391/1391 
f 1391/1391/1391 1392/1392/1392 1393/1393/1393 
f 1392/1392/1392 1394/1394/1394 1393/1393/1393 
f 1393/1393/1393 1394/1394/1394 1394/1394/1394 
f 1394/1394/1394 1395/1395/1395 1394/1394/1394 
f 1394/1394/1394 1395/1395/1395 1395/1395/1395 
f 1395/1395/1395 1396/1396/1396 1395/1395/1395 
f 1395/1395/1395 1396/1396/1396 1397/1397/1397 
f 1396/1396/1396 1396/1396/1396 1397/1397/1397 
f 1397/1397/1397 1396/1396/1396 1398/1398/1398 
f 1396/1396/1396 1399/1399/1399 1398/1398/1398 
f 1398/1398/1398 1399/1399/1399 1400/1400/1400 
f 1399/1399/1399 1399/1399/1399 1400/1400/1400 
f 1400/1400/1400 1399/1399/1399 1401/1401/1401 
f 1399/1399/1399 1402/1402/1402 1401/1401/1401 
f 1401/1401/1401 1402/1402/1402 1401/1401/1401 
f 1402/1402/1402 1403/1403/1403 1401/1401/1401 
f 1401/1401/1401 1403/1403/1403 1404/1404/1404 
f 1403/1403/1403 1403/1403/1403 1404/1404/1404 
f 1404/1404/1404 1403/1403/1403 1405/1405/1405 
f 1403/1403/1403 1406/1406/1406 1405/1405/1405 
f 1405/1405/1405 1406/1406/1406 1407/1407/1407 
f 1406/1406/1406 1408/1408/1408 1407/1407/1407 
f 1407/1407/1407 1408/1408/1408 1409/1409/1409 
f 1408/1408/1408 1410/1410/1410 1409/1409/1409 
f 1409/1409/1409 1410/1410/1410 1411/1411/1411 
f 1410/1410/1410 1412/1412/1412 1411/1411/1411 
f 1411/1411/1411 1412/1412/1412 1412/1412/1412 
f 1412/1412/1412 1413/1413/1413 1412/1412/1412 
f 1412/1412/1412 1413/1413/1413 1413/1413/1413 
f 1413/1413/1413 1414/1414/1414 1413/1413/1413 
f 1413/1413/1413 1414/1414/1414 1415/1415/1415 
f 1414/1414/1414 1414/1414/1414 1415/1415/1415 
f 1415/1415/1415 1414/1414/1414 1416/1416/1416 
f 1414/1414/1414 1417/1417/1417 1416/1416/1416 
f 1416/1416/1416 1417/1417/1417 1418/1418/1418 
f 1417/1417/1417 1419/1419/1419 1418/1418/1418 
f 1418/1418/1418 1419/1419/1419 1420/1420/1420 
f 1419/1419/1419 1421/1421/1421 1420/1420/1420 
f 1420/1420/1420 1421/1421/1421 1422/1422/1422 
f 1421/1421/1421 1423/1423/1423 1422/1422/1422 
f 1422/1422/1422 1423/1423/1423 1424/1424/1424 
f 1423/1423/1423 1425/1425/1425 1424/1424/1424 
f 1424/1424/1424 1425/1425/1425 1426/1426/1426 
f 1425/1425/1425 1427/1427/1427 1426/1426/1426 
f 1426/1426/1426 1427/1427/1427 1428/1428/1428 
f 1427/1427/1427 1429/1429/1429 1428/1428/1428 
f 1428/1428/1428 1429/1429/1429 1430/1430/1430 
f 1429/1429/1429 1430/1430/1430 1430/1430/1430 
f 1430/1430/1430 1430/1430/1430 1431/1431/1431 
f 1430/1430/1430 1431/1431/1431 1431/1431/1431 
f 1431/1431/1431 1431/1431/1431 1432/1432/1432 
f 1431/1431/1431 1433/1433/1433 1432/1432/1432 
f 1432/1432/1432 1433/1433/1433 1432/1432/1432 
f 1433/1433/1433 1434/1434/1434 1432/1432/1432 
f 1432/1432/1432 1434/1434/1434 1435/1435/1435 
f 1434/1434/1434 1436/1436/1436 1435/1435/1435 
f 1435/1435/1435 1436/1436/1436 1435/1435/1435 
f 1436/1436/1436 1437/1437/1437 1435/1435/1435 
f 1435/1435/1435 1437/1437/1437 1438/1438/1438 
f 1437/1437/1437 1437/1437/1437 1438/1438/1438 
f 1438/1438/1438 1437/1437/1437 1439/1439/1439 
f 1437/1437/1437 1440/1440/1440 1439/1439/1439 
f 1439/1439/1439 1440/1440/1440 1441/1441/1441 
f 1440/1440/1440 1442/1442/1442 1441/1441/1441 
f 1441/1441/1441 1442/1442/1442 1443/1443/1443 
f 1442/1442/1442 1444/1444/1444 1443/1443/1443 
f 1443/1443/1443 1444/1444/1444 1443/1443/1443 
f 1444/1444/1444 1445/1445/1445 1443/1443/1443 
f 1443/1443/1443 1445/1445/1445 1446/1446/1446 
f 1445/1445/1445 1447/1447/1447 1446/1446/1446 
f 1446/1446/1446 1447/1447/1447 1448/1448/1448 
f 1447/1447/1447 1448/1448/1448 1448/1448/1448 
f 1448/1448/1448 1448/1448/1448 1449/1449/1449 
f 1448/1448/1448 1449/1449/1449 1449/1449/1449 
f 1449/1449/1449 1449/1449/1449 1450/1450/1450 
f 1449/1449/1449 1451/1451/1451 1450/1450/1450 
f 1450/1450/1450 1451/1451/1451 1452/1452/1452 
f 1451/1451/1451 1453/1453/1453 1452/1452/1452 
f 1452/1452/1452 1453/1453/1453 1454/1454/1454 
f 1453/1453/1453 1455/1455/1455 1454/1454/1454 
f 1454/1454/1454 1455/1455/1455 1456/1456/1456 
f 1455/1455/1455 1457/1457/1457 1456/1456/1456 
f 1456/1456/1456 1457/1457/1457 1458/1458/1458 
f 1457/1457/1457 1459/1459/1459 1458/1458/1458 
f 1458/1458/1458 1459/1459/1459 1460/1460/1460 
f 1459/1459/1459 1461/1461/1461 1460/1460/1460 
f 1460/1460/1460 1461/1461/1461 1462/1462/1462 
f 1461/1461/1461 1463/1463/1463 1462/1462/1462 
f 1462/1462/1462 1463/1463/1463 1464/1464/1464 
f 1463/1463/1463 1465/1465/1465 1464/1464/1464 
f 1464/1464/1464 1465/1465/1465 1466/1466/1466 
f 1465/1465/1465 1466/1466/1466 1466/1466/1466 
f 1466/1466/1466 1466/1466/1466 1467/1467/1467 
f 1466/1466/1466 1467/1467/1467 1467/1467/1467 
f 1467/1467/1467 1467/1467/1467 1468/1468/1468 
f 1467/1467/1467 1469/1469/1469 1468/1468/1468 
f 1468/1468/1468 1469/1469/1469 1470/1470/1470 
f 1469/1469/1469 1469/1469/1469 1470/1470/1470 
f 1470/1470/1470 1469/1469/1469 1471/1471/1471 
f 1469/1469/1469 1472/1472/1472 1471/1471/1471 
f 1471/1471/1471 1472/1472/1472 1473/1473/1473 
f 1472/1472/1472 1474/1474/1474 1473/1473/1473 
f 1473/1473/1473 1474/1474/1474 1475/1475/1475 
f 1474/1474/1474 1475/1475/1475 1475/1475/1475 
f 1475/1475/1475 1475/1475/1475 1469/1469/1469 
f 1475/1475/1475 1469/1469/1469 1469/1469/1469 
f 1469/1469/1469 1469/1469/1469 1472/1472/1472 
f 1469/1469/1469 1476/1476/1476 1472/1472/1472 
f 1472/1472/1472 1476/1476/1476 1472/1472/1472 
f 1476/1476/1476 1477/1477/1477 1472/1472/1472 
f 1472/1472/1472 1477/1477/1477 1478/1478/1478 
f 1477/1477/1477 1478/1478/1478 1478/1478/1478 
f 1478/1478/1478 1478/1478/1478 1473/1473/1473 
f 1478/1478/1478 1473/1473/1473 1473/1473/1473 
f 1473/1473/1473 1473/1473/1473 1471/1471/1471 
f 1473/1473/1473 1479/1479/1479 1471/1471/1471 
f 1471/1471/1471 1479/1479/1479 1479/1479/1479 
f 1479/1479/1479 1472/1472/1472 1479/1479/1479 
f 1479/1479/1479 1472/1472/1472 1472/1472/1472 
f 1472/1472/1472 1480/1480/1480 1472/1472/1472 
f 1472/1472/1472 1480/1480/1480 1474/1474/1474 
f 1480/1480/1480 1481/1481/1481 1474/1474/1474 
f 1474/1474/1474 1481/1481/1481 1482/1482/1482 
f 1481/1481/1481 1482/1482/1482 1482/1482/1482 
f 1482/1482/1482 1482/1482/1482 1483/1483/1483 
f 1482/1482/1482 1483/1483/1483 1483/1483/1483 
f 1483/1483/1483 1483/1483/1483 1484/1484/1484 
f 1483/1483/1483 1485/1485/1485 1484/1484/1484 
f 1484/1484/1484 1485/1485/1485 1484/1484/1484 
f 1485/1485/1485 1486/1486/1486 1484/1484/1484 
f 1484/1484/1484 1486/1486/1486 1487/1487/1487 
f 1486/1486/1486 1488/1488/1488 1487/1487/1487 
f 1487/1487/1487 1488/1488/1488 1489/1489/1489 
f 1488/1488/1488 1490/1490/1490 1489/1489/1489 
f 1489/1489/1489 1490/1490/1490 1491/1491/1491 
f 1490/1490/1490 1492/1492/1492 1491/1491/1491 
f 1491/1491/1491 1492/1492/1492 1493/1493/1493 
f 1492/1492/1492 1494/1494/1494 1493/1493/1493 
f 1493/1493/1493 1494/1494/1494 1495/1495/1495 
f 1494/1494/1494 1496/1496/1496 1495/1495/1495 
f 1495/1495/1495 1496/1496/1496 1497/1497/1497 
f 1496/1496/1496 1498/1498/1498 1497/1497/1497 
f 1497/1497/1497 1498/1498/1498 1499/1499/1499 
f 1498/1498/1498 1500/1500/1500 1499/1499/1499 
f 1499/1499/1499 1500/1500/1500 1500/1500/1500 
f 1500/1500/1500 1501/1501/1501 1500/1500/1500 
f 1500/1500/1500 1501/1501/1501 1501/1501/1501 
f 1501/1501/1501 1502/1502/1502 1501/1501/1501 
f 1501/1501/1501 1502/1502/1502 1503/1503/1503 
f 1502/1502/1502 1504/1504/1504 1503/1503/1503 
f 1503/1503/1503 1504/1504/1504 1505/1505/1505 
f 1504/1504/1504 1506/1506/1506 1505/1505/1505 
f 1505/1505/1505 1506/1506/1506 1507/1507/1507 
f 1506/1506/1506 1508/1508/1508 1507/1507/1507 
f 1507/1507/1507 1508/1508/1508 1509/1509/1509 
f 1508/1508/1508 1510/1510/1510 1509/1509/1509 
f 1509/1509/1509 1510/1510/1510 1511/1511/1511 
f 1510/1510/1510 1512/1512/1512 1511/1511/1511 
f 1511/1511/1511 1512/1512/1512 1513/1513/1513 
f 1512/1512/1512 1514/1514/1514 1513/1513/1513 
f 1513/1513/1513 1514/1514/1514 1515/1515/1515 
f 1514/1514/1514 1516/1516/1516 1515/1515/1515 
f 1515/1515/1515 1516/1516/1516 1517/1517/1517 
f 1516/1516/1516 1518/1518/1518 1517/1517/1517 
f 1517/1517/1517 1518/1518/1518 1518/1518/1518 
f 1518/1518/1518 1519/1519/1519 1518/1518/1518 
f 1518/1518/1518 1519/1519/1519 1519/1519/1519 
f 1519/1519/1519 1520/1520/1520 1519/1519/1519 
f 1519/1519/1519 1520/1520/1520 1521/1521/1521 
f 1520/1520/1520 1520/1520/1520 1521/1521/1521 
f 1521/1521/1521 1520/1520/1520 1522/1522/1522 
f 1520/1520/1520 1520/1520/1520 1522/1522/1522 
f 1522/1522/1522 1520/1520/1520 1523/1523/1523 
f 1520/1520/1520 1524/1524/1524 1523/1523/1523 
f 1523/1523/1523 1524/1524/1524 1523/1523/1523 
f 1524/1524/1524 1525/1525/1525 1523/1523/1523 
f 1523/1523/1523 1525/1525/1525 1526/1526/1526 
f 1525/1525/1525 1527/1527/1527 1526/1526/1526 
f 1526/1526/1526 1527/1527/1527 1528/1528/1528 
f 1527/1527/1527 1529/1529/1529 1528/1528/1528 
f 1528/1528/1528 1529/1529/1529 1530/1530/1530 
f 1529/1529/1529 1531/1531/1531 1530/1530/1530 
f 1530/1530/1530 1531/1531/1531 1532/1532/1532 
f 1531/1531/1531 1531/1531/1531 1532/1532/1532 
f 1532/1532/1532 1531/1531/1531 1533/1533/1533 
f 1531/1531/1531 1534/1534/1534 1533/1533/1533 
f 1533/1533/1533 1534/1534/1534 1533/1533/1533 
f 1534/1534/1534 1535/1535/1535 1533/1533/1533 
f 1533/1533/1533 1535/1535/1535 1536/1536/1536 
f 1535/1535/1535 1536/1536/1536 1536/1536/1536 
f 1536/1536/1536 1536/1536/1536 1537/1537/1537 
f 1536/1536/1536 1537/1537/1537 1537/1537/1537 
f 1537/1537/1537 1537/1537/1537 1538/1538/1538 
f 1537/1537/1537 1539/1539/1539 1538/1538/1538 
f 1538/1538/1538 1539/1539/1539 1540/1540/1540 
f 1539/1539/1539 1541/1541/1541 1540/1540/1540 
f 1540/1540/1540 1541/1541/1541 1542/1542/1542 
f 1541/1541/1541 1543/1543/1543 1542/1542/1542 
f 1542/1542/1542 1543/1543/1543 1544/1544/1544 
f 1543/1543/1543 1545/1545/1545 1544/1544/1544 
f 1544/1544/1544 1545/1545/1545 1546/1546/1546 
f 1545/1545/1545 1547/1547/1547 1546/1546/1546 
f 1546/1546/1546 1547/1547/1547 1548/1548/1548 
f 1547/1547/1547 1549/1549/1549 1548/1548/1548 
f 1548/1548/1548 1549/1549/1549 1550/1550/1550 
f 1549/1549/1549 1551/1551/1551 1550/1550/1550 
f 1550/1550/1550 1551/1551/1551 1552/1552/1552 
f 1551/1551/1551 1553/1553/1553 1552/1552/1552 
f 1552/1552/1552 1553/1553/1553 1554/1554/1554 
f 1553/1553/1553 1554/1554/1554 1554/1554/1554 
f 1554/1554/1554 1554/1554/1554 1555/1555/1555 
f 1554/1554/1554 1555/1555/1555 1555/1555/1555 
f 1555/1555/1555 1555/1555/1555 1556/1556/1556 
f 1555/1555/1555 1557/1557/1557 1556/1556/1556 
f 1556/1556/1556 1557/1557/1557 1556/1556/1556 
f 1557/1557/1557 1558/1558/1558 1556/1556/1556 
f 1556/1556/1556 1558/1558/1558 1559/1559/1559 
f 1558/1558/1558 1560/1560/1560 1559/1559/1559 
f 1559/1559/1559 1560/1560/1560 1561/1561/1561 
f 1560/1560/1560 1562/1562/1562 1561/1561/1561 
f 1561/1561/1561 1562/1562/1562 1561/1561/1561 
f 1562/1562/1562 1563/1563/1563 1561/1561/1561 
f 1561/1561/1561 1563/1563/1563 1564/1564/1564 
f 1563/1563/1563 1565/1565/1565 1564/1564/1564 
f 1564/1564/1564 1565/1565/1565 1566/1566/1566 
f 1565/1565/1565 1567/1567/1567 1566/1566/1566 
f 1566/1566/1566 1567/1567/1567 1568/1568/1568 
f 1567/1567/1567 1567/1567/1567 1568/1568/1568 
f 1568/1568/1568 1567/1567/1567 1569/1569/1569 
f 1567/1567/1567 1570/1570/1570 1569/1569/1569 
f 1569/1569/1569 1570/1570/1570 1571/1571/1571 
f 1570/1570/1570 1572/1572/1572 1571/1571/1571 
f 1571/1571/1571 1572/1572/1572 1572/1572/1572 
f 1572/1572/1572 1573/1573/1573 1572/1572/1572 
f 1572/1572/1572 1573/1573/1573 1573/1573/1573 
f 1573/1573/1573 1574/1574/1574 1573/1573/1573 
f 1573/1573/1573 1574/1574/1574 1575/1575/1575 
f 1574/1574/1574 1576/1576/1576 1575/1575/1575 
f 1575/1575/1575 1576/1576/1576 1576/1576/1576 
f 1576/1576/1576 1574/1574/1574 1576/1576/1576 
f 1576/1576/1576 1574/1574/1574 1574/1574/1574 
f 1574/1574/1574 1573/1573/1573 1574/1574/1574 
f 1574/1574/1574 1573/1573/1573 1577/1577/1577 
f 1573/1573/1573 1573/1573/1573 1577/1577/1577 
f 1577/1577/1577 1573/1573/1573 1578/1578/1578 
f 1573/1573/1573 1579/1579/1579 1578/1578/1578 
f 1578/1578/1578 1579/1579/1579 1580/1580/1580 
f 1579/1579/1579 1581/1581/1581 1580/1580/1580 
f 1580/1580/1580 1581/1581/1581 1582/1582/1582 
f 1581/1581/1581 1583/1583/1583 1582/1582/1582 
f 1582/1582/1582 1583/1583/1583 1584/1584/1584 
f 1583/1583/1583 1585/1585/1585 1584/1584/1584 
f 1584/1584/1584 1585/1585/1585 1585/1585/1585 
f 1585/1585/1585 1574/1574/1574 1585/1585/1585 
f 1585/1585/1585 1574/1574/1574 1574/1574/1574 
f 1574/1574/1574 1586/1586/1586 1574/1574/1574 
f 1574/1574/1574 1586/1586/1586 1576/1576/1576 
f 1586/1586/1586 1587/1587/1587 1576/1576/1576 
f 1576/1576/1576 1587/1587/1587 1588/1588/1588 
f 1587/1587/1587 1589/1589/1589 1588/1588/1588 
f 1588/1588/1588 1589/1589/1589 1590/1590/1590 
f 1589/1589/1589 1590/1590/1590 1590/1590/1590 
f 1590/1590/1590 1590/1590/1590 1591/1591/1591 
f 1590/1590/1590 1591/1591/1591 1591/1591/1591 
f 1591/1591/1591 1591/1591/1591 1592/1592/1592 
f 1591/1591/1591 1593/1593/1593 1592/1592/1592 
f 1592/1592/1592 1593/1593/1593 1594/1594/1594 
f 1593/1593/1593 1593/1593/1593 1594/1594/1594 
f 1594/1594/1594 1593/1593/1593 1595/1595/1595 
f 1593/1593/1593 1593/1593/1593 1595/1595/1595 
f 1595/1595/1595 1593/1593/1593 1596/1596/1596 
f 1593/1593/1593 1597/1597/1597 1596/1596/1596 
f 1596/1596/1596 1597/1597/1597 1596/1596/1596 
f 1597/1597/1597 1598/1598/1598 1596/1596/1596 
f 1596/1596/1596 1598/1598/1598 1596/1596/1596 
f 1598/1598/1598 1599/1599/1599 1596/1596/1596 
f 1596/1596/1596 1599/1599/1599 1600/1600/1600 
f 1599/1599/1599 1600/1600/1600 1600/1600/1600 
f 1600/1600/1600 1600/1600/1600 1593/1593/1593 
f 1600/1600/1600 1593/1593/1593 1593/1593/1593 
f 1593/1593/1593 1593/1593/1593 1597/1597/1597 
f 1593/1593/1593 1601/1601/1601 1597/1597/1597 
f 1597/1597/1597 1601/1601/1601 1597/1597/1597 
f 1601/1601/1601 1602/1602/1602 1597/1597/1597 
f 1597/1597/1597 1602/1602/1602 1603/1603/1603 
f 1602/1602/1602 1603/1603/1603 1603/1603/1603 
f 1603/1603/1603 1603/1603/1603 1595/1595/1595 
f 1603/1603/1603 1595/1595/1595 1595/1595/1595 
f 1595/1595/1595 1595/1595/1595 1604/1604/1604 
f 1595/1595/1595 1596/1596/1596 1604/1604/1604 
f 1604/1604/1604 1596/1596/1596 1605/1605/1605 
f 1596/1596/1596 1606/1606/1606 1605/1605/1605 
f 1605/1605/1605 1606/1606/1606 1606/1606/1606 
f 1606/1606/1606 1607/1607/1607 1606/1606/1606 
f 1606/1606/1606 1607/1607/1607 1607/1607/1607 
f 1607/1607/1607 1608/1608/1608 1607/1607/1607 
f 1607/1607/1607 1608/1608/1608 1609/1609/1609 
f 1608/1608/1608 1608/1608/1608 1609/1609/1609 
f 1609/1609/1609 1608/1608/1608 1610/1610/1610 
f 1608/1608/1608 1611/1611/1611 1610/1610/1610 
f 1610/1610/1610 1611/1611/1611 1612/1612/1612 
f 1611/1611/1611 1613/1613/1613 1612/1612/1612 
f 1612/1612/1612 1613/1613/1613 1614/1614/1614 
f 1613/1613/1613 1615/1615/1615 1614/1614/1614 
f 1614/1614/1614 1615/1615/1615 1616/1616/1616 
f 1615/1615/1615 1615/1615/1615 1616/1616/1616 
f 1616/1616/1616 1615/1615/1615 1617/1617/1617 
f 1615/1615/1615 1618/1618/1618 1617/1617/1617 
f 1617/1617/1617 1618/1618/1618 1617/1617/1617 
f 1618/1618/1618 1619/1619/1619 1617/1617/1617 
f 1617/1617/1617 1619/1619/1619 1620/1620/1620 
f 1619/1619/1619 1621/1621/1621 1620/1620/1620 
f 1620/1620/1620 1621/1621/1621 1622/1622/1622 
f 1621/1621/1621 1621/1621/1621 1622/1622/1622 
f 1622/1622/1622 1621/1621/1621 1623/1623/1623 
f 1621/1621/1621 1624/1624/1624 1623/1623/1623 
f 1623/1623/1623 1624/1624/1624 1624/1624/1624 
f 1624/1624/1624 1625/1625/1625 1624/1624/1624 
f 1624/1624/1624 1625/1625/1625 1625/1625/1625 
f 1625/1625/1625 1626/1626/1626 1625/1625/1625 
f 1625/1625/1625 1626/1626/1626 1627/1627/1627 
f 1626/1626/1626 1626/1626/1626 1627/1627/1627 
f 1627/1627/1627 1626/1626/1626 1628/1628/1628 
f 1626/1626/1626 1626/1626/1626 1628/1628/1628 
f 1628/1628/1628 1626/1626/1626 1629/1629/1629 
f 1626/1626/1626 1630/1630/1630 1629/1629/1629 
f 1629/1629/1629 1630/1630/1630 1631/1631/1631 
f 1630/1630/1630 1632/1632/1632 1631/1631/1631 
f 1631/1631/1631 1632/1632/1632 1631/1631/1631 
f 1632/1632/1632 1633/1633/1633 1631/1631/1631 
f 1631/1631/1631 1633/1633/1633 1634/1634/1634 
f 1633/1633/1633 1633/1633/1633 1634/1634/1634 
f 1634/1634/1634 1633/1633/1633 1635/1635/1635 
f 1633/1633/1633 1636/1636/1636 1635/1635/1635 
f 1635/1635/1635 1636/1636/1636 1635/1635/1635 
f 1636/1636/1636 1637/1637/1637 1635/1635/1635 
f 1635/1635/1635 1637/1637/1637 1638/1638/1638 
f 1637/1637/1637 1637/1637/1637 1638/1638/1638 
f 1638/1638/1638 1637/1637/1637 1639/1639/1639 
f 1637/1637/1637 1640/1640/1640 1639/1639/1639 
f 1639/1639/1639 1640/1640/1640 1641/1641/1641 
f 1640/1640/1640 1642/1642/1642 1641/1641/1641 
f 1641/1641/1641 1642/1642/1642 1642/1642/1642 
f 1642/1642/1642 1643/1643/1643 1642/1642/1642 
f 1642/1642/1642 1643/1643/1643 1643/1643/1643 
f 1643/1643/1643 1644/1644/1644 1643/1643/1643 
f 1643/1643/1643 1644/1644/1644 1645/1645/1645 
f 1644/1644/1644 1644/1644/1644 1645/1645/1645 
f 1645/1645/1645 1644/1644/1644 1646/1646/1646 
f 1644/1644/1644 1647/1647/1647 1646/1646/1646 
f 1646/1646/1646 1647/1647/1647 1648/1648/1648 
f 1647/1647/1647 1649/1649/1649 1648/1648/1648 
f 1648/1648/1648 1649/1649/1649 1650/1650/1650 
f 1649/1649/1649 1649/1649/1649 1650/1650/1650 
f 1650/1650/1650 1649/1649/1649 1651/1651/1651 
f 1649/1649/1649 1652/1652/1652 1651/1651/1651 
f 1651/1651/1651 1652/1652/1652 1651/1651/1651 
f 1652/1652/1652 1653/1653/1653 1651/1651/1651 
f 1651/1651/1651 1653/1653/1653 1654/1654/1654 
f 1653/1653/1653 1655/1655/1655 1654/1654/1654 
f 1654/1654/1654 1655/1655/1655 1656/1656/1656 
f 1655/1655/1655 1657/1657/1657 1656/1656/1656 
f 1656/1656/1656 1657/1657/1657 1658/1658/1658 
f 1657/1657/1657 1659/1659/1659 1658/1658/1658 
f 1658/1658/1658 1659/1659/1659 1660/1660/1660 
f 1659/1659/1659 1660/1660/1660 1660/1660/1660 
f 1660/1660/1660 1660/1660/1660 1661/1661/1661 
f 1660/1660/1660 1661/1661/1661 1661/1661/1661 
f 1661/1661/1661 1661/1661/1661 1662/1662/1662 
f 1661/1661/1661 1663/1663/1663 1662/1662/1662 
f 1662/1662/1662 1663/1663/1663 1662/1662/1662 
f 1663/1663/1663 1664/1664/1664 1662/1662/1662 
f 1662/1662/1662 1664/1664/1664 1665/1665/1665 
f 1664/1664/1664 1666/1666/1666 1665/1665/1665 
f 1665/1665/1665 1666/1666/1666 1667/1667/1667 
f 1666/1666/1666 1668/1668/1668 1667/1667/1667 
f 1667/1667/1667 1668/1668/1668 1669/1669/1669 
f 1668/1668/1668 1670/1670/1670 1669/1669/1669 
f 1669/1669/1669 1670/1670/1670 1669/1669/1669 
f 1670/1670/1670 1671/1671/1671 1669/1669/1669 
f 1669/1669/1669 1671/1671/1671 1672/1672/1672 
f 1671/1671/1671 1671/1671/1671 1672/1672/1672 
f 1672/1672/1672 1671/1671/1671 1673/1673/1673 
f 1671/1671/1671 1674/1674/1674 1673/1673/1673 
f 1673/1673/1673 1674/1674/1674 1675/1675/1675 
f 1674/1674/1674 1676/1676/1676 1675/1675/1675 
f 1675/1675/1675 1676/1676/1676 1677/1677/1677 
f 1676/1676/1676 1678/1678/1678 1677/1677/1677 
f 1677/1677/1677 1678/1678/1678 1678/1678/1678 
f 1678/1678/1678 1679/1679/1679 1678/1678/1678 
f 1678/1678/1678 1679/1679/1679 1679/1679/1679 
f 1679/1679/1679 1680/1680/1680 1679/1679/1679 
f 1679/1679/1679 1680/1680/1680 1681/1681/1681 
f 1680/1680/1680 1682/1682/1682 1681/1681/1681 
f 1681/1681/1681 1682/1682/1682 1682/1682/1682 
f 1682/1682/1682 1679/1679/1679 1682/1682/1682 
f 1682/1682/1682 1679/1679/1679 1679/1679/1679 
f 1679/1679/1679 1683/1683/1683 1679/1679/1679 
f 1679/1679/1679 1683/1683/1683 1680/1680/1680 
f 1683/1683/1683 1683/1683/1683 1680/1680/1680 
f 1680/1680/1680 1683/1683/1683 1684/1684/1684 
f 1683/1683/1683 1685/1685/1685 1684/1684/1684 
f 1684/1684/1684 1685/1685/1685 1686/1686/1686 
f 1685/1685/1685 1685/1685/1685 1686/1686/1686 
f 1686/1686/1686 1685/1685/1685 1687/1687/1687 
f 1685/1685/1685 1688/1688/1688 1687/1687/1687 
f 1687/1687/1687 1688/1688/1688 1689/1689/1689 
f 1688/1688/1688 1690/1690/1690 1689/1689/1689 
f 1689/1689/1689 1690/1690/1690 1690/1690/1690 
f 1690/1690/1690 1681/1681/1681 1690/1690/1690 
f 1690/1690/1690 1681/1681/1681 1681/1681/1681 
f 1681/1681/1681 1682/1682/1682 1681/1681/1681 
f 1681/1681/1681 1682/1682/1682 1691/1691/1691 
f 1682/1682/1682 1692/1692/1692 1691/1691/1691 
f 1691/1691/1691 1692/1692/1692 1691/1691/1691 
f 1692/1692/1692 1693/1693/1693 1691/1691/1691 
f 1691/1691/1691 1693/1693/1693 1694/1694/1694 
f 1693/1693/1693 1695/1695/1695 1694/1694/1694 
f 1694/1694/1694 1695/1695/1695 1696/1696/1696 
f 1695/1695/1695 1696/1696/1696 1696/1696/1696 
f 1696/1696/1696 1696/1696/1696 1697/1697/1697 
f 1696/1696/1696 1697/1697/1697 1697/1697/1697 
f 1697/1697/1697 1697/1697/1697 1698/1698/1698 
f 1697/1697/1697 1699/1699/1699 1698/1698/1698 
f 1698/1698/1698 1699/1699/1699 1700/1700/1700 
f 1699/1699/1699 1700/1700/1700 1700/1700/1700 
f 1700/1700/1700 1700/1700/1700 1699/1699/1699 
f 1700/1700/1700 1699/1699/1699 1699/1699/1699 
f 1699/1699/1699 1699/1699/1699 1701/1701/1701 
f 1699/1699/1699 1697/1697/1697 1701/1701/1701 
f 1701/1701/1701 1697/1697/1697 1701/1701/1701 
f 1697/1697/1697 1702/1702/1702 1701/1701/1701 
f 1701/1701/1701 1702/1702/1702 1703/1703/1703 
f 1702/1702/1702 1704/1704/1704 1703/1703/1703 
f 1703/1703/1703 1704/1704/1704 1705/1705/1705 
f 1704/1704/1704 1706/1706/1706 1705/1705/1705 
f 1705/1705/1705 1706/1706/1706 1707/1707/1707 
f 1706/1706/1706 1708/1708/1708 1707/1707/1707 
f 1707/1707/1707 1708/1708/1708 1708/1708/1708 
f 1708/1708/1708 1698/1698/1698 1708/1708/1708 
f 1708/1708/1708 1698/1698/1698 1698/1698/1698 
f 1698/1698/1698 1700/1700/1700 1698/1698/1698 
f 1698/1698/1698 1700/1700/1700 1709/1709/1709 
f 1700/1700/1700 1710/1710/1710 1709/1709/1709 
f 1709/1709/1709 1710/1710/1710 1711/1711/1711 
f 1710/1710/1710 1712/1712/1712 1711/1711/1711 
f 1711/1711/1711 1712/1712/1712 1713/1713/1713 
f 1712/1712/1712 1714/1714/1714 1713/1713/1713 
f 1713/1713/1713 1714/1714/1714 1714/1714/1714 
f 1714/1714/1714 1715/1715/1715 1714/1714/1714 
f 1714/1714/1714 1715/1715/1715 1715/1715/1715 
f 1715/1715/1715 1716/1716/1716 1715/1715/1715 
f 1715/1715/1715 1716/1716/1716 1717/1717/1717 
f 1716/1716/1716 1716/1716/1716 1717/1717/1717 
f 1717/1717/1717 1716/1716/1716 1718/1718/1718 
f 1716/1716/1716 1716/1716/1716 1718/1718/1718 
f 1718/1718/1718 1716/1716/1716 1719/1719/1719 
f 1716/1716/1716 1720/1720/1720 1719/1719/1719 
f 1719/1719/1719 1720/1720/1720 1721/1721/1721 
f 1720/1720/1720 1722/1722/1722 1721/1721/1721 
f 1721/1721/1721 1722/1722/1722 1721/1721/1721 
f 1722/1722/1722 1723/1723/1723 1721/1721/1721 
f 1721/1721/1721 1723/1723/1723 1724/1724/1724 
f 1723/1723/1723 1724/1724/1724 1724/1724/1724 
f 1724/1724/1724 1724/1724/1724 1725/1725/1725 
f 1724/1724/1724 1725/1725/1725 1725/1725/1725 
f 1725/1725/1725 1725/1725/1725 1716/1716/1716 
f 1725/1725/1725 1726/1726/1726 1716/1716/1716 
f 1716/1716/1716 1726/1726/1726 1720/1720/1720 
f 1726/1726/1726 1727/1727/1727 1720/1720/1720 
f 1720/1720/1720 1727/1727/1727 1727/1727/1727 
f 1727/1727/1727 1719/1719/1719 1727/1727/1727 
f 1727/1727/1727 1719/1719/1719 1719/1719/1719 
f 1719/1719/1719 1721/1721/1721 1719/1719/1719 
f 1719/1719/1719 1721/1721/1721 1728/1728/1728 
f 1721/1721/1721 1721/1721/1721 1728/1728/1728 
f 1728/1728/1728 1721/1721/1721 1729/1729/1729 
f 1721/1721/1721 1730/1730/1730 1729/1729/1729 
f 1729/1729/1729 1730/1730/1730 1730/1730/1730 
f 1730/1730/1730 1731/1731/1731 1730/1730/1730 
f 1730/1730/1730 1731/1731/1731 1731/1731/1731 
f 1731/1731/1731 1732/1732/1732 1731/1731/1731 
f 1731/1731/1731 1732/1732/1732 1733/1733/1733 
f 1732/1732/1732 1732/1732/1732 1733/1733/1733 
f 1733/1733/1733 1732/1732/1732 1734/1734/1734 
f 1732/1732/1732 1735/1735/1735 1734/1734/1734 
f 1734/1734/1734 1735/1735/1735 1736/1736/1736 
f 1735/1735/1735 1737/1737/1737 1736/1736/1736 
f 1736/1736/1736 1737/1737/1737 1738/1738/1738 
f 1737/1737/1737 1739/1739/1739 1738/1738/1738 
f 1738/1738/1738 1739/1739/1739 1740/1740/1740 
f 1739/1739/1739 1741/1741/1741 1740/1740/1740 
f 1740/1740/1740 1741/1741/1741 1742/1742/1742 
f 1741/1741/1741 1743/1743/1743 1742/1742/1742 
f 1742/1742/1742 1743/1743/1743 1744/1744/1744 
f 1743/1743/1743 1745/1745/1745 1744/1744/1744 
f 1744/1744/1744 1745/1745/1745 1746/1746/1746 
f 1745/1745/1745 1747/1747/1747 1746/1746/1746 
f 1746/1746/1746 1747/1747/1747 1748/1748/1748 
f 1747/1747/1747 1748/1748/1748 1748/1748/1748 
f 1748/1748/1748 1748/1748/1748 1749/1749/1749 
f 1748/1748/1748 1749/1749/1749 1749/1749/1749 
f 1749/1749/1749 1749/1749/1749 1750/1750/1750 
f 1749/1749/1749 1751/1751/1751 1750/1750/1750 
f 1750/1750/1750 1751/1751/1751 1752/1752/1752 
f 1751/1751/1751 1753/1753/1753 1752/1752/1752 
f 1752/1752/1752 1753/1753/1753 1754/1754/1754 
f 1753/1753/1753 1755/1755/1755 1754/1754/1754 
f 1754/1754/1754 1755/1755/1755 1756/1756/1756 
f 1755/1755/1755 1757/1757/1757 1756/1756/1756 
f 1756/1756/1756 1757/1757/1757 1758/1758/1758 
f 1757/1757/1757 1759/1759/1759 1758/1758/1758 
f 1758/1758/1758 1759/1759/1759 1760/1760/1760 
f 1759/1759/1759 1761/1761/1761 1760/1760/1760 
f 1760/1760/1760 1761/1761/1761 1762/1762/1762 
f 1761/1761/1761 1763/1763/1763 1762/1762/1762 
f 1762/1762/1762 1763/1763/1763 1764/1764/1764 
f 1763/1763/1763 1765/1765/1765 1764/1764/1764 
f 1764/1764/1764 1765/1765/1765 1766/1766/1766 
f 1765/1765/1765 1766/1766/1766 1766/1766/1766 
f 1766/1766/1766 1766/1766/1766 1767/1767/1767 
f 1766/1766/1766 1767/1767/1767 1767/1767/1767 
f 1767/1767/1767 1767/1767/1767 1768/1768/1768 
f 1767/1767/1767 1769/1769/1769 1768/1768/1768 
f 1768/1768/1768 1769/1769/1769 1768/1768/1768 
f 1769/1769/1769 1770/1770/1770 1768/1768/1768 
f 1768/1768/1768 1770/1770/1770 1771/1771/1771 
f 1770/1770/1770 1772/1772/1772 1771/1771/1771 
f 1771/1771/1771 1772/1772/1772 1771/1771/1771 
f 1772/1772/1772 1773/1773/1773 1771/1771/1771 
f 1771/1771/1771 1773/1773/1773 1774/1774/1774 
f 1773/1773/1773 1775/1775/1775 1774/1774/1774 
f 1774/1774/1774 1775/1775/1775 1776/1776/1776 
f 1775/1775/1775 1775/1775/1775 1776/1776/1776 
f 1776/1776/1776 1775/1775/1775 1777/1777/1777 
f 1775/1775/1775 1778/1778/1778 1777/1777/1777 
f 1777/1777/1777 1778/1778/1778 1779/1779/1779 
f 1778/1778/1778 1780/1780/1780 1779/1779/1779 
f 1779/1779/1779 1780/1780/1780 1781/1781/1781 
f 1780/1780/1780 1782/1782/1782 1781/1781/1781 
f 1781/1781/1781 1782/1782/1782 1781/1781/1781 
f 1782/1782/1782 1783/1783/1783 1781/1781/1781 
f 1781/1781/1781 1783/1783/1783 1784/1784/1784 
f 1783/1783/1783 1784/1784/1784 1784/1784/1784 
f 1784/1784/1784 1784/1784/1784 1785/1785/1785 
f 1784/1784/1784 1785/1785/1785 1785/1785/1785 
f 1785/1785/1785 1785/1785/1785 1786/1786/1786 
f 1785/1785/1785 1787/1787/1787 1786/1786/1786 
f 1786/1786/1786 1787/1787/1787 1786/1786/1786 
f 1787/1787/1787 1788/1788/1788 1786/1786/1786 
f 1786/1786/1786 1788/1788/1788 1789/1789/1789 
f 1788/1788/1788 1790/1790/1790 1789/1789/1789 
f 1789/1789/1789 1790/1790/1790 1791/1791/1791 
f 1790/1790/1790 1792/1792/1792 1791/1791/1791 
f 1791/1791/1791 1792/1792/1792 1793/1793/1793 
f 1792/1792/1792 1794/1794/1794 1793/1793/1793 
f 1793/1793/1793 1794/1794/1794 1795/1795/1795 
f 1794/1794/1794 1796/1796/1796 1795/1795/1795 
f 1795/1795/1795 1796/1796/1796 1797/1797/1797 
f 1796/1796/1796 1798/1798/1798 1797/1797/1797 
f 1797/1797/1797 1798/1798/1798 1799/1799/1799 
f 1798/1798/1798 1800/1800/1800 1799/1799/1799 
f 1799/1799/1799 1800/1800/1800 1801/1801/1801 
f 1800/1800/1800 1802/1802/1802 1801/1801/1801 
f 1801/1801/1801 1802/1802/1802 1802/1802/1802 
f 1802/1802/1802 1803/1803/1803 1802/1802/1802 
f 1802/1802/1802 1803/1803/1803 1803/1803/1803 
f 1803/1803/1803 1804/1804/1804 1803/1803/1803 
f 1803/1803/1803 1804/1804/1804 1805/1805/1805 
f 1804/1804/1804 1804/1804/1804 1805/1805/1805 
f 1805/1805/1805 1804/1804/1804 1806/1806/1806 
f 1804/1804/1804 1807/1807/1807 1806/1806/1806 
f 1806/1806/1806 1807/1807/1807 1806/1806/1806 
f 1807/1807/1807 1808/1808/1808 1806/1806/1806 
f 1806/1806/1806 1808/1808/1808 1809/1809/1809 
f 1808/1808/1808 1808/1808/1808 1809/1809/1809 
f 1809/1809/1809 1808/1808/1808 1810/1810/1810 
f 1808/1808/1808 1811/1811/1811 1810/1810/1810 
f 1810/1810/1810 1811/1811/1811 1810/1810/1810 
f 1811/1811/1811 1812/1812/1812 1810/1810/1810 
f 1810/1810/1810 1812/1812/1812 1813/1813/1813 
f 1812/1812/1812 1813/1813/1813 1813/1813/1813 
f 1813/1813/1813 1813/1813/1813 1804/1804/1804 
f 1813/1813/1813 1804/1804/1804 1804/1804/1804 
f 1804/1804/1804 1804/1804/1804 1814/1814/1814 
f 1804/1804/1804 1803/1803/1803 1814/1814/1814 
f 1814/1814/1814 1803/1803/1803 1815/1815/1815 
f 1803/1803/1803 1816/1816/1816 1815/1815/1815 
f 1815/1815/1815 1816/1816/1816 1815/1815/1815 
f 1816/1816/1816 1817/1817/1817 1815/1815/1815 
f 1815/1815/1815 1817/1817/1817 1818/1818/1818 
f 1817/1817/1817 1817/1817/1817 1818/1818/1818 
f 1818/1818/1818 1817/1817/1817 1819/1819/1819 
f 1817/1817/1817 1820/1820/1820 1819/1819/1819 
f 1819/1819/1819 1820/1820/1820 1820/1820/1820 
f 1820/1820/1820 1821/1821/1821 1820/1820/1820 
f 1820/1820/1820 1821/1821/1821 1821/1821/1821 
f 1821/1821/1821 1822/1822/1822 1821/1821/1821 
f 1821/1821/1821 1822/1822/1822 1823/1823/1823 
f 1822/1822/1822 1824/1824/1824 1823/1823/1823 
f 1823/1823/1823 1824/1824/1824 1824/1824/1824 
f 1824/1824/1824 1822/1822/1822 1824/1824/1824 
f 1824/1824/1824 1822/1822/1822 1822/1822/1822 
f 1822/1822/1822 1821/1821/1821 1822/1822/1822 
f 1822/1822/1822 1821/1821/1821 1825/1825/1825 
f 1821/1821/1821 1826/1826/1826 1825/1825/1825 
f 1825/1825/1825 1826/1826/1826 1827/1827/1827 
f 1826/1826/1826 1828/1828/1828 1827/1827/1827 
f 1827/1827/1827 1828/1828/1828 1829/1829/1829 
f 1828/1828/1828 1830/1830/1830 1829/1829/1829 
f 1829/1829/1829 1830/1830/1830 1831/1831/1831 
f 1830/1830/1830 1832/1832/1832 1831/1831/1831 
f 1831/1831/1831 1832/1832/1832 1832/1832/1832 
f 1832/1832/1832 1823/1823/1823 1832/1832/1832 
f 1832/1832/1832 1823/1823/1823 1823/1823/1823 
f 1823/1823/1823 1824/1824/1824 1823/1823/1823 
f 1823/1823/1823 1824/1824/1824 1833/1833/1833 
f 1824/1824/1824 1834/1834/1834 1833/1833/1833 
f 1833/1833/1833 1834/1834/1834 1835/1835/1835 
f 1834/1834/1834 1836/1836/1836 1835/1835/1835 
f 1835/1835/1835 1836/1836/1836 1837/1837/1837 
f 1836/1836/1836 1838/1838/1838 1837/1837/1837 
f 1837/1837/1837 1838/1838/1838 1838/1838/1838 
f 1838/1838/1838 1839/1839/1839 1838/1838/1838 
f 1838/1838/1838 1839/1839/1839 1839/1839/1839 
f 1839/1839/1839 1840/1840/1840 1839/1839/1839 
f 1839/1839/1839 1840/1840/1840 1841/1841/1841 
f 1840/1840/1840 1840/1840/1840 1841/1841/1841 
f 1841/1841/1841 1840/1840/1840 1842/1842/1842 
f 1840/1840/1840 1840/1840/1840 1842/1842/1842 
f 1842/1842/1842 1840/1840/1840 1843/1843/1843 
f 1840/1840/1840 1844/1844/1844 1843/1843/1843 
f 1843/1843/1843 1844/1844/1844 1845/1845/1845 
f 1844/1844/1844 1844/1844/1844 1845/1845/1845 
f 1845/1845/1845 1844/1844/1844 1846/1846/1846 
f 1844/1844/1844 1844/1844/1844 1846/1846/1846 
f 1846/1846/1846 1844/1844/1844 1847/1847/1847 
f 1844/1844/1844 1848/1848/1848 1847/1847/1847 
f 1847/1847/1847 1848/1848/1848 1848/1848/1848 
f 1848/1848/1848 1844/1844/1844 1848/1848/1848 
f 1848/1848/1848 1844/1844/1844 1844/1844/1844 
f 1844/1844/1844 1840/1840/1840 1844/1844/1844 
f 1844/1844/1844 1840/1840/1840 1849/1849/1849 
f 1840/1840/1840 1840/1840/1840 1849/1849/1849 
f 1849/1849/1849 1840/1840/1840 1850/1850/1850 
f 1840/1840/1840 1851/1851/1851 1850/1850/1850 
f 1850/1850/1850 1851/1851/1851 1851/1851/1851 
f 1851/1851/1851 1845/1845/1845 1851/1851/1851 
f 1851/1851/1851 1845/1845/1845 1845/1845/1845 
f 1845/1845/1845 1852/1852/1852 1845/1845/1845 
f 1845/1845/1845 1852/1852/1852 1843/1843/1843 
f 1852/1852/1852 1853/1853/1853 1843/1843/1843 
f 1843/1843/1843 1853/1853/1853 1854/1854/1854 
f 1853/1853/1853 1854/1854/1854 1854/1854/1854 
f 1854/1854/1854 1854/1854/1854 1855/1855/1855 
f 1854/1854/1854 1855/1855/1855 1855/1855/1855 
f 1855/1855/1855 1855/1855/1855 1856/1856/1856 
f 1855/1855/1855 1857/1857/1857 1856/1856/1856 
f 1856/1856/1856 1857/1857/1857 1858/1858/1858 
f 1857/1857/1857 1859/1859/1859 1858/1858/1858 
f 1858/1858/1858 1859/1859/1859 1860/1860/1860 
f 1859/1859/1859 1861/1861/1861 1860/1860/1860 
f 1860/1860/1860 1861/1861/1861 1862/1862/1862 
f 1861/1861/1861 1863/1863/1863 1862/1862/1862 
f 1862/1862/1862 1863/1863/1863 1864/1864/1864 
f 1863/1863/1863 1865/1865/1865 1864/1864/1864 
f 1864/1864/1864 1865/1865/1865 1866/1866/1866 
f 1865/1865/1865 1867/1867/1867 1866/1866/1866 
f 1866/1866/1866 1867/1867/1867 1868/1868/1868 
f 1867/1867/1867 1869/1869/1869 1868/1868/1868 
f 1868/1868/1868 1869/1869/1869 1870/1870/1870 
f 1869/1869/1869 1871/1871/1871 1870/1870/1870 
f 1870/1870/1870 1871/1871/1871 1872/1872/1872 
f 1871/1871/1871 1872/1872/1872 1872/1872/1872 
f 1872/1872/1872 1872/1872/1872 1873/1873/1873 
f 1872/1872/1872 1873/1873/1873 1873/1873/1873 
f 1873/1873/1873 1873/1873/1873 1874/1874/1874 
f 1873/1873/1873 1875/1875/1875 1874/1874/1874 
f 1874/1874/1874 1875/1875/1875 1876/1876/1876 
f 1875/1875/1875 1877/1877/1877 1876/1876/1876 
f 1876/1876/1876 1877/1877/1877 1878/1878/1878 
f 1877/1877/1877 1879/1879/1879 1878/1878/1878 
f 1878/1878/1878 1879/1879/1879 1880/1880/1880 
f 1879/1879/1879 1881/1881/1881 1880/1880/1880 
f 1880/1880/1880 1881/1881/1881 1882/1882/1882 
f 1881/1881/1881 1883/1883/1883 1882/1882/1882 
f 1882/1882/1882 1883/1883/1883 1884/1884/1884 
f 1883/1883/1883 1885/1885/1885 1884/1884/1884 
f 1884/1884/1884 1885/1885/1885 1886/1886/1886 
f 1885/1885/1885 1887/1887/1887 1886/1886/1886 
f 1886/1886/1886 1887/1887/1887 1888/1888/1888 
f 1887/1887/1887 1889/1889/1889 1888/1888/1888 
f 1888/1888/1888 1889/1889/1889 1890/1890/1890 
f 1889/1889/1889 1890/1890/1890 1890/1890/1890 
f 1890/1890/1890 1890/1890/1890 1891/1891/1891 
f 1890/1890/1890 1891/1891/1891 1891/1891/1891 
f 1891/1891/1891 1891/1891/1891 1892/1892/1892 
f 1891/1891/1891 1893/1893/1893 1892/1892/1892 
f 1892/1892/1892 1893/1893/1893 1892/1892/1892 
f 1893/1893/1893 1894/1894/1894 1892/1892/1892 
f 1892/1892/1892 1894/1894/1894 1892/1892/1892 
f 1894/1894/1894 1895/1895/1895 1892/1892/1892 
f 1892/1892/1892 1895/1895/1895 1896/1896/1896 
f 1895/1895/1895 1897/1897/1897 1896/1896/1896 
f 1896/1896/1896 1897/1897/1897 1898/1898/1898 
f 1897/1897/1897 1899/1899/1899 1898/1898/1898 
f 1898/1898/1898 1899/1899/1899 1900/1900/1900 
f 1899/1899/1899 1899/1899/1899 1900/1900/1900 
f 1900/1900/1900 1899/1899/1899 1901/1901/1901 
f 1899/1899/1899 1902/1902/1902 1901/1901/1901 
f 1901/1901/1901 1902/1902/1902 1903/1903/1903 
f 1902/1902/1902 1904/1904/1904 1903/1903/1903 
f 1903/1903/1903 1904/1904/1904 1905/1905/1905 
f 1904/1904/1904 1906/1906/1906 1905/1905/1905 
f 1905/1905/1905 1906/1906/1906 1905/1905/1905 
f 1906/1906/1906 1907/1907/1907 1905/1905/1905 
f 1905/1905/1905 1907/1907/1907 1908/1908/1908 
f 1907/1907/1907 1908/1908/1908 1908/1908/1908 
f 1908/1908/1908 1908/1908/1908 1909/1909/1909 
f 1908/1908/1908 1909/1909/1909 1909/1909/1909 
f 1909/1909/1909 1909/1909/1909 1910/1910/1910 
f 1909/1909/1909 1911/1911/1911 1910/1910/1910 
f 1910/1910/1910 1911/1911/1911 1910/1910/1910 
f 1911/1911/1911 1912/1912/1912 1910/1910/1910 
f 1910/1910/1910 1912/1912/1912 1913/1913/1913 
f 1912/1912/1912 1914/1914/1914 1913/1913/1913 
f 1913/1913/1913 1914/1914/1914 1915/1915/1915 
f 1914/1914/1914 1916/1916/1916 1915/1915/1915 
f 1915/1915/1915 1916/1916/1916 1917/1917/1917 
f 1916/1916/1916 1918/1918/1918 1917/1917/1917 
f 1917/1917/1917 1918/1918/1918 1919/1919/1919 
f 1918/1918/1918 1920/1920/1920 1919/1919/1919 
f 1919/1919/1919 1920/1920/1920 1921/1921/1921 
f 1920/1920/1920 1922/1922/1922 1921/1921/1921 
f 1921/1921/1921 1922/1922/1922 1923/1923/1923 
f 1922/1922/1922 1924/1924/1924 1923/1923/1923 
f 1923/1923/1923 1924/1924/1924 1925/1925/1925 
f 1924/1924/1924 1926/1926/1926 1925/1925/1925 
f 1925/1925/1925 1926/1926/1926 1926/1926/1926 
f 1926/1926/1926 1927/1927/1927 1926/1926/1926 
f 1926/1926/1926 1927/1927/1927 1927/1927/1927 
f 1927/1927/1927 1928/1928/1928 1927/1927/1927 
f 1927/1927/1927 1928/1928/1928 1929/1929/1929 
f 1928/1928/1928 1928/1928/1928 1929/1929/1929 
f 1929/1929/1929 1928/1928/1928 1930/1930/1930 
f 1928/1928/1928 1931/1931/1931 1930/1930/1930 
f 1930/1930/1930 1931/1931/1931 1930/1930/1930 
f 1931/1931/1931 1932/1932/1932 1930/1930/1930 
f 1930/1930/1930 1932/1932/1932 1933/1933/1933 
f 1932/1932/1932 1932/1932/1932 1933/1933/1933 
f 1933/1933/1933 1932/1932/1932 1934/1934/1934 
f 1932/1932/1932 1935/1935/1935 1934/1934/1934 
f 1934/1934/1934 1935/1935/1935 1936/1936/1936 
f 1935/1935/1935 1937/1937/1937 1936/1936/1936 
f 1936/1936/1936 1937/1937/1937 1937/1937/1937 
f 1937/1937/1937 1928/1928/1928 1937/1937/1937 
f 1937/1937/1937 1928/1928/1928 1928/1928/1928 
f 1928/1928/1928 1927/1927/1927 1928/1928/1928 
f 1928/1928/1928 1927/1927/1927 1938/1938/1938 
f 1927/1927/1927 1927/1927/1927 1938/1938/1938 
f 1938/1938/1938 1927/1927/1927 1939/1939/1939 
f 1927/1927/1927 1940/1940/1940 1939/1939/1939 
f 1939/1939/1939 1940/1940/1940 1939/1939/1939 
f 1940/1940/1940 1941/1941/1941 1939/1939/1939 
f 1939/1939/1939 1941/1941/1941 1942/1942/1942 
f 1941/1941/1941 1941/1941/1941 1942/1942/1942 
f 1942/1942/1942 1941/1941/1941 1943/1943/1943 
f 1941/1941/1941 1944/1944/1944 1943/1943/1943 
f 1943/1943/1943 1944/1944/1944 1944/1944/1944 
f 1944/1944/1944 1945/1945/1945 1944/1944/1944 
f 1944/1944/1944 1945/1945/1945 1945/1945/1945 
f 1945/1945/1945 1946/1946/1946 1945/1945/1945 
f 1945/1945/1945 1946/1946/1946 1947/1947/1947 
f 1946/1946/1946 1948/1948/1948 1947/1947/1947 
f 1947/1947/1947 1948/1948/1948 1948/1948/1948 
f 1948/1948/1948 1946/1946/1946 1948/1948/1948 
f 1948/1948/1948 1946/1946/1946 1946/1946/1946 
f 1946/1946/1946 1945/1945/1945 1946/1946/1946 
f 1946/1946/1946 1945/1945/1945 1949/1949/1949 
f 1945/1945/1945 1950/1950/1950 1949/1949/1949 
f 1949/1949/1949 1950/1950/1950 1951/1951/1951 
f 1950/1950/1950 1952/1952/1952 1951/1951/1951 
f 1951/1951/1951 1952/1952/1952 1953/1953/1953 
f 1952/1952/1952 1954/1954/1954 1953/1953/1953 
f 1953/1953/1953 1954/1954/1954 1955/1955/1955 
f 1954/1954/1954 1956/1956/1956 1955/1955/1955 
f 1955/1955/1955 1956/1956/1956 1956/1956/1956 
f 1956/1956/1956 1947/1947/1947 1956/1956/1956 
f 1956/1956/1956 1947/1947/1947 1947/1947/1947 
f 1947/1947/1947 1948/1948/1948 1947/1947/1947 
f 1947/1947/1947 1948/1948/1948 1957/1957/1957 
f 1948/1948/1948 1958/1958/1958 1957/1957/1957 
f 1957/1957/1957 1958/1958/1958 1959/1959/1959 
f 1958/1958/1958 1960/1960/1960 1959/1959/1959 
f 1959/1959/1959 1960/1960/1960 1961/1961/1961 
f 1960/1960/1960 1962/1962/1962 1961/1961/1961 
f 1961/1961/1961 1962/1962/1962 1962/1962/1962 
f 1962/1962/1962 1963/1963/1963 1962/1962/1962 
f 1962/1962/1962 1963/1963/1963 1963/1963/1963 
f 1963/1963/1963 1964/1964/1964 1963/1963/1963 
f 1963/1963/1963 1964/1964/1964 1965/1965/1965 
f 1964/1964/1964 1964/1964/1964 1965/1965/1965 
f 1965/1965/1965 1964/1964/1964 1966/1966/1966 
f 1964/1964/1964 1964/1964/1964 1966/1966/1966 
f 1966/1966/1966 1964/1964/1964 1967/1967/1967 
f 1964/1964/1964 1968/1968/1968 1967/1967/1967 
f 1967/1967/1967 1968/1968/1968 1969/1969/1969 
f 1968/1968/1968 1968/1968/1968 1969/1969/1969 
f 1969/1969/1969 1968/1968/1968 1970/1970/1970 
f 1968/1968/1968 1968/1968/1968 1970/1970/1970 
f 1970/1970/1970 1968/1968/1968 1971/1971/1971 
f 1968/1968/1968 1972/1972/1972 1971/1971/1971 
f 1971/1971/1971 1972/1972/1972 1972/1972/1972 
f 1972/1972/1972 1968/1968/1968 1972/1972/1972 
f 1972/1972/1972 1968/1968/1968 1968/1968/1968 
f 1968/1968/1968 1964/1964/1964 1968/1968/1968 
f 1968/1968/1968 1964/1964/1964 1973/1973/1973 
f 1964/1964/1964 1964/1964/1964 1973/1973/1973 
f 1973/1973/1973 1964/1964/1964 1974/1974/1974 
f 1964/1964/1964 1975/1975/1975 1974/1974/1974 
f 1974/1974/1974 1975/1975/1975 1975/1975/1975 
f 1975/1975/1975 1969/1969/1969 1975/1975/1975 
f 1975/1975/1975 1969/1969/1969 1969/1969/1969 
f 1969/1969/1969 1976/1976/1976 1969/1969/1969 
f 1969/1969/1969 1976/1976/1976 1967/1967/1967 
f 1976/1976/1976 1977/1977/1977 1967/1967/1967 
f 1967/1967/1967 1977/1977/1977 1978/1978/1978 
f 1977/1977/1977 1978/1978/1978 1978/1978/1978 
f 1978/1978/1978 1978/1978/1978 1979/1979/1979 
f 1978/1978/1978 1979/1979/1979 1979/1979/1979 
f 1979/1979/1979 1979/1979/1979 1980/1980/1980 
f 1979/1979/1979 1981/1981/1981 1980/1980/1980 
f 1980/1980/1980 1981/1981/1981 1982/1982/1982 
f 1981/1981/1981 1983/1983/1983 1982/1982/1982 
f 1982/1982/1982 1983/1983/1983 1984/1984/1984 
f 1983/1983/1983 1985/1985/1985 1984/1984/1984 
f 1984/1984/1984 1985/1985/1985 1986/1986/1986 
f 1985/1985/1985 1987/1987/1987 1986/1986/1986 
f 1986/1986/1986 1987/1987/1987 1988/1988/1988 
f 1987/1987/1987 1989/1989/1989 1988/1988/1988 
f 1988/1988/1988 1989/1989/1989 1990/1990/1990 
f 1989/1989/1989 1991/1991/1991 1990/1990/1990 
f 1990/1990/1990 1991/1991/1991 1992/1992/1992 
f 1991/1991/1991 1993/1993/1993 1992/1992/1992 
f 1992/1992/1992 1993/1993/1993 1994/1994/1994 
f 1993/1993/1993 1995/1995/1995 1994/1994/1994 
f 1994/1994/1994 1995/1995/1995 1996/1996/1996 
f 1995/1995/1995 1996/1996/1996 1996/1996/1996 
f 1996/1996/1996 1996/1996/1996 1997/1997/1997 
f 1996/1996/1996 1997/1997/1997 1997/1997/1997 
f 1997/1997/1997 1997/1997/1997 1998/1998/1998 
f 1997/1997/1997 1999/1999/1999 1998/1998/1998 
f 1998/1998/1998 1999/1999/1999 2000/2000/2000 
f 1999/1999/1999 2001/2001/2001 2000/2000/2000 
f 2000/2000/2000 2001/2001/2001 2002/2002/2002 
f 2001/2001/2001 2003/2003/2003 2002/2002/2002 
f 2002/2002/2002 2003/2003/2003 2004/2004/2004 
f 2003/2003/2003 2005/2005/2005 2004/2004/2004 
f 2004/2004/2004 2005/2005/2005 2006/2006/2006 
f 2005/2005/2005 2007/2007/2007 2006/2006/2006 
f 2006/2006/2006 2007/2007/2007 2008/2008/2008 
f 2007/2007/2007 2009/2009/2009 2008/2008/2008 
f 2008/2008/2008 2009/2009/2009 2010/2010/2010 
f 2009/2009/2009 2011/2011/2011 2010/2010/2010 
f 2010/2010/2010 2011/2011/2011 2012/2012/2012 
f 2011/2011/2011 2013/2013/2013 2012/2012/2012 
f 2012/2012/2012 2013/2013/2013 2014/2014/2014 
f 2013/2013/2013 2014/2014/2014 2014/2014/2014 
f 2014/2014/2014 2014/2014/2014 2015/2015/2015 
f 2014/2014/2014 2015/2015/2015 2015/2015/2015 
f 2015/2015/2015 2015/2015/2015 2016/2016/2016 
f 2015/2015/2015 2017/2017/2017 2016/2016/2016 
f 2016/2016/2016 2017/2017/2017 2016/2016/2016 
f 2017/2017/2017 2018/2018/2018 2016/2016/2016 
f 2016/2016/2016 2018/2018/2018 2019/2019/2019 
f 2018/2018/2018 2020/2020/2020 2019/2019/2019 
f 2019/2019/2019 2020/2020/2020 2019/2019/2019 
f 2020/2020/2020 2021/2021/2021 2019/2019/2019 
f 2019/2019/2019 2021/2021/2021 2022/2022/2022 
f 2021/2021/2021 2021/2021/2021 2022/2022/2022 
f 2022/2022/2022 2021/2021/2021 2023/2023/2023 
f 2021/2021/2021 2024/2024/2024 2023/2023/2023 
f 2023/2023/2023 2024/2024/2024 2023/2023/2023 
f 2024/2024/2024 2025/2025/2025 2023/2023/2023 
f 2023/2023/2023 2025/2025/2025 2026/2026/2026 
f 2025/2025/2025 2025/2025/2025 2026/2026/2026 
f 2026/2026/2026 2025/2025/2025 2027/2027/2027 
f 2025/2025/2025 2028/2028/2028 2027/2027/2027 
f 2027/2027/2027 2028/2028/2028 2027/2027/2027 
f 2028/2028/2028 2029/2029/2029 2027/2027/2027 
f 2027/2027/2027 2029/2029/2029 2030/2030/2030 
f 2029/2029/2029 2031/2031/2031 2030/2030/2030 
f 2030/2030/2030 2031/2031/2031 2032/2032/2032 
f 2031/2031/2031 2032/2032/2032 2032/2032/2032 
f 2032/2032/2032 2032/2032/2032 2033/2033/2033 
f 2032/2032/2032 2033/2033/2033 2033/2033/2033 
f 2033/2033/2033 2033/2033/2033 2034/2034/2034 
f 2033/2033/2033 2035/2035/2035 2034/2034/2034 
f 2034/2034/2034 2035/2035/2035 2034/2034/2034 
f 2035/2035/2035 2036/2036/2036 2034/2034/2034 
f 2034/2034/2034 2036/2036/2036 2037/2037/2037 
f 2036/2036/2036 2038/2038/2038 2037/2037/2037 
f 2037/2037/2037 2038/2038/2038 2039/2039/2039 
f 2038/2038/2038 2040/2040/2040 2039/2039/2039 
f 2039/2039/2039 2040/2040/2040 2041/2041/2041 
f 2040/2040/2040 2042/2042/2042 2041/2041/2041 
f 2041/2041/2041 2042/2042/2042 2043/2043/2043 
f 2042/2042/2042 2044/2044/2044 2043/2043/2043 
f 2043/2043/2043 2044/2044/2044 2045/2045/2045 
f 2044/2044/2044 2046/2046/2046 2045/2045/2045 
f 2045/2045/2045 2046/2046/2046 2047/2047/2047 
f 2046/2046/2046 2048/2048/2048 2047/2047/2047 
f 2047/2047/2047 2048/2048/2048 2049/2049/2049 
f 2048/2048/2048 2050/2050/2050 2049/2049/2049 
f 2049/2049/2049 2050/2050/2050 2050/2050/2050 
f 2050/2050/2050 2051/2051/2051 2050/2050/2050 
f 2050/2050/2050 2051/2051/2051 2051/2051/2051 
f 2051/2051/2051 2052/2052/2052 2051/2051/2051 
f 2051/2051/2051 2052/2052/2052 2053/2053/2053 
f 2052/2052/2052 2054/2054/2054 2053/2053/2053 
f 2053/2053/2053 2054/2054/2054 2054/2054/2054 
f 2054/2054/2054 2051/2051/2051 2054/2054/2054 
f 2054/2054/2054 2051/2051/2051 2051/2051/2051 
f 2051/2051/2051 2053/2053/2053 2051/2051/2051 
f 2051/2051/2051 2053/2053/2053 2055/2055/2055 
f 2053/2053/2053 2056/2056/2056 2055/2055/2055 
f 2055/2055/2055 2056/2056/2056 2057/2057/2057 
f 2056/2056/2056 2058/2058/2058 2057/2057/2057 
f 2057/2057/2057 2058/2058/2058 2057/2057/2057 
f 2058/2058/2058 2059/2059/2059 2057/2057/2057 
f 2057/2057/2057 2059/2059/2059 2060/2060/2060 
f 2059/2059/2059 2061/2061/2061 2060/2060/2060 
f 2060/2060/2060 2061/2061/2061 2062/2062/2062 
f 2061/2061/2061 2062/2062/2062 2062/2062/2062 
f 2062/2062/2062 2062/2062/2062 2052/2052/2052 
f 2062/2062/2062 2052/2052/2052 2052/2052/2052 
f 2052/2052/2052 2052/2052/2052 2054/2054/2054 
f 2052/2052/2052 2063/2063/2063 2054/2054/2054 
f 2054/2054/2054 2063/2063/2063 2064/2064/2064 
f 2063/2063/2063 2063/2063/2063 2064/2064/2064 
f 2064/2064/2064 2063/2063/2063 2065/2065/2065 
f 2063/2063/2063 2066/2066/2066 2065/2065/2065 
f 2065/2065/2065 2066/2066/2066 2067/2067/2067 
f 2066/2066/2066 2068/2068/2068 2067/2067/2067 
f 2067/2067/2067 2068/2068/2068 2068/2068/2068 
f 2068/2068/2068 2069/2069/2069 2068/2068/2068 
f 2068/2068/2068 2069/2069/2069 2069/2069/2069 
f 2069/2069/2069 2070/2070/2070 2069/2069/2069 
f 2069/2069/2069 2070/2070/2070 2071/2071/2071 
f 2070/2070/2070 2070/2070/2070 2071/2071/2071 
f 2071/2071/2071 2070/2070/2070 2072/2072/2072 
f 2070/2070/2070 2073/2073/2073 2072/2072/2072 
f 2072/2072/2072 2073/2073/2073 2074/2074/2074 
f 2073/2073/2073 2075/2075/2075 2074/2074/2074 
f 2074/2074/2074 2075/2075/2075 2076/2076/2076 
f 2075/2075/2075 2077/2077/2077 2076/2076/2076 
f 2076/2076/2076 2077/2077/2077 2078/2078/2078 
f 2077/2077/2077 2079/2079/2079 2078/2078/2078 
f 2078/2078/2078 2079/2079/2079 2080/2080/2080 
f 2079/2079/2079 2081/2081/2081 2080/2080/2080 
f 2080/2080/2080 2081/2081/2081 2082/2082/2082 
f 2081/2081/2081 2083/2083/2083 2082/2082/2082 
f 2082/2082/2082 2083/2083/2083 2084/2084/2084 
f 2083/2083/2083 2085/2085/2085 2084/2084/2084 
f 2084/2084/2084 2085/2085/2085 2086/2086/2086 
f 2085/2085/2085 2086/2086/2086 2086/2086/2086 
f 2086/2086/2086 2086/2086/2086 2087/2087/2087 
f 2086/2086/2086 2087/2087/2087 2087/2087/2087 
f 2087/2087/2087 2087/2087/2087 2088/2088/2088 
f 2087/2087/2087 2089/2089/2089 2088/2088/2088 
f 2088/2088/2088 2089/2089/2089 2090/2090/2090 
f 2089/2089/2089 2089/2089/2089 2090/2090/2090 
f 2090/2090/2090 2089/2089/2089 2091/2091/2091 
f 2089/2089/2089 2089/2089/2089 2091/2091/2091 
f 2091/2091/2091 2089/2089/2089 2092/2092/2092 
f 2089/2089/2089 2093/2093/2093 2092/2092/2092 
f 2092/2092/2092 2093/2093/2093 2092/2092/2092 
f 2093/2093/2093 2094/2094/2094 2092/2092/2092 
f 2092/2092/2092 2094/2094/2094 2092/2092/2092 
f 2094/2094/2094 2095/2095/2095 2092/2092/2092 
f 2092/2092/2092 2095/2095/2095 2096/2096/2096 
f 2095/2095/2095 2096/2096/2096 2096/2096/2096 
f 2096/2096/2096 2096/2096/2096 2089/2089/2089 
f 2096/2096/2096 2089/2089/2089 2089/2089/2089 
f 2089/2089/2089 2089/2089/2089 2093/2093/2093 
f 2089/2089/2089 2097/2097/2097 2093/2093/2093 
f 2093/2093/2093 2097/2097/2097 2093/2093/2093 
f 2097/2097/2097 2098/2098/2098 2093/2093/2093 
f 2093/2093/2093 2098/2098/2098 2099/2099/2099 
f 2098/2098/2098 2099/2099/2099 2099/2099/2099 
f 2099/2099/2099 2099/2099/2099 2091/2091/2091 
f 2099/2099/2099 2091/2091/2091 2091/2091/2091 
f 2091/2091/2091 2091/2091/2091 2100/2100/2100 
f 2091/2091/2091 2092/2092/2092 2100/2100/2100 
f 2100/2100/2100 2092/2092/2092 2101/2101/2101 
f 2092/2092/2092 2102/2102/2102 2101/2101/2101 
f 2101/2101/2101 2102/2102/2102 2102/2102/2102 
f 2102/2102/2102 2103/2103/2103 2102/2102/2102 
f 2102/2102/2102 2103/2103/2103 2103/2103/2103 
f 2103/2103/2103 2104/2104/2104 2103/2103/2103 
f 2103/2103/2103 2104/2104/2104 2105/2105/2105 
f 2104/2104/2104 2106/2106/2106 2105/2105/2105 
f 2105/2105/2105 2106/2106/2106 2107/2107/2107 
f 2106/2106/2106 2108/2108/2108 2107/2107/2107 
f 2107/2107/2107 2108/2108/2108 2109/2109/2109 
f 2108/2108/2108 2110/2110/2110 2109/2109/2109 
f 2109/2109/2109 2110/2110/2110 2111/2111/2111 
f 2110/2110/2110 2112/2112/2112 2111/2111/2111 
f 2111/2111/2111 2112/2112/2112 2113/2113/2113 
f 2112/2112/2112 2114/2114/2114 2113/2113/2113 
f 2113/2113/2113 2114/2114/2114 2115/2115/2115 
f 2114/2114/2114 2116/2116/2116 2115/2115/2115 
f 2115/2115/2115 2116/2116/2116 2117/2117/2117 
f 2116/2116/2116 2118/2118/2118 2117/2117/2117 
f 2117/2117/2117 2118/2118/2118 2119/2119/2119 
f 2118/2118/2118 2120/2120/2120 2119/2119/2119 
f 2119/2119/2119 2120/2120/2120 2120/2120/2120 
f 2120/2120/2120 2121/2121/2121 2120/2120/2120 
f 2120/2120/2120 2121/2121/2121 2121/2121/2121 
f 2121/2121/2121 2122/2122/2122 2121/2121/2121 
f 2121/2121/2121 2122/2122/2122 2123/2123/2123 
f 2122/2122/2122 2124/2124/2124 2123/2123/2123 
f 2123/2123/2123 2124/2124/2124 2125/2125/2125 
f 2124/2124/2124 2126/2126/2126 2125/2125/2125 
f 2125/2125/2125 2126/2126/2126 2127/2127/2127 
f 2126/2126/2126 2128/2128/2128 2127/2127/2127 
f 2127/2127/2127 2128/2128/2128 2129/2129/2129 
f 2128/2128/2128 2130/2130/2130 2129/2129/2129 
f 2129/2129/2129 2130/2130/2130 2131/2131/2131 
f 2130/2130/2130 2132/2132/2132 2131/2131/2131 
f 2131/2131/2131 2132/2132/2132 2133/2133/2133 
f 2132/2132/2132 2134/2134/2134 2133/2133/2133 
f 2133/2133/2133 2134/2134/2134 2135/2135/2135 
f 2134/2134/2134 2136/2136/2136 2135/2135/2135 
f 2135/2135/2135 2136/2136/2136 2137/2137/2137 
f 2136/2136/2136 2138/2138/2138 2137/2137/2137 
f 2137/2137/2137 2138/2138/2138 2138/2138/2138 
f 2138/2138/2138 2139/2139/2139 2138/2138/2138 
f 2138/2138/2138 2139/2139/2139 2139/2139/2139 
f 2139/2139/2139 2140/2140/2140 2139/2139/2139 
f 2139/2139/2139 2140/2140/2140 2141/2141/2141 
f 2140/2140/2140 2140/2140/2140 2141/2141/2141 
f 2141/2141/2141 2140/2140/2140 2142/2142/2142 
f 2140/2140/2140 2143/2143/2143 2142/2142/2142 
f 2142/2142/2142 2143/2143/2143 2144/2144/2144 
f 2143/2143/2143 2143/2143/2143 2144/2144/2144 
f 2144/2144/2144 2143/2143/2143 2145/2145/2145 
f 2143/2143/2143 2146/2146/2146 2145/2145/2145 
f 2145/2145/2145 2146/2146/2146 2147/2147/2147 
f 2146/2146/2146 2148/2148/2148 2147/2147/2147 
f 2147/2147/2147 2148/2148/2148 2147/2147/2147 
f 2148/2148/2148 2149/2149/2149 2147/2147/2147 
f 2147/2147/2147 2149/2149/2149 2150/2150/2150 
f 2149/2149/2149 2151/2151/2151 2150/2150/2150 
f 2150/2150/2150 2151/2151/2151 2152/2152/2152 
f 2151/2151/2151 2151/2151/2151 2152/2152/2152 
f 2152/2152/2152 2151/2151/2151 2153/2153/2153 
f 2151/2151/2151 2154/2154/2154 2153/2153/2153 
f 2153/2153/2153 2154/2154/2154 2155/2155/2155 
f 2154/2154/2154 2156/2156/2156 2155/2155/2155 
f 2155/2155/2155 2156/2156/2156 2156/2156/2156 
f 2156/2156/2156 2157/2157/2157 2156/2156/2156 
f 2156/2156/2156 2157/2157/2157 2157/2157/2157 
f 2157/2157/2157 2158/2158/2158 2157/2157/2157 
f 2157/2157/2157 2158/2158/2158 2159/2159/2159 
f 2158/2158/2158 2158/2158/2158 2159/2159/2159 
f 2159/2159/2159 2158/2158/2158 2160/2160/2160 
f 2158/2158/2158 2161/2161/2161 2160/2160/2160 
f 2160/2160/2160 2161/2161/2161 2162/2162/2162 
f 2161/2161/2161 2163/2163/2163 2162/2162/2162 
f 2162/2162/2162 2163/2163/2163 2164/2164/2164 
f 2163/2163/2163 2165/2165/2165 2164/2164/2164 
f 2164/2164/2164 2165/2165/2165 2166/2166/2166 
f 2165/2165/2165 2167/2167/2167 2166/2166/2166 
f 2166/2166/2166 2167/2167/2167 2168/2168/2168 
f 2167/2167/2167 2169/2169/2169 2168/2168/2168 
f 2168/2168/2168 2169/2169/2169 2170/2170/2170 
f 2169/2169/2169 2171/2171/2171 2170/2170/2170 
f 2170/2170/2170 2171/2171/2171 2172/2172/2172 
f 2171/2171/2171 2173/2173/2173 2172/2172/2172 
f 2172/2172/2172 2173/2173/2173 2174/2174/2174 
f 2173/2173/2173 2174/2174/2174 2174/2174/2174 
f 2174/2174/2174 2174/2174/2174 2175/2175/2175 
f 2174/2174/2174 2175/2175/2175 2175/2175/2175 
f 2175/2175/2175 2175/2175/2175 2176/2176/2176 
f 2175/2175/2175 2177/2177/2177 2176/2176/2176 
f 2176/2176/2176 2177/2177/2177 2178/2178/2178 
f 2177/2177/2177 2178/2178/2178 2178/2178/2178 
f 2178/2178/2178 2178/2178/2178 2175/2175/2175 
f 2178/2178/2178 2175/2175/2175 2175/2175/2175 
f 2175/2175/2175 2175/2175/2175 2179/2179/2179 
f 2175/2175/2175 2176/2176/2176 2179/2179/2179 
f 2179/2179/2179 2176/2176/2176 2179/2179/2179 
f 2176/2176/2176 2180/2180/2180 2179/2179/2179 
f 2179/2179/2179 2180/2180/2180 2181/2181/2181 
f 2180/2180/2180 2182/2182/2182 2181/2181/2181 
f 2181/2181/2181 2182/2182/2182 2181/2181/2181 
f 2182/2182/2182 2183/2183/2183 2181/2181/2181 
f 2181/2181/2181 2183/2183/2183 2184/2184/2184 
f 2183/2183/2183 2183/2183/2183 2184/2184/2184 
f 2184/2184/2184 2183/2183/2183 2185/2185/2185 
f 2183/2183/2183 2186/2186/2186 2185/2185/2185 
f 2185/2185/2185 2186/2186/2186 2186/2186/2186 
f 2186/2186/2186 2177/2177/2177 2186/2186/2186 
f 2186/2186/2186 2177/2177/2177 2177/2177/2177 
f 2177/2177/2177 2187/2187/2187 2177/2177/2177 
f 2177/2177/2177 2187/2187/2187 2178/2178/2178 
f 2187/2187/2187 2187/2187/2187 2178/2178/2178 
f 2178/2178/2178 2187/2187/2187 2188/2188/2188 
f 2187/2187/2187 2187/2187/2187 2188/2188/2188 
f 2188/2188/2188 2187/2187/2187 2189/2189/2189 
f 2187/2187/2187 2190/2190/2190 2189/2189/2189 
f 2189/2189/2189 2190/2190/2190 2189/2189/2189 
f 2190/2190/2190 2191/2191/2191 2189/2189/2189 
f 2189/2189/2189 2191/2191/2191 2192/2192/2192 
f 2191/2191/2191 2192/2192/2192 2192/2192/2192 
f 2192/2192/2192 2192/2192/2192 2193/2193/2193 
f 2192/2192/2192 2193/2193/2193 2193/2193/2193 
f 2193/2193/2193 2193/2193/2193 2194/2194/2194 
f 2193/2193/2193 2195/2195/2195 2194/2194/2194 
f 2194/2194/2194 2195/2195/2195 2196/2196/2196 
f 2195/2195/2195 2197/2197/2197 2196/2196/2196 
f 2196/2196/2196 2197/2197/2197 2198/2198/2198 
f 2197/2197/2197 2199/2199/2199 2198/2198/2198 
f 2198/2198/2198 2199/2199/2199 2200/2200/2200 
f 2199/2199/2199 2201/2201/2201 2200/2200/2200 
f 2200/2200/2200 2201/2201/2201 2202/2202/2202 
f 2201/2201/2201 2203/2203/2203 2202/2202/2202 
f 2202/2202/2202 2203/2203/2203 2204/2204/2204 
f 2203/2203/2203 2205/2205/2205 2204/2204/2204 
f 2204/2204/2204 2205/2205/2205 2206/2206/2206 
f 2205/2205/2205 2207/2207/2207 2206/2206/2206 
f 2206/2206/2206 2207/2207/2207 2208/2208/2208 
f 2207/2207/2207 2209/2209/2209 2208/2208/2208 
f 2208/2208/2208 2209/2209/2209 2210/2210/2210 
f 2209/2209/2209 2210/2210/2210 2210/2210/2210 
f 2210/2210/2210 2210/2210/2210 2211/2211/2211 
f 2210/2210/2210 2211/2211/2211 2211/2211/2211 
f 2211/2211/2211 2211/2211/2211 2212/2212/2212 
f 2211/2211/2211 2213/2213/2213 2212/2212/2212 
f 2212/2212/2212 2213/2213/2213 2214/2214/2214 
f 2213/2213/2213 2213/2213/2213 2214/2214/2214 
f 2214/2214/2214 2213/2213/2213 2215/2215/2215 
f 2213/2213/2213 2213/2213/2213 2215/2215/2215 
f 2215/2215/2215 2213/2213/2213 2216/2216/2216 
f 2213/2213/2213 2217/2217/2217 2216/2216/2216 
f 2216/2216/2216 2217/2217/2217 2218/2218/2218 
f 2217/2217/2217 2217/2217/2217 2218/2218/2218 
f 2218/2218/2218 2217/2217/2217 2219/2219/2219 
f 2217/2217/2217 2220/2220/2220 2219/2219/2219 
f 2219/2219/2219 2220/2220/2220 2220/2220/2220 
f 2220/2220/2220 2213/2213/2213 2220/2220/2220 
f 2220/2220/2220 2213/2213/2213 2213/2213/2213 
f 2213/2213/2213 2221/2221/2221 2213/2213/2213 
f 2213/2213/2213 2221/2221/2221 2217/2217/2217 
f 2221/2221/2221 2222/2222/2222 2217/2217/2217 
f 2217/2217/2217 2222/2222/2222 2223/2223/2223 
f 2222/2222/2222 2223/2223/2223 2223/2223/2223 
f 2223/2223/2223 2223/2223/2223 2216/2216/2216 
f 2223/2223/2223 2216/2216/2216 2216/2216/2216 
f 2216/2216/2216 2216/2216/2216 2215/2215/2215 
f 2216/2216/2216 2224/2224/2224 2215/2215/2215 
f 2215/2215/2215 2224/2224/2224 2215/2215/2215 
f 2224/2224/2224 2225/2225/2225 2215/2215/2215 
f 2215/2215/2215 2225/2225/2225 2226/2226/2226 
f 2225/2225/2225 2226/2226/2226 2226/2226/2226 
f 2226/2226/2226 2226/2226/2226 2227/2227/2227 
f 2226/2226/2226 2227/2227/2227 2227/2227/2227 
f 2227/2227/2227 2227/2227/2227 2228/2228/2228 
f 2227/2227/2227 2229/2229/2229 2228/2228/2228 
f 2228/2228/2228 2229/2229/2229 2228/2228/2228 
f 2229/2229/2229 2230/2230/2230 2228/2228/2228 
f 2228/2228/2228 2230/2230/2230 2231/2231/2231 
f 2230/2230/2230 2232/2232/2232 2231/2231/2231 
f 2231/2231/2231 2232/2232/2232 2233/2233/2233 
f 2232/2232/2232 2234/2234/2234 2233/2233/2233 
f 2233/2233/2233 2234/2234/2234 2235/2235/2235 
f 2234/2234/2234 2236/2236/2236 2235/2235/2235 
f 2235/2235/2235 2236/2236/2236 2237/2237/2237 
f 2236/2236/2236 2238/2238/2238 2237/2237/2237 
f 2237/2237/2237 2238/2238/2238 2239/2239/2239 
f 2238/2238/2238 2240/2240/2240 2239/2239/2239 
f 2239/2239/2239 2240/2240/2240 2241/2241/2241 
f 2240/2240/2240 2242/2242/2242 2241/2241/2241 
f 2241/2241/2241 2242/2242/2242 2243/2243/2243 
f 2242/2242/2242 2244/2244/2244 2243/2243/2243 
f 2243/2243/2243 2244/2244/2244 2244/2244/2244 
f 2244/2244/2244 2245/2245/2245 2244/2244/2244 
f 2244/2244/2244 2245/2245/2245 2245/2245/2245 
f 2245/2245/2245 2246/2246/2246 2245/2245/2245 
f 2245/2245/2245 2246/2246/2246 2247/2247/2247 
f 2246/2246/2246 2248/2248/2248 2247/2247/2247 
f 2247/2247/2247 2248/2248/2248 2249/2249/2249 
f 2248/2248/2248 2250/2250/2250 2249/2249/2249 
f 2249/2249/2249 2250/2250/2250 2251/2251/2251 
f 2250/2250/2250 2252/2252/2252 2251/2251/2251 
f 2251/2251/2251 2252/2252/2252 2253/2253/2253 
f 2252/2252/2252 2254/2254/2254 2253/2253/2253 
f 2253/2253/2253 2254/2254/2254 2255/2255/2255 
f 2254/2254/2254 2256/2256/2256 2255/2255/2255 
f 2255/2255/2255 2256/2256/2256 2257/2257/2257 
f 2256/2256/2256 2258/2258/2258 2257/2257/2257 
f 2257/2257/2257 2258/2258/2258 2259/2259/2259 
f 2258/2258/2258 2260/2260/2260 2259/2259/2259 
f 2259/2259/2259 2260/2260/2260 2261/2261/2261 
f 2260/2260/2260 2262/2262/2262 2261/2261/2261 
f 2261/2261/2261 2262/2262/2262 2262/2262/2262 
f 2262/2262/2262 2263/2263/2263 2262/2262/2262 
f 2262/2262/2262 2263/2263/2263 2263/2263/2263 
f 2263/2263/2263 2264/2264/2264 2263/2263/2263 
f 2263/2263/2263 2264/2264/2264 2265/2265/2265 
f 2264/2264/2264 2264/2264/2264 2265/2265/2265 
f 2265/2265/2265 2264/2264/2264 2266/2266/2266 
f 2264/2264/2264 2267/2267/2267 2266/2266/2266 
f 2266/2266/2266 2267/2267/2267 2268/2268/2268 
f 2267/2267/2267 2267/2267/2267 2268/2268/2268 
f 2268/2268/2268 2267/2267/2267 2269/2269/2269 
f 2267/2267/2267 2270/2270/2270 2269/2269/2269 
f 2269/2269/2269 2270/2270/2270 2271/2271/2271 
f 2270/2270/2270 2272/2272/2272 2271/2271/2271 
f 2271/2271/2271 2272/2272/2272 2273/2273/2273 
f 2272/2272/2272 2274/2274/2274 2273/2273/2273 
f 2273/2273/2273 2274/2274/2274 2275/2275/2275 
f 2274/2274/2274 2276/2276/2276 2275/2275/2275 
f 2275/2275/2275 2276/2276/2276 2277/2277/2277 
f 2276/2276/2276 2278/2278/2278 2277/2277/2277 
f 2277/2277/2277 2278/2278/2278 2279/2279/2279 
f 2278/2278/2278 2280/2280/2280 2279/2279/2279 
f 2279/2279/2279 2280/2280/2280 2280/2280/2280 
f 2280/2280/2280 2281/2281/2281 2280/2280/2280 
f 2280/2280/2280 2281/2281/2281 2281/2281/2281 
f 2281/2281/2281 2282/2282/2282 2281/2281/2281 
f 2281/2281/2281 2282/2282/2282 2283/2283/2283 
f 2282/2282/2282 2282/2282/2282 2283/2283/2283 
f 2283/2283/2283 2282/2282/2282 2284/2284/2284 
f 2282/2282/2282 2285/2285/2285 2284/2284/2284 
f 2284/2284/2284 2285/2285/2285 2286/2286/2286 
f 2285/2285/2285 2287/2287/2287 2286/2286/2286 
f 2286/2286/2286 2287/2287/2287 2288/2288/2288 
f 2287/2287/2287 2289/2289/2289 2288/2288/2288 
f 2288/2288/2288 2289/2289/2289 2290/2290/2290 
f 2289/2289/2289 2291/2291/2291 2290/2290/2290 
f 2290/2290/2290 2291/2291/2291 2292/2292/2292 
f 2291/2291/2291 2293/2293/2293 2292/2292/2292 
f 2292/2292/2292 2293/2293/2293 2294/2294/2294 
f 2293/2293/2293 2295/2295/2295 2294/2294/2294 
f 2294/2294/2294 2295/2295/2295 2296/2296/2296 
f 2295/2295/2295 2297/2297/2297 2296/2296/2296 
f 2296/2296/2296 2297/2297/2297 2298/2298/2298 
f 2297/2297/2297 2298/2298/2298 2298/2298/2298 
f 2298/2298/2298 2298/2298/2298 2299/2299/2299 
f 2298/2298/2298 2299/2299/2299 2299/2299/2299 
f 2299/2299/2299 2299/2299/2299 2300/2300/2300 
f 2299/2299/2299 2301/2301/2301 2300/2300/2300 
f 2300/2300/2300 2301/2301/2301 2302/2302/2302 
f 2301/2301/2301 2301/2301/2301 2302/2302/2302 
f 2302/2302/2302 2301/2301/2301 2303/2303/2303 
f 2301/2301/2301 2304/2304/2304 2303/2303/2303 
f 2303/2303/2303 2304/2304/2304 2303/2303/2303 
f 2304/2304/2304 2305/2305/2305 2303/2303/2303 
f 2303/2303/2303 2305/2305/2305 2306/2306/2306 
f 2305/2305/2305 2305/2305/2305 2306/2306/2306 
f 2306/2306/2306 2305/2305/2305 2307/2307/2307 
f 2305/2305/2305 2308/2308/2308 2307/2307/2307 
f 2307/2307/2307 2308/2308/2308 2307/2307/2307 
f 2308/2308/2308 2309/2309/2309 2307/2307/2307 
f 2307/2307/2307 2309/2309/2309 2310/2310/2310 
f 2309/2309/2309 2309/2309/2309 2310/2310/2310 
f 2310/2310/2310 2309/2309/2309 2311/2311/2311 
f 2309/2309/2309 2312/2312/2312 2311/2311/2311 
f 2311/2311/2311 2312/2312/2312 2313/2313/2313 
f 2312/2312/2312 2314/2314/2314 2313/2313/2313 
f 2313/2313/2313 2314/2314/2314 2313/2313/2313 
f 2314/2314/2314 2315/2315/2315 2313/2313/2313 
f 2313/2313/2313 2315/2315/2315 2316/2316/2316 
f 2315/2315/2315 2316/2316/2316 2316/2316/2316 
f 2316/2316/2316 2316/2316/2316 2317/2317/2317 
f 2316/2316/2316 2317/2317/2317 2317/2317/2317 
f 2317/2317/2317 2317/2317/2317 2318/2318/2318 
f 2317/2317/2317 2319/2319/2319 2318/2318/2318 
f 2318/2318/2318 2319/2319/2319 2320/2320/2320 
f 2319/2319/2319 2321/2321/2321 2320/2320/2320 
f 2320/2320/2320 2321/2321/2321 2322/2322/2322 
f 2321/2321/2321 2323/2323/2323 2322/2322/2322 
f 2322/2322/2322 2323/2323/2323 2324/2324/2324 
f 2323/2323/2323 2325/2325/2325 2324/2324/2324 
f 2324/2324/2324 2325/2325/2325 2326/2326/2326 
f 2325/2325/2325 2327/2327/2327 2326/2326/2326 
f 2326/2326/2326 2327/2327/2327 2328/2328/2328 
f 2327/2327/2327 2329/2329/2329 2328/2328/2328 
f 2328/2328/2328 2329/2329/2329 2330/2330/2330 
f 2329/2329/2329 2331/2331/2331 2330/2330/2330 
f 2330/2330/2330 2331/2331/2331 2332/2332/2332 
f 2331/2331/2331 2333/2333/2333 2332/2332/2332 
f 2332/2332/2332 2333/2333/2333 2334/2334/2334 
f 2333/2333/2333 2334/2334/2334 2334/2334/2334 
f 2334/2334/2334 2334/2334/2334 2335/2335/2335 
f 2334/2334/2334 2335/2335/2335 2335/2335/2335 
f 2335/2335/2335 2335/2335/2335 2336/2336/2336 
f 2335/2335/2335 2337/2337/2337 2336/2336/2336 
f 2336/2336/2336 2337/2337/2337 2338/2338/2338 
f 2337/2337/2337 2337/2337/2337 2338/2338/2338 
f 2338/2338/2338 2337/2337/2337 2339/2339/2339 
f 2337/2337/2337 2340/2340/2340 2339/2339/2339 
f 2339/2339/2339 2340/2340/2340 2341/2341/2341 
f 2340/2340/2340 2342/2342/2342 2341/2341/2341 
f 2341/2341/2341 2342/2342/2342 2341/2341/2341 
f 2342/2342/2342 2343/2343/2343 2341/2341/2341 
f 2341/2341/2341 2343/2343/2343 2344/2344/2344 
f 2343/2343/2343 2344/2344/2344 2344/2344/2344 
f 2344/2344/2344 2344/2344/2344 2340/2340/2340 
f 2344/2344/2344 2340/2340/2340 2340/2340/2340 
f 2340/2340/2340 2340/2340/2340 2345/2345/2345 
f 2340/2340/2340 2337/2337/2337 2345/2345/2345 
f 2345/2345/2345 2337/2337/2337 2346/2346/2346 
f 2337/2337/2337 2347/2347/2347 2346/2346/2346 
f 2346/2346/2346 2347/2347/2347 2347/2347/2347 
f 2347/2347/2347 2341/2341/2341 2347/2347/2347 
f 2347/2347/2347 2341/2341/2341 2341/2341/2341 
f 2341/2341/2341 2348/2348/2348 2341/2341/2341 
f 2341/2341/2341 2348/2348/2348 2339/2339/2339 
f 2348/2348/2348 2349/2349/2349 2339/2339/2339 
f 2339/2339/2339 2349/2349/2349 2350/2350/2350 
f 2349/2349/2349 2350/2350/2350 2350/2350/2350 
f 2350/2350/2350 2350/2350/2350 2351/2351/2351 
f 2350/2350/2350 2351/2351/2351 2351/2351/2351 
f 2351/2351/2351 2351/2351/2351 2352/2352/2352 
f 2351/2351/2351 2353/2353/2353 2352/2352/2352 
f 2352/2352/2352 2353/2353/2353 2352/2352/2352 
f 2353/2353/2353 2354/2354/2354 2352/2352/2352 
f 2352/2352/2352 2354/2354/2354 2355/2355/2355 
f 2354/2354/2354 2356/2356/2356 2355/2355/2355 
f 2355/2355/2355 2356/2356/2356 2357/2357/2357 
f 2356/2356/2356 2358/2358/2358 2357/2357/2357 
f 2357/2357/2357 2358/2358/2358 2359/2359/2359 
f 2358/2358/2358 2360/2360/2360 2359/2359/2359 
f 2359/2359/2359 2360/2360/2360 2361/2361/2361 
f 2360/2360/2360 2362/2362/2362 2361/2361/2361 
f 2361/2361/2361 2362/2362/2362 2363/2363/2363 
f 2362/2362/2362 2364/2364/2364 2363/2363/2363 
f 2363/2363/2363 2364/2364/2364 2365/2365/2365 
f 2364/2364/2364 2366/2366/2366 2365/2365/2365 
f 2365/2365/2365 2366/2366/2366 2367/2367/2367 
f 2366/2366/2366 2368/2368/2368 2367/2367/2367 
f 2367/2367/2367 2368/2368/2368 2368/2368/2368 
f 2368/2368/2368 2369/2369/2369 2368/2368/2368 
f 2368/2368/2368 2369/2369/2369 2369/2369/2369 
f 2369/2369/2369 2370/2370/2370 2369/2369/2369 
f 2369/2369/2369 2370/2370/2370 2371/2371/2371 
f 2370/2370/2370 2372/2372/2372 2371/2371/2371 
f 2371/2371/2371 2372/2372/2372 2373/2373/2373 
f 2372/2372/2372 2374/2374/2374 2373/2373/2373 
f 2373/2373/2373 2374/2374/2374 2375/2375/2375 
f 2374/2374/2374 2376/2376/2376 2375/2375/2375 
f 2375/2375/2375 2376/2376/2376 2377/2377/2377 
f 2376/2376/2376 2378/2378/2378 2377/2377/2377 
f 2377/2377/2377 2378/2378/2378 2379/2379/2379 
f 2378/2378/2378 2380/2380/2380 2379/2379/2379 
f 2379/2379/2379 2380/2380/2380 2381/2381/2381 
f 2380/2380/2380 2382/2382/2382 2381/2381/2381 
f 2381/2381/2381 2382/2382/2382 2383/2383/2383 
f 2382/2382/2382 2384/2384/2384 2383/2383/2383 
f 2383/2383/2383 2384/2384/2384 2385/2385/2385 
f 2384/2384/2384 2386/2386/2386 2385/2385/2385 
f 2385/2385/2385 2386/2386/2386 2386/2386/2386 
f 2386/2386/2386 2387/2387/2387 2386/2386/2386 
f 2386/2386/2386 2387/2387/2387 2387/2387/2387 
f 2387/2387/2387 2388/2388/2388 2387/2387/2387 
f 2387/2387/2387 2388/2388/2388 2389/2389/2389 
f 2388/2388/2388 2390/2390/2390 2389/2389/2389 
f 2389/2389/2389 2390/2390/2390 2391/2391/2391 
f 2390/2390/2390 2392/2392/2392 2391/2391/2391 
f 2391/2391/2391 2392/2392/2392 2393/2393/2393 
f 2392/2392/2392 2394/2394/2394 2393/2393/2393 
f 2393/2393/2393 2394/2394/2394 2395/2395/2395 
f 2394/2394/2394 2396/2396/2396 2395/2395/2395 
f 2395/2395/2395 2396/2396/2396 2397/2397/2397 
f 2396/2396/2396 2398/2398/2398 2397/2397/2397 
f 2397/2397/2397 2398/2398/2398 2397/2397/2397 
f 2398/2398/2398 2399/2399/2399 2397/2397/2397 
f 2397/2397/2397 2399/2399/2399 2400/2400/2400 
f 2399/2399/2399 2401/2401/2401 2400/2400/2400 
f 2400/2400/2400 2401/2401/2401 2402/2402/2402 
f 2401/2401/2401 2401/2401/2401 2402/2402/2402 
f 2402/2402/2402 2401/2401/2401 2403/2403/2403 
f 2401/2401/2401 2404/2404/2404 2403/2403/2403 
f 2403/2403/2403 2404/2404/2404 2404/2404/2404 
f 2404/2404/2404 2405/2405/2405 2404/2404/2404 
f 2404/2404/2404 2405/2405/2405 2405/2405/2405 
f 2405/2405/2405 2406/2406/2406 2405/2405/2405 
f 2405/2405/2405 2406/2406/2406 2407/2407/2407 
f 2406/2406/2406 2406/2406/2406 2407/2407/2407 
f 2407/2407/2407 2406/2406/2406 2408/2408/2408 
f 2406/2406/2406 2409/2409/2409 2408/2408/2408 
f 2408/2408/2408 2409/2409/2409 2410/2410/2410 
f 2409/2409/2409 2411/2411/2411 2410/2410/2410 
f 2410/2410/2410 2411/2411/2411 2412/2412/2412 
f 2411/2411/2411 2413/2413/2413 2412/2412/2412 
f 2412/2412/2412 2413/2413/2413 2414/2414/2414 
f 2413/2413/2413 2415/2415/2415 2414/2414/2414 
f 2414/2414/2414 2415/2415/2415 2416/2416/2416 
f 2415/2415/2415 2417/2417/2417 2416/2416/2416 
f 2416/2416/2416 2417/2417/2417 2418/2418/2418 
f 2417/2417/2417 2419/2419/2419 2418/2418/2418 
f 2418/2418/2418 2419/2419/2419 2420/2420/2420 
f 2419/2419/2419 2421/2421/2421 2420/2420/2420 
f 2420/2420/2420 2421/2421/2421 2422/2422/2422 
f 2421/2421/2421 2422/2422/2422 2422/2422/2422 
f 2422/2422/2422 2422/2422/2422 2423/2423/2423 
f 2422/2422/2422 2423/2423/2423 2423/2423/2423 
f 2423/2423/2423 2423/2423/2423 2424/2424/2424 
f 2423/2423/2423 2425/2425/2425 2424/2424/2424 
f 2424/2424/2424 2425/2425/2425 2426/2426/2426 
f 2425/2425/2425 2426/2426/2426 2426/2426/2426 
f 2426/2426/2426 2426/2426/2426 2427/2427/2427 
f 2426/2426/2426 2427/2427/2427 2427/2427/2427 
f 2427/2427/2427 2427/2427/2427 2428/2428/2428 
f 2427/2427/2427 2429/2429/2429 2428/2428/2428 
f 2428/2428/2428 2429/2429/2429 2428/2428/2428 
f 2429/2429/2429 2430/2430/2430 2428/2428/2428 
f 2428/2428/2428 2430/2430/2430 2428/2428/2428 
f 2430/2430/2430 2431/2431/2431 2428/2428/2428 
f 2428/2428/2428 2431/2431/2431 2432/2432/2432 
f 2431/2431/2431 2433/2433/2433 2432/2432/2432 
f 2432/2432/2432 2433/2433/2433 2423/2423/2423 
f 2433/2433/2433 2425/2425/2425 2423/2423/2423 
f 2423/2423/2423 2425/2425/2425 2425/2425/2425 
f 2425/2425/2425 2425/2425/2425 2425/2425/2425 
f 2425/2425/2425 2425/2425/2425 2425/2425/2425 
f 2425/2425/2425 2434/2434/2434 2425/2425/2425 
f 2425/2425/2425 2434/2434/2434 2426/2426/2426 
f 2434/2434/2434 2434/2434/2434 2426/2426/2426 
f 2426/2426/2426 2434/2434/2434 2435/2435/2435 
f 2434/2434/2434 2436/2436/2436 2435/2435/2435 
f 2435/2435/2435 2436/2436/2436 2437/2437/2437 
f 2436/2436/2436 2438/2438/2438 2437/2437/2437 
f 2437/2437/2437 2438/2438/2438 2437/2437/2437 
f 2438/2438/2438 2439/2439/2439 2437/2437/2437 
f 2437/2437/2437 2439/2439/2439 2440/2440/2440 
f 2439/2439/2439 2440/2440/2440 2440/2440/2440 
f 2440/2440/2440 2440/2440/2440 2441/2441/2441 
f 2440/2440/2440 2441/2441/2441 2441/2441/2441 
f 2441/2441/2441 2441/2441/2441 2442/2442/2442 
f 2441/2441/2441 2443/2443/2443 2442/2442/2442 
f 2442/2442/2442 2443/2443/2443 2444/2444/2444 
f 2443/2443/2443 2444/2444/2444 2444/2444/2444 
f 2444/2444/2444 2444/2444/2444 2443/2443/2443 
f 2444/2444/2444 2443/2443/2443 2443/2443/2443 
f 2443/2443/2443 2443/2443/2443 2445/2445/2445 
f 2443/2443/2443 2441/2441/2441 2445/2445/2445 
f 2445/2445/2445 2441/2441/2441 2445/2445/2445 
f 2441/2441/2441 2446/2446/2446 2445/2445/2445 
f 2445/2445/2445 2446/2446/2446 2447/2447/2447 
f 2446/2446/2446 2448/2448/2448 2447/2447/2447 
f 2447/2447/2447 2448/2448/2448 2449/2449/2449 
f 2448/2448/2448 2450/2450/2450 2449/2449/2449 
f 2449/2449/2449 2450/2450/2450 2451/2451/2451 
f 2450/2450/2450 2452/2452/2452 2451/2451/2451 
f 2451/2451/2451 2452/2452/2452 2452/2452/2452 
f 2452/2452/2452 2442/2442/2442 2452/2452/2452 
f 2452/2452/2452 2442/2442/2442 2442/2442/2442 
f 2442/2442/2442 2444/2444/2444 2442/2442/2442 
f 2442/2442/2442 2444/2444/2444 2453/2453/2453 
f 2444/2444/2444 2454/2454/2454 2453/2453/2453 
f 2453/2453/2453 2454/2454/2454 2455/2455/2455 
f 2454/2454/2454 2456/2456/2456 2455/2455/2455 
f 2455/2455/2455 2456/2456/2456 2457/2457/2457 
f 2456/2456/2456 2458/2458/2458 2457/2457/2457 
f 2457/2457/2457 2458/2458/2458 2458/2458/2458 
f 2458/2458/2458 2459/2459/2459 2458/2458/2458 
f 2458/2458/2458 2459/2459/2459 2459/2459/2459 
f 2459/2459/2459 2460/2460/2460 2459/2459/2459 
f 2459/2459/2459 2460/2460/2460 2461/2461/2461 
f 2460/2460/2460 2460/2460/2460 2461/2461/2461 
f 2461/2461/2461 2460/2460/2460 2462/2462/2462 
f 2460/2460/2460 2460/2460/2460 2462/2462/2462 
f 2462/2462/2462 2460/2460/2460 2463/2463/2463 
f 2460/2460/2460 2464/2464/2464 2463/2463/2463 
f 2463/2463/2463 2464/2464/2464 2465/2465/2465 
f 2464/2464/2464 2466/2466/2466 2465/2465/2465 
f 2465/2465/2465 2466/2466/2466 2465/2465/2465 
f 2466/2466/2466 2467/2467/2467 2465/2465/2465 
f 2465/2465/2465 2467/2467/2467 2468/2468/2468 
f 2467/2467/2467 2468/2468/2468 2468/2468/2468 
f 2468/2468/2468 2468/2468/2468 2460/2460/2460 
f 2468/2468/2468 2460/2460/2460 2460/2460/2460 
f 2460/2460/2460 2460/2460/2460 2464/2464/2464 
f 2460/2460/2460 2469/2469/2469 2464/2464/2464 
f 2464/2464/2464 2469/2469/2469 2464/2464/2464 
f 2469/2469/2469 2470/2470/2470 2464/2464/2464 
f 2464/2464/2464 2470/2470/2470 2471/2471/2471 
f 2470/2470/2470 2471/2471/2471 2471/2471/2471 
f 2471/2471/2471 2471/2471/2471 2465/2465/2465 
f 2471/2471/2471 2465/2465/2465 2465/2465/2465 
f 2465/2465/2465 2465/2465/2465 2463/2463/2463 
f 2465/2465/2465 2472/2472/2472 2463/2463/2463 
f 2463/2463/2463 2472/2472/2472 2463/2463/2463 
f 2472/2472/2472 2473/2473/2473 2463/2463/2463 
f 2463/2463/2463 2473/2473/2473 2474/2474/2474 
f 2473/2473/2473 2474/2474/2474 2474/2474/2474 
f 2474/2474/2474 2474/2474/2474 2475/2475/2475 
f 2474/2474/2474 2475/2475/2475 2475/2475/2475 
f 2475/2475/2475 2475/2475/2475 2476/2476/2476 
f 2475/2475/2475 2477/2477/2477 2476/2476/2476 
f 2476/2476/2476 2477/2477/2477 2478/2478/2478 
f 2477/2477/2477 2479/2479/2479 2478/2478/2478 
f 2478/2478/2478 2479/2479/2479 2480/2480/2480 
f 2479/2479/2479 2481/2481/2481 2480/2480/2480 
f 2480/2480/2480 2481/2481/2481 2482/2482/2482 
f 2481/2481/2481 2483/2483/2483 2482/2482/2482 
f 2482/2482/2482 2483/2483/2483 2484/2484/2484 
f 2483/2483/2483 2485/2485/2485 2484/2484/2484 
f 2484/2484/2484 2485/2485/2485 2486/2486/2486 
f 2485/2485/2485 2487/2487/2487 2486/2486/2486 
f 2486/2486/2486 2487/2487/2487 2488/2488/2488 
f 2487/2487/2487 2489/2489/2489 2488/2488/2488 
f 2488/2488/2488 2489/2489/2489 2490/2490/2490 
f 2489/2489/2489 2491/2491/2491 2490/2490/2490 
f 2490/2490/2490 2491/2491/2491 2492/2492/2492 
f 2491/2491/2491 2492/2492/2492 2492/2492/2492 
f 2492/2492/2492 2492/2492/2492 2493/2493/2493 
f 2492/2492/2492 2493/2493/2493 2493/2493/2493 
f 2493/2493/2493 2493/2493/2493 2494/2494/2494 
f 2493/2493/2493 2495/2495/2495 2494/2494/2494 
f 2494/2494/2494 2495/2495/2495 2496/2496/2496 
f 2495/2495/2495 2497/2497/2497 2496/2496/2496 
f 2496/2496/2496 2497/2497/2497 2498/2498/2498 
f 2497/2497/2497 2499/2499/2499 2498/2498/2498 
f 2498/2498/2498 2499/2499/2499 2500/2500/2500 
f 2499/2499/2499 2501/2501/2501 2500/2500/2500 
f 2500/2500/2500 2501/2501/2501 2502/2502/2502 
f 2501/2501/2501 2503/2503/2503 2502/2502/2502 
f 2502/2502/2502 2503/2503/2503 2504/2504/2504 
f 2503/2503/2503 2505/2505/2505 2504/2504/2504 
f 2504/2504/2504 2505/2505/2505 2506/2506/2506 
f 2505/2505/2505 2507/2507/2507 2506/2506/2506 
f 2506/2506/2506 2507/2507/2507 2508/2508/2508 
f 2507/2507/2507 2509/2509/2509 2508/2508/2508 
f 2508/2508/2508 2509/2509/2509 2510/2510/2510 
f 2509/2509/2509 2510/2510/2510 2510/2510/2510 
f 2510/2510/2510 2510/2510/2510 2511/2511/2511 
f 2510/2510/2510 2511/2511/2511 2511/2511/2511 
f 2511/2511/2511 2511/2511/2511 2512/2512/2512 
f 2511/2511/2511 2513/2513/2513 2512/2512/2512 
f 2512/2512/2512 2513/2513/2513 2512/2512/2512 
f 2513/2513/2513 2514/2514/2514 2512/2512/2512 
f 2512/2512/2512 2514/2514/2514 2512/2512/2512 
f 2514/2514/2514 2515/2515/2515 2512/2512/2512 
f 2512/2512/2512 2515/2515/2515 2516/2516/2516 
f 2515/2515/2515 2517/2517/2517 2516/2516/2516 
f 2516/2516/2516 2517/2517/2517 2518/2518/2518 
f 2517/2517/2517 2519/2519/2519 2518/2518/2518 
f 2518/2518/2518 2519/2519/2519 2520/2520/2520 
f 2519/2519/2519 2519/2519/2519 2520/2520/2520 
f 2520/2520/2520 2519/2519/2519 2521/2521/2521 
f 2519/2519/2519 2522/2522/2522 2521/2521/2521 
f 2521/2521/2521 2522/2522/2522 2523/2523/2523 
f 2522/2522/2522 2524/2524/2524 2523/2523/2523 
f 2523/2523/2523 2524/2524/2524 2525/2525/2525 
f 2524/2524/2524 2526/2526/2526 2525/2525/2525 
f 2525/2525/2525 2526/2526/2526 2525/2525/2525 
f 2526/2526/2526 2527/2527/2527 2525/2525/2525 
f 2525/2525/2525 2527/2527/2527 2528/2528/2528 
f 2527/2527/2527 2528/2528/2528 2528/2528/2528 
f 2528/2528/2528 2528/2528/2528 2529/2529/2529 
f 2528/2528/2528 2529/2529/2529 2529/2529/2529 
f 2529/2529/2529 2529/2529/2529 2530/2530/2530 
f 2529/2529/2529 2531/2531/2531 2530/2530/2530 
f 2530/2530/2530 2531/2531/2531 2530/2530/2530 
f 2531/2531/2531 2532/2532/2532 2530/2530/2530 
f 2530/2530/2530 2532/2532/2532 2533/2533/2533 
f 2532/2532/2532 2534/2534/2534 2533/2533/2533 
f 2533/2533/2533 2534/2534/2534 2535/2535/2535 
f 2534/2534/2534 2536/2536/2536 2535/2535/2535 
f 2535/2535/2535 2536/2536/2536 2537/2537/2537 
f 2536/2536/2536 2538/2538/2538 2537/2537/2537 
f 2537/2537/2537 2538/2538/2538 2539/2539/2539 
f 2538/2538/2538 2540/2540/2540 2539/2539/2539 
f 2539/2539/2539 2540/2540/2540 2541/2541/2541 
f 2540/2540/2540 2542/2542/2542 2541/2541/2541 
f 2541/2541/2541 2542/2542/2542 2543/2543/2543 
f 2542/2542/2542 2544/2544/2544 2543/2543/2543 
f 2543/2543/2543 2544/2544/2544 2545/2545/2545 
f 2544/2544/2544 2546/2546/2546 2545/2545/2545 
f 2545/2545/2545 2546/2546/2546 2546/2546/2546 
f 2546/2546/2546 2547/2547/2547 2546/2546/2546 
f 2546/2546/2546 2547/2547/2547 2547/2547/2547 
f 2547/2547/2547 2548/2548/2548 2547/2547/2547 
f 2547/2547/2547 2548/2548/2548 2549/2549/2549 
f 2548/2548/2548 2550/2550/2550 2549/2549/2549 
f 2549/2549/2549 2550/2550/2550 2550/2550/2550 
f 2550/2550/2550 2551/2551/2551 2550/2550/2550 
f 2550/2550/2550 2551/2551/2551 2551/2551/2551 
f 2551/2551/2551 2552/2552/2552 2551/2551/2551 
f 2551/2551/2551 2552/2552/2552 2553/2553/2553 
f 2552/2552/2552 2554/2554/2554 2553/2553/2553 
f 2553/2553/2553 2554/2554/2554 2553/2553/2553 
f 2554/2554/2554 2555/2555/2555 2553/2553/2553 
f 2553/2553/2553 2555/2555/2555 2556/2556/2556 
f 2555/2555/2555 2557/2557/2557 2556/2556/2556 
f 2556/2556/2556 2557/2557/2557 2547/2547/2547 
f 2557/2557/2557 2548/2548/2548 2547/2547/2547 
f 2547/2547/2547 2548/2548/2548 2548/2548/2548 
f 2548/2548/2548 2548/2548/2548 2548/2548/2548 
f 2548/2548/2548 2548/2548/2548 2548/2548/2548 
f 2548/2548/2548 2558/2558/2558 2548/2548/2548 
f 2548/2548/2548 2558/2558/2558 2550/2550/2550 
f 2558/2558/2558 2558/2558/2558 2550/2550/2550 
f 2550/2550/2550 2558/2558/2558 2559/2559/2559 
f 2558/2558/2558 2560/2560/2560 2559/2559/2559 
f 2559/2559/2559 2560/2560/2560 2561/2561/2561 
f 2560/2560/2560 2562/2562/2562 2561/2561/2561 
f 2561/2561/2561 2562/2562/2562 2561/2561/2561 
f 2562/2562/2562 2563/2563/2563 2561/2561/2561 
f 2561/2561/2561 2563/2563/2563 2564/2564/2564 
f 2563/2563/2563 2564/2564/2564 2564/2564/2564 
f 2564/2564/2564 2564/2564/2564 2565/2565/2565 
f 2564/2564/2564 2565/2565/2565 2565/2565/2565 
f 2565/2565/2565 2565/2565/2565 2566/2566/2566 
f 2565/2565/2565 2567/2567/2567 2566/2566/2566 
f 2566/2566/2566 2567/2567/2567 2568/2568/2568 
f 2567/2567/2567 2568/2568/2568 2568/2568/2568 
f 2568/2568/2568 2568/2568/2568 2567/2567/2567 
f 2568/2568/2568 2567/2567/2567 2567/2567/2567 
f 2567/2567/2567 2567/2567/2567 2569/2569/2569 
f 2567/2567/2567 2565/2565/2565 2569/2569/2569 
f 2569/2569/2569 2565/2565/2565 2569/2569/2569 
f 2565/2565/2565 2570/2570/2570 2569/2569/2569 
f 2569/2569/2569 2570/2570/2570 2571/2571/2571 
f 2570/2570/2570 2572/2572/2572 2571/2571/2571 
f 2571/2571/2571 2572/2572/2572 2573/2573/2573 
f 2572/2572/2572 2574/2574/2574 2573/2573/2573 
f 2573/2573/2573 2574/2574/2574 2575/2575/2575 
f 2574/2574/2574 2576/2576/2576 2575/2575/2575 
f 2575/2575/2575 2576/2576/2576 2576/2576/2576 
f 2576/2576/2576 2566/2566/2566 2576/2576/2576 
f 2576/2576/2576 2566/2566/2566 2566/2566/2566 
f 2566/2566/2566 2568/2568/2568 2566/2566/2566 
f 2566/2566/2566 2568/2568/2568 2577/2577/2577 
f 2568/2568/2568 2578/2578/2578 2577/2577/2577 
f 2577/2577/2577 2578/2578/2578 2579/2579/2579 
f 2578/2578/2578 2580/2580/2580 2579/2579/2579 
f 2579/2579/2579 2580/2580/2580 2581/2581/2581 
f 2580/2580/2580 2582/2582/2582 2581/2581/2581 
f 2581/2581/2581 2582/2582/2582 2582/2582/2582 
f 2582/2582/2582 2583/2583/2583 2582/2582/2582 
f 2582/2582/2582 2583/2583/2583 2583/2583/2583 
f 2583/2583/2583 2584/2584/2584 2583/2583/2583 
f 2583/2583/2583 2584/2584/2584 2585/2585/2585 
f 2584/2584/2584 2584/2584/2584 2585/2585/2585 
f 2585/2585/2585 2584/2584/2584 2586/2586/2586 
f 2584/2584/2584 2584/2584/2584 2586/2586/2586 
f 2586/2586/2586 2584/2584/2584 2587/2587/2587 
f 2584/2584/2584 2588/2588/2588 2587/2587/2587 
f 2587/2587/2587 2588/2588/2588 2589/2589/2589 
f 2588/2588/2588 2590/2590/2590 2589/2589/2589 
f 2589/2589/2589 2590/2590/2590 2589/2589/2589 
f 2590/2590/2590 2591/2591/2591 2589/2589/2589 
f 2589/2589/2589 2591/2591/2591 2592/2592/2592 
f 2591/2591/2591 2592/2592/2592 2592/2592/2592 
f 2592/2592/2592 2592/2592/2592 2584/2584/2584 
f 2592/2592/2592 2584/2584/2584 2584/2584/2584 
f 2584/2584/2584 2584/2584/2584 2588/2588/2588 
f 2584/2584/2584 2593/2593/2593 2588/2588/2588 
f 2588/2588/2588 2593/2593/2593 2588/2588/2588 
f 2593/2593/2593 2594/2594/2594 2588/2588/2588 
f 2588/2588/2588 2594/2594/2594 2595/2595/2595 
f 2594/2594/2594 2595/2595/2595 2595/2595/2595 
f 2595/2595/2595 2595/2595/2595 2589/2589/2589 
f 2595/2595/2595 2589/2589/2589 2589/2589/2589 
f 2589/2589/2589 2589/2589/2589 2587/2587/2587 
f 2589/2589/2589 2596/2596/2596 2587/2587/2587 
f 2587/2587/2587 2596/2596/2596 2587/2587/2587 
f 2596/2596/2596 2597/2597/2597 2587/2587/2587 
f 2587/2587/2587 2597/2597/2597 2598/2598/2598 
f 2597/2597/2597 2598/2598/2598 2598/2598/2598 
f 2598/2598/2598 2598/2598/2598 2599/2599/2599 
f 2598/2598/2598 2599/2599/2599 2599/2599/2599 
f 2599/2599/2599 2599/2599/2599 2600/2600/2600 
f 2599/2599/2599 2601/2601/2601 2600/2600/2600 
f 2600/2600/2600 2601/2601/2601 2602/2602/2602 
f 2601/2601/2601 2603/2603/2603 2602/2602/2602 
f 2602/2602/2602 2603/2603/2603 2604/2604/2604 
f 2603/2603/2603 2605/2605/2605 2604/2604/2604 
f 2604/2604/2604 2605/2605/2605 2606/2606/2606 
f 2605/2605/2605 2607/2607/2607 2606/2606/2606 
f 2606/2606/2606 2607/2607/2607 2608/2608/2608 
f 2607/2607/2607 2609/2609/2609 2608/2608/2608 
f 2608/2608/2608 2609/2609/2609 2610/2610/2610 
f 2609/2609/2609 2611/2611/2611 2610/2610/2610 
f 2610/2610/2610 2611/2611/2611 2612/2612/2612 
f 2611/2611/2611 2613/2613/2613 2612/2612/2612 
f 2612/2612/2612 2613/2613/2613 2614/2614/2614 
f 2613/2613/2613 2615/2615/2615 2614/2614/2614 
f 2614/2614/2614 2615/2615/2615 2616/2616/2616 
f 2615/2615/2615 2616/2616/2616 2616/2616/2616 
f 2616/2616/2616 2616/2616/2616 2617/2617/2617 
f 2616/2616/2616 2617/2617/2617 2617/2617/2617 
f 2617/2617/2617 2617/2617/2617 2618/2618/2618 
f 2617/2617/2617 2619/2619/2619 2618/2618/2618 
f 2618/2618/2618 2619/2619/2619 2620/2620/2620 
f 2619/2619/2619 2621/2621/2621 2620/2620/2620 
f 2620/2620/2620 2621/2621/2621 2622/2622/2622 
f 2621/2621/2621 2623/2623/2623 2622/2622/2622 
f 2622/2622/2622 2623/2623/2623 2624/2624/2624 
f 2623/2623/2623 2625/2625/2625 2624/2624/2624 
f 2624/2624/2624 2625/2625/2625 2626/2626/2626 
f 2625/2625/2625 2627/2627/2627 2626/2626/2626 
f 2626/2626/2626 2627/2627/2627 2628/2628/2628 
f 2627/2627/2627 2629/2629/2629 2628/2628/2628 
f 2628/2628/2628 2629/2629/2629 2630/2630/2630 
f 2629/2629/2629 2631/2631/2631 2630/2630/2630 
f 2630/2630/2630 2631/2631/2631 2632/2632/2632 
f 2631/2631/2631 2633/2633/2633 2632/2632/2632 
f 2632/2632/2632 2633/2633/2633 2634/2634/2634 
f 2633/2633/2633 2634/2634/2634 2634/2634/2634 
f 2634/2634/2634 2634/2634/2634 2635/2635/2635 
f 2634/2634/2634 2635/2635/2635 2635/2635/2635 
f 2635/2635/2635 2635/2635/2635 2636/2636/2636 
f 2635/2635/2635 2637/2637/2637 2636/2636/2636 
f 2636/2636/2636 2637/2637/2637 2636/2636/2636 
f 2637/2637/2637 2638/2638/2638 2636/2636/2636 
f 2636/2636/2636 2638/2638/2638 2636/2636/2636 
f 2638/2638/2638 2639/2639/2639 2636/2636/2636 
f 2636/2636/2636 2639/2639/2639 2640/2640/2640 
f 2639/2639/2639 2641/2641/2641 2640/2640/2640 
f 2640/2640/2640 2641/2641/2641 2642/2642/2642 
f 2641/2641/2641 2643/2643/2643 2642/2642/2642 
f 2642/2642/2642 2643/2643/2643 2644/2644/2644 
f 2643/2643/2643 2643/2643/2643 2644/2644/2644 
f 2644/2644/2644 2643/2643/2643 2645/2645/2645 
f 2643/2643/2643 2646/2646/2646 2645/2645/2645 
f 2645/2645/2645 2646/2646/2646 2647/2647/2647 
f 2646/2646/2646 2648/2648/2648 2647/2647/2647 
f 2647/2647/2647 2648/2648/2648 2649/2649/2649 
f 2648/2648/2648 2650/2650/2650 2649/2649/2649 
f 2649/2649/2649 2650/2650/2650 2649/2649/2649 
f 2650/2650/2650 2651/2651/2651 2649/2649/2649 
f 2649/2649/2649 2651/2651/2651 2652/2652/2652 
f 2651/2651/2651 2652/2652/2652 2652/2652/2652 
f 2652/2652/2652 2652/2652/2652 2653/2653/2653 
f 2652/2652/2652 2653/2653/2653 2653/2653/2653 
f 2653/2653/2653 2653/2653/2653 2654/2654/2654 
f 2653/2653/2653 2655/2655/2655 2654/2654/2654 
f 2654/2654/2654 2655/2655/2655 2654/2654/2654 
f 2655/2655/2655 2656/2656/2656 2654/2654/2654 
f 2654/2654/2654 2656/2656/2656 2657/2657/2657 
f 2656/2656/2656 2658/2658/2658 2657/2657/2657 
f 2657/2657/2657 2658/2658/2658 2659/2659/2659 
f 2658/2658/2658 2660/2660/2660 2659/2659/2659 
f 2659/2659/2659 2660/2660/2660 2661/2661/2661 
f 2660/2660/2660 2662/2662/2662 2661/2661/2661 
f 2661/2661/2661 2662/2662/2662 2663/2663/2663 
f 2662/2662/2662 2664/2664/2664 2663/2663/2663 
f 2663/2663/2663 2664/2664/2664 2665/2665/2665 
f 2664/2664/2664 2666/2666/2666 2665/2665/2665 
f 2665/2665/2665 2666/2666/2666 2667/2667/2667 
f 2666/2666/2666 2668/2668/2668 2667/2667/2667 
f 2667/2667/2667 2668/2668/2668 2669/2669/2669 
f 2668/2668/2668 2670/2670/2670 2669/2669/2669 
f 2669/2669/2669 2670/2670/2670 2670/2670/2670 
f 2670/2670/2670 2671/2671/2671 2670/2670/2670 
f 2670/2670/2670 2671/2671/2671 2671/2671/2671 
f 2671/2671/2671 2672/2672/2672 2671/2671/2671 
f 2671/2671/2671 2672/2672/2672 2673/2673/2673 
f 2672/2672/2672 2674/2674/2674 2673/2673/2673 
f 2673/2673/2673 2674/2674/2674 2674/2674/2674 
f 2674/2674/2674 2675/2675/2675 2674/2674/2674 
f 2674/2674/2674 2675/2675/2675 2675/2675/2675 
f 2675/2675/2675 2676/2676/2676 2675/2675/2675 
f 2675/2675/2675 2676/2676/2676 2677/2677/2677 
f 2676/2676/2676 2678/2678/2678 2677/2677/2677 
f 2677/2677/2677 2678/2678/2678 2677/2677/2677 
f 2678/2678/2678 2679/2679/2679 2677/2677/2677 
f 2677/2677/2677 2679/2679/2679 2680/2680/2680 
f 2679/2679/2679 2681/2681/2681 2680/2680/2680 
f 2680/2680/2680 2681/2681/2681 2671/2671/2671 
f 2681/2681/2681 2672/2672/2672 2671/2671/2671 
f 2671/2671/2671 2672/2672/2672 2672/2672/2672 
f 2672/2672/2672 2672/2672/2672 2672/2672/2672 
f 2672/2672/2672 2672/2672/2672 2672/2672/2672 
f 2672/2672/2672 2682/2682/2682 2672/2672/2672 
f 2672/2672/2672 2682/2682/2682 2674/2674/2674 
f 2682/2682/2682 2682/2682/2682 2674/2674/2674 
f 2674/2674/2674 2682/2682/2682 2683/2683/2683 
f 2682/2682/2682 2684/2684/2684 2683/2683/2683 
f 2683/2683/2683 2684/2684/2684 2685/2685/2685 
f 2684/2684/2684 2686/2686/2686 2685/2685/2685 
f 2685/2685/2685 2686/2686/2686 2685/2685/2685 
f 2686/2686/2686 2687/2687/2687 2685/2685/2685 
f 2685/2685/2685 2687/2687/2687 2688/2688/2688 
f 2687/2687/2687 2688/2688/2688 2688/2688/2688 
f 2688/2688/2688 2688/2688/2688 2689/2689/2689 
f 2688/2688/2688 2689/2689/2689 2689/2689/2689 
f 2689/2689/2689 2689/2689/2689 2690/2690/2690 
f 2689/2689/2689 2691/2691/2691 2690/2690/2690 
f 2690/2690/2690 2691/2691/2691 2692/2692/2692 
f 2691/2691/2691 2692/2692/2692 2692/2692/2692 
f 2692/2692/2692 2692/2692/2692 2691/2691/2691 
f 2692/2692/2692 2691/2691/2691 2691/2691/2691 
f 2691/2691/2691 2691/2691/2691 2693/2693/2693 
f 2691/2691/2691 2689/2689/2689 2693/2693/2693 
f 2693/2693/2693 2689/2689/2689 2693/2693/2693 
f 2689/2689/2689 2694/2694/2694 2693/2693/2693 
f 2693/2693/2693 2694/2694/2694 2695/2695/2695 
f 2694/2694/2694 2696/2696/2696 2695/2695/2695 
f 2695/2695/2695 2696/2696/2696 2697/2697/2697 
f 2696/2696/2696 2698/2698/2698 2697/2697/2697 
f 2697/2697/2697 2698/2698/2698 2699/2699/2699 
f 2698/2698/2698 2700/2700/2700 2699/2699/2699 
f 2699/2699/2699 2700/2700/2700 2700/2700/2700 
f 2700/2700/2700 2690/2690/2690 2700/2700/2700 
f 2700/2700/2700 2690/2690/2690 2690/2690/2690 
f 2690/2690/2690 2692/2692/2692 2690/2690/2690 
f 2690/2690/2690 2692/2692/2692 2701/2701/2701 
f 2692/2692/2692 2702/2702/2702 2701/2701/2701 
f 2701/2701/2701 2702/2702/2702 2703/2703/2703 
f 2702/2702/2702 2704/2704/2704 2703/2703/2703 
f 2703/2703/2703 2704/2704/2704 2705/2705/2705 
f 2704/2704/2704 2706/2706/2706 2705/2705/2705 
f 2705/2705/2705 2706/2706/2706 2706/2706/2706 
f 2706/2706/2706 2707/2707/2707 2706/2706/2706 
f 2706/2706/2706 2707/2707/2707 2707/2707/2707 
f 2707/2707/2707 2708/2708/2708 2707/2707/2707 
f 2707/2707/2707 2708/2708/2708 2709/2709/2709 
f 2708/2708/2708 2708/2708/2708 2709/2709/2709 
f 2709/2709/2709 2708/2708/2708 2710/2710/2710 
f 2708/2708/2708 2708/2708/2708 2710/2710/2710 
f 2710/2710/2710 2708/2708/2708 2711/2711/2711 
f 2708/2708/2708 2712/2712/2712 2711/2711/2711 
f 2711/2711/2711 2712/2712/2712 2713/2713/2713 
f 2712/2712/2712 2714/2714/2714 2713/2713/2713 
f 2713/2713/2713 2714/2714/2714 2713/2713/2713 
f 2714/2714/2714 2715/2715/2715 2713/2713/2713 
f 2713/2713/2713 2715/2715/2715 2716/2716/2716 
f 2715/2715/2715 2716/2716/2716 2716/2716/2716 
f 2716/2716/2716 2716/2716/2716 2708/2708/2708 
f 2716/2716/2716 2708/2708/2708 2708/2708/2708 
f 2708/2708/2708 2708/2708/2708 2712/2712/2712 
f 2708/2708/2708 2717/2717/2717 2712/2712/2712 
f 2712/2712/2712 2717/2717/2717 2712/2712/2712 
f 2717/2717/2717 2718/2718/2718 2712/2712/2712 
f 2712/2712/2712 2718/2718/2718 2719/2719/2719 
f 2718/2718/2718 2719/2719/2719 2719/2719/2719 
f 2719/2719/2719 2719/2719/2719 2713/2713/2713 
f 2719/2719/2719 2713/2713/2713 2713/2713/2713 
f 2713/2713/2713 2713/2713/2713 2711/2711/2711 
f 2713/2713/2713 2720/2720/2720 2711/2711/2711 
f 2711/2711/2711 2720/2720/2720 2711/2711/2711 
f 2720/2720/2720 2721/2721/2721 2711/2711/2711 
f 2711/2711/2711 2721/2721/2721 2722/2722/2722 
f 2721/2721/2721 2722/2722/2722 2722/2722/2722 
f 2722/2722/2722 2722/2722/2722 2723/2723/2723 
f 2722/2722/2722 2723/2723/2723 2723/2723/2723 
f 2723/2723/2723 2723/2723/2723 2724/2724/2724 
f 2723/2723/2723 2725/2725/2725 2724/2724/2724 
f 2724/2724/2724 2725/2725/2725 2726/2726/2726 
f 2725/2725/2725 2727/2727/2727 2726/2726/2726 
f 2726/2726/2726 2727/2727/2727 2728/2728/2728 
f 2727/2727/2727 2729/2729/2729 2728/2728/2728 
f 2728/2728/2728 2729/2729/2729 2730/2730/2730 
f 2729/2729/2729 2731/2731/2731 2730/2730/2730 
f 2730/2730/2730 2731/2731/2731 2732/2732/2732 
f 2731/2731/2731 2733/2733/2733 2732/2732/2732 
f 2732/2732/2732 2733/2733/2733 2734/2734/2734 
f 2733/2733/2733 2735/2735/2735 2734/2734/2734 
f 2734/2734/2734 2735/2735/2735 2736/2736/2736 
f 2735/2735/2735 2737/2737/2737 2736/2736/2736 
f 2736/2736/2736 2737/2737/2737 2738/2738/2738 
f 2737/2737/2737 2739/2739/2739 2738/2738/2738 
f 2738/2738/2738 2739/2739/2739 2740/2740/2740 
f 2739/2739/2739 2740/2740/2740 2740/2740/2740 
f 2740/2740/2740 2740/2740/2740 2741/2741/2741 
f 2740/2740/2740 2741/2741/2741 2741/2741/2741 
f 2741/2741/2741 2741/2741/2741 2742/2742/2742 
f 2741/2741/2741 2743/2743/2743 2742/2742/2742 
f 2742/2742/2742 2743/2743/2743 2744/2744/2744 
f 2743/2743/2743 2745/2745/2745 2744/2744/2744 
f 2744/2744/2744 2745/2745/2745 2746/2746/2746 
f 2745/2745/2745 2747/2747/2747 2746/2746/2746 
f 2746/2746/2746 2747/2747/2747 2748/2748/2748 
f 2747/2747/2747 2749/2749/2749 2748/2748/2748 
f 2748/2748/2748 2749/2749/2749 2750/2750/2750 
f 2749/2749/2749 2751/2751/2751 2750/2750/2750 
f 2750/2750/2750 2751/2751/2751 2752/2752/2752 
f 2751/2751/2751 2753/2753/2753 2752/2752/2752 
f 2752/2752/2752 2753/2753/2753 2754/2754/2754 
f 2753/2753/2753 2755/2755/2755 2754/2754/2754 
f 2754/2754/2754 2755/2755/2755 2756/2756/2756 
f 2755/2755/2755 2757/2757/2757 2756/2756/2756 
f 2756/2756/2756 2757/2757/2757 2758/2758/2758 
f 2757/2757/2757 2758/2758/2758 2758/2758/2758 
f 2758/2758/2758 2758/2758/2758 2759/2759/2759 
f 2758/2758/2758 2759/2759/2759 2759/2759/2759 
f 2759/2759/2759 2759/2759/2759 2760/2760/2760 
f 2759/2759/2759 2761/2761/2761 2760/2760/2760 
f 2760/2760/2760 2761/2761/2761 2760/2760/2760 
f 2761/2761/2761 2762/2762/2762 2760/2760/2760 
f 2760/2760/2760 2762/2762/2762 2760/2760/2760 
f 2762/2762/2762 2763/2763/2763 2760/2760/2760 
f 2760/2760/2760 2763/2763/2763 2764/2764/2764 
f 2763/2763/2763 2765/2765/2765 2764/2764/2764 
f 2764/2764/2764 2765/2765/2765 2766/2766/2766 
f 2765/2765/2765 2767/2767/2767 2766/2766/2766 
f 2766/2766/2766 2767/2767/2767 2768/2768/2768 
f 2767/2767/2767 2767/2767/2767 2768/2768/2768 
f 2768/2768/2768 2767/2767/2767 2769/2769/2769 
f 2767/2767/2767 2770/2770/2770 2769/2769/2769 
f 2769/2769/2769 2770/2770/2770 2771/2771/2771 
f 2770/2770/2770 2772/2772/2772 2771/2771/2771 
f 2771/2771/2771 2772/2772/2772 2773/2773/2773 
f 2772/2772/2772 2774/2774/2774 2773/2773/2773 
f 2773/2773/2773 2774/2774/2774 2773/2773/2773 
f 2774/2774/2774 2775/2775/2775 2773/2773/2773 
f 2773/2773/2773 2775/2775/2775 2776/2776/2776 
f 2775/2775/2775 2776/2776/2776 2776/2776/2776 
f 2776/2776/2776 2776/2776/2776 2777/2777/2777 
f 2776/2776/2776 2777/2777/2777 2777/2777/2777 
f 2777/2777/2777 2777/2777/2777 2778/2778/2778 
f 2777/2777/2777 2779/2779/2779 2778/2778/2778 
f 2778/2778/2778 2779/2779/2779 2778/2778/2778 
f 2779/2779/2779 2780/2780/2780 2778/2778/2778 
f 2778/2778/2778 2780/2780/2780 2781/2781/2781 
f 2780/2780/2780 2782/2782/2782 2781/2781/2781 
f 2781/2781/2781 2782/2782/2782 2783/2783/2783 
f 2782/2782/2782 2784/2784/2784 2783/2783/2783 
f 2783/2783/2783 2784/2784/2784 2785/2785/2785 
f 2784/2784/2784 2786/2786/2786 2785/2785/2785 
f 2785/2785/2785 2786/2786/2786 2787/2787/2787 
f 2786/2786/2786 2788/2788/2788 2787/2787/2787 
f 2787/2787/2787 2788/2788/2788 2789/2789/2789 
f 2788/2788/2788 2790/2790/2790 2789/2789/2789 
f 2789/2789/2789 2790/2790/2790 2791/2791/2791 
f 2790/2790/2790 2792/2792/2792 2791/2791/2791 
f 2791/2791/2791 2792/2792/2792 2793/2793/2793 
f 2792/2792/2792 2794/2794/2794 2793/2793/2793 
f 2793/2793/2793 2794/2794/2794 2794/2794/2794 
f 2794/2794/2794 2795/2795/2795 2794/2794/2794 
f 2794/2794/2794 2795/2795/2795 2795/2795/2795 
f 2795/2795/2795 2796/2796/2796 2795/2795/2795 
f 2795/2795/2795 2796/2796/2796 2797/2797/2797 
f 2796/2796/2796 2798/2798/2798 2797/2797/2797 
f 2797/2797/2797 2798/2798/2798 2798/2798/2798 
f 2798/2798/2798 2799/2799/2799 2798/2798/2798 
f 2798/2798/2798 2799/2799/2799 2799/2799/2799 
f 2799/2799/2799 2800/2800/2800 2799/2799/2799 
f 2799/2799/2799 2800/2800/2800 2801/2801/2801 
f 2800/2800/2800 2802/2802/2802 2801/2801/2801 
f 2801/2801/2801 2802/2802/2802 2801/2801/2801 
f 2802/2802/2802 2803/2803/2803 2801/2801/2801 
f 2801/2801/2801 2803/2803/2803 2804/2804/2804 
f 2803/2803/2803 2805/2805/2805 2804/2804/2804 
f 2804/2804/2804 2805/2805/2805 2795/2795/2795 
f 2805/2805/2805 2796/2796/2796 2795/2795/2795 
f 2795/2795/2795 2796/2796/2796 2796/2796/2796 
f 2796/2796/2796 2796/2796/2796 2796/2796/2796 
f 2796/2796/2796 2796/2796/2796 2796/2796/2796 
f 2796/2796/2796 2806/2806/2806 2796/2796/2796 
f 2796/2796/2796 2806/2806/2806 2798/2798/2798 
f 2806/2806/2806 2806/2806/2806 2798/2798/2798 
f 2798/2798/2798 2806/2806/2806 2807/2807/2807 
f 2806/2806/2806 2808/2808/2808 2807/2807/2807 
f 2807/2807/2807 2808/2808/2808 2809/2809/2809 
f 2808/2808/2808 2810/2810/2810 2809/2809/2809 
f 2809/2809/2809 2810/2810/2810 2809/2809/2809 
f 2810/2810/2810 2811/2811/2811 2809/2809/2809 
f 2809/2809/2809 2811/2811/2811 2812/2812/2812 
f 2811/2811/2811 2812/2812/2812 2812/2812/2812 
f 2812/2812/2812 2812/2812/2812 2813/2813/2813 
f 2812/2812/2812 2813/2813/2813 2813/2813/2813 
f 2813/2813/2813 2813/2813/2813 2814/2814/2814 
f 2813/2813/2813 2815/2815/2815 2814/2814/2814 
f 2814/2814/2814 2815/2815/2815 2816/2816/2816 
f 2815/2815/2815 2816/2816/2816 2816/2816/2816 
f 2816/2816/2816 2816/2816/2816 2815/2815/2815 
f 2816/2816/2816 2815/2815/2815 2815/2815/2815 
f 2815/2815/2815 2815/2815/2815 2817/2817/2817 
f 2815/2815/2815 2813/2813/2813 2817/2817/2817 
f 2817/2817/2817 2813/2813/2813 2817/2817/2817 
f 2813/2813/2813 2818/2818/2818 2817/2817/2817 
f 2817/2817/2817 2818/2818/2818 2819/2819/2819 
f 2818/2818/2818 2820/2820/2820 2819/2819/2819 
f 2819/2819/2819 2820/2820/2820 2821/2821/2821 
f 2820/2820/2820 2822/2822/2822 2821/2821/2821 
f 2821/2821/2821 2822/2822/2822 2823/2823/2823 
f 2822/2822/2822 2824/2824/2824 2823/2823/2823 
f 2823/2823/2823 2824/2824/2824 2824/2824/2824 
f 2824/2824/2824 2814/2814/2814 2824/2824/2824 
f 2824/2824/2824 2814/2814/2814 2814/2814/2814 
f 2814/2814/2814 2816/2816/2816 2814/2814/2814 
f 2814/2814/2814 2816/2816/2816 2825/2825/2825 
f 2816/2816/2816 2826/2826/2826 2825/2825/2825 
f 2825/2825/2825 2826/2826/2826 2827/2827/2827 
f 2826/2826/2826 2828/2828/2828 2827/2827/2827 
f 2827/2827/2827 2828/2828/2828 2829/2829/2829 
f 2828/2828/2828 2830/2830/2830 2829/2829/2829 
f 2829/2829/2829 2830/2830/2830 2830/2830/2830 
f 2830/2830/2830 2831/2831/2831 2830/2830/2830 
f 2830/2830/2830 2831/2831/2831 2831/2831/2831 
f 2831/2831/2831 2832/2832/2832 2831/2831/2831 
f 2831/2831/2831 2832/2832/2832 2833/2833/2833 
f 2832/2832/2832 2832/2832/2832 2833/2833/2833 
f 2833/2833/2833 2832/2832/2832 2834/2834/2834 
f 2832/2832/2832 2832/2832/2832 2834/2834/2834 
f 2834/2834/2834 2832/2832/2832 2835/2835/2835 
f 2832/2832/2832 2836/2836/2836 2835/2835/2835 
f 2835/2835/2835 2836/2836/2836 2837/2837/2837 
f 2836/2836/2836 2838/2838/2838 2837/2837/2837 
f 2837/2837/2837 2838/2838/2838 2837/2837/2837 
f 2838/2838/2838 2839/2839/2839 2837/2837/2837 
f 2837/2837/2837 2839/2839/2839 2840/2840/2840 
f 2839/2839/2839 2840/2840/2840 2840/2840/2840 
f 2840/2840/2840 2840/2840/2840 2832/2832/2832 
f 2840/2840/2840 2832/2832/2832 2832/2832/2832 
f 2832/2832/2832 2832/2832/2832 2836/2836/2836 
f 2832/2832/2832 2841/2841/2841 2836/2836/2836 
f 2836/2836/2836 2841/2841/2841 2836/2836/2836 
f 2841/2841/2841 2842/2842/2842 2836/2836/2836 
f 2836/2836/2836 2842/2842/2842 2843/2843/2843 
f 2842/2842/2842 2843/2843/2843 2843/2843/2843 
f 2843/2843/2843 2843/2843/2843 2837/2837/2837 
f 2843/2843/2843 2837/2837/2837 2837/2837/2837 
f 2837/2837/2837 2837/2837/2837 2835/2835/2835 
f 2837/2837/2837 2844/2844/2844 2835/2835/2835 
f 2835/2835/2835 2844/2844/2844 2835/2835/2835 
f 2844/2844/2844 2845/2845/2845 2835/2835/2835 
f 2835/2835/2835 2845/2845/2845 2846/2846/2846 
f 2845/2845/2845 2846/2846/2846 2846/2846/2846 
f 2846/2846/2846 2846/2846/2846 2847/2847/2847 
f 2846/2846/2846 2847/2847/2847 2847/2847/2847 
f 2847/2847/2847 2847/2847/2847 2848/2848/2848 
f 2847/2847/2847 2849/2849/2849 2848/2848/2848 
f 2848/2848/2848 2849/2849/2849 2850/2850/2850 
f 2849/2849/2849 2851/2851/2851 2850/2850/2850 
f 2850/2850/2850 2851/2851/2851 2852/2852/2852 
f 2851/2851/2851 2853/2853/2853 2852/2852/2852 
f 2852/2852/2852 2853/2853/2853 2854/2854/2854 
f 2853/2853/2853 2855/2855/2855 2854/2854/2854 
f 2854/2854/2854 2855/2855/2855 2856/2856/2856 
f 2855/2855/2855 2857/2857/2857 2856/2856/2856 
f 2856/2856/2856 2857/2857/2857 2858/2858/2858 
f 2857/2857/2857 2859/2859/2859 2858/2858/2858 
f 2858/2858/2858 2859/2859/2859 2860/2860/2860 
f 2859/2859/2859 2861/2861/2861 2860/2860/2860 
f 2860/2860/2860 2861/2861/2861 2862/2862/2862 
f 2861/2861/2861 2863/2863/2863 2862/2862/2862 
f 2862/2862/2862 2863/2863/2863 2864/2864/2864 
f 2863/2863/2863 2864/2864/2864 2864/2864/2864 
f 2864/2864/2864 2864/2864/2864 2865/2865/2865 
f 2864/2864/2864 2865/2865/2865 2865/2865/2865 
f 2865/2865/2865 2865/2865/2865 2866/2866/2866 
f 2865/2865/2865 2867/2867/2867 2866/2866/2866 
f 2866/2866/2866 2867/2867/2867 2868/2868/2868 
f 2867/2867/2867 2869/2869/2869 2868/2868/2868 
f 2868/2868/2868 2869/2869/2869 2870/2870/2870 
f 2869/2869/2869 2871/2871/2871 2870/2870/2870 
f 2870/2870/2870 2871/2871/2871 2872/2872/2872 
f 2871/2871/2871 2873/2873/2873 2872/2872/2872 
f 2872/2872/2872 2873/2873/2873 2874/2874/2874 
f 2873/2873/2873 2875/2875/2875 2874/2874/2874 
f 2874/2874/2874 2875/2875/2875 2876/2876/2876 
f 2875/2875/2875 2877/2877/2877 2876/2876/2876 
f 2876/2876/2876 2877/2877/2877 2878/2878/2878 
f 2877/2877/2877 2879/2879/2879 2878/2878/2878 
f 2878/2878/2878 2879/2879/2879 2880/2880/2880 
f 2879/2879/2879 2881/2881/2881 2880/2880/2880 
f 2880/2880/2880 2881/2881/2881 2882/2882/2882 
f 2881/2881/2881 2882/2882/2882 2882/2882/2882 
f 2882/2882/2882 2882/2882/2882 2883/2883/2883 
f 2882/2882/2882 2883/2883/2883 2883/2883/2883 
f 2883/2883/2883 2883/2883/2883 2884/2884/2884 
f 2883/2883/2883 2885/2885/2885 2884/2884/2884 
f 2884/2884/2884 2885/2885/2885 2884/2884/2884 
f 2885/2885/2885 2886/2886/2886 2884/2884/2884 
f 2884/2884/2884 2886/2886/2886 2884/2884/2884 
f 2886/2886/2886 2887/2887/2887 2884/2884/2884 
f 2884/2884/2884 2887/2887/2887 2888/2888/2888 
f 2887/2887/2887 2889/2889/2889 2888/2888/2888 
f 2888/2888/2888 2889/2889/2889 2890/2890/2890 
f 2889/2889/2889 2891/2891/2891 2890/2890/2890 
f 2890/2890/2890 2891/2891/2891 2892/2892/2892 
f 2891/2891/2891 2891/2891/2891 2892/2892/2892 
f 2892/2892/2892 2891/2891/2891 2893/2893/2893 
f 2891/2891/2891 2894/2894/2894 2893/2893/2893 
f 2893/2893/2893 2894/2894/2894 2895/2895/2895 
f 2894/2894/2894 2896/2896/2896 2895/2895/2895 
f 2895/2895/2895 2896/2896/2896 2897/2897/2897 
f 2896/2896/2896 2898/2898/2898 2897/2897/2897 
f 2897/2897/2897 2898/2898/2898 2897/2897/2897 
f 2898/2898/2898 2899/2899/2899 2897/2897/2897 
f 2897/2897/2897 2899/2899/2899 2900/2900/2900 
f 2899/2899/2899 2900/2900/2900 2900/2900/2900 
f 2900/2900/2900 2900/2900/2900 2901/2901/2901 
f 2900/2900/2900 2901/2901/2901 2901/2901/2901 
f 2901/2901/2901 2901/2901/2901 2902/2902/2902 
f 2901/2901/2901 2903/2903/2903 2902/2902/2902 
f 2902/2902/2902 2903/2903/2903 2902/2902/2902 
f 2903/2903/2903 2904/2904/2904 2902/2902/2902 
f 2902/2902/2902 2904/2904/2904 2905/2905/2905 
f 2904/2904/2904 2906/2906/2906 2905/2905/2905 
f 2905/2905/2905 2906/2906/2906 2907/2907/2907 
f 2906/2906/2906 2908/2908/2908 2907/2907/2907 
f 2907/2907/2907 2908/2908/2908 2909/2909/2909 
f 2908/2908/2908 2910/2910/2910 2909/2909/2909 
f 2909/2909/2909 2910/2910/2910 2911/2911/2911 
f 2910/2910/2910 2912/2912/2912 2911/2911/2911 
f 2911/2911/2911 2912/2912/2912 2913/2913/2913 
f 2912/2912/2912 2914/2914/2914 2913/2913/2913 
f 2913/2913/2913 2914/2914/2914 2915/2915/2915 
f 2914/2914/2914 2916/2916/2916 2915/2915/2915 
f 2915/2915/2915 2916/2916/2916 2917/2917/2917 
f 2916/2916/2916 2918/2918/2918 2917/2917/2917 
f 2917/2917/2917 2918/2918/2918 2918/2918/2918 
f 2918/2918/2918 2919/2919/2919 2918/2918/2918 
f 2918/2918/2918 2919/2919/2919 2919/2919/2919 
f 2919/2919/2919 2920/2920/2920 2919/2919/2919 
f 2919/2919/2919 2920/2920/2920 2921/2921/2921 
f 2920/2920/2920 2920/2920/2920 2921/2921/2921 
f 2921/2921/2921 2920/2920/2920 2922/2922/2922 
f 2920/2920/2920 2923/2923/2923 2922/2922/2922 
f 2922/2922/2922 2923/2923/2923 2924/2924/2924 
f 2923/2923/2923 2925/2925/2925 2924/2924/2924 
f 2924/2924/2924 2925/2925/2925 2926/2926/2926 
f 2925/2925/2925 2925/2925/2925 2926/2926/2926 
f 2926/2926/2926 2925/2925/2925 2927/2927/2927 
f 2925/2925/2925 2928/2928/2928 2927/2927/2927 
f 2927/2927/2927 2928/2928/2928 2929/2929/2929 
f 2928/2928/2928 2930/2930/2930 2929/2929/2929 
f 2929/2929/2929 2930/2930/2930 2930/2930/2930 
f 2930/2930/2930 2919/2919/2919 2930/2930/2930 
f 2930/2930/2930 2919/2919/2919 2919/2919/2919 
f 2919/2919/2919 2921/2921/2921 2919/2919/2919 
f 2919/2919/2919 2921/2921/2921 2931/2931/2931 
f 2921/2921/2921 2932/2932/2932 2931/2931/2931 
f 2931/2931/2931 2932/2932/2932 2931/2931/2931 
f 2932/2932/2932 2933/2933/2933 2931/2931/2931 
f 2931/2931/2931 2933/2933/2933 2934/2934/2934 
f 2933/2933/2933 2935/2935/2935 2934/2934/2934 
f 2934/2934/2934 2935/2935/2935 2936/2936/2936 
f 2935/2935/2935 2936/2936/2936 2936/2936/2936 
f 2936/2936/2936 2936/2936/2936 2937/2937/2937 
f 2936/2936/2936 2937/2937/2937 2937/2937/2937 
f 2937/2937/2937 2937/2937/2937 2938/2938/2938 
f 2937/2937/2937 2939/2939/2939 2938/2938/2938 
f 2938/2938/2938 2939/2939/2939 2940/2940/2940 
f 2939/2939/2939 2940/2940/2940 2940/2940/2940 
f 2940/2940/2940 2940/2940/2940 2939/2939/2939 
f 2940/2940/2940 2939/2939/2939 2939/2939/2939 
f 2939/2939/2939 2939/2939/2939 2941/2941/2941 
f 2939/2939/2939 2937/2937/2937 2941/2941/2941 
f 2941/2941/2941 2937/2937/2937 2941/2941/2941 
f 2937/2937/2937 2942/2942/2942 2941/2941/2941 
f 2941/2941/2941 2942/2942/2942 2943/2943/2943 
f 2942/2942/2942 2944/2944/2944 2943/2943/2943 
f 2943/2943/2943 2944/2944/2944 2945/2945/2945 
f 2944/2944/2944 2946/2946/2946 2945/2945/2945 
f 2945/2945/2945 2946/2946/2946 2947/2947/2947 
f 2946/2946/2946 2948/2948/2948 2947/2947/2947 
f 2947/2947/2947 2948/2948/2948 2948/2948/2948 
f 2948/2948/2948 2938/2938/2938 2948/2948/2948 
f 2948/2948/2948 2938/2938/2938 2938/2938/2938 
f 2938/2938/2938 2940/2940/2940 2938/2938/2938 
f 2938/2938/2938 2940/2940/2940 2949/2949/2949 
f 2940/2940/2940 2950/2950/2950 2949/2949/2949 
f 2949/2949/2949 2950/2950/2950 2951/2951/2951 
f 2950/2950/2950 2952/2952/2952 2951/2951/2951 
f 2951/2951/2951 2952/2952/2952 2953/2953/2953 
f 2952/2952/2952 2954/2954/2954 2953/2953/2953 
f 2953/2953/2953 2954/2954/2954 2954/2954/2954 
f 2954/2954/2954 2955/2955/2955 2954/2954/2954 
f 2954/2954/2954 2955/2955/2955 2955/2955/2955 
f 2955/2955/2955 2956/2956/2956 2955/2955/2955 
f 2955/2955/2955 2956/2956/2956 2957/2957/2957 
f 2956/2956/2956 2956/2956/2956 2957/2957/2957 
f 2957/2957/2957 2956/2956/2956 2958/2958/2958 
f 2956/2956/2956 2956/2956/2956 2958/2958/2958 
f 2958/2958/2958 2956/2956/2956 2959/2959/2959 
f 2956/2956/2956 2960/2960/2960 2959/2959/2959 
f 2959/2959/2959 2960/2960/2960 2961/2961/2961 
f 2960/2960/2960 2962/2962/2962 2961/2961/2961 
f 2961/2961/2961 2962/2962/2962 2961/2961/2961 
f 2962/2962/2962 2963/2963/2963 2961/2961/2961 
f 2961/2961/2961 2963/2963/2963 2964/2964/2964 
f 2963/2963/2963 2964/2964/2964 2964/2964/2964 
f 2964/2964/2964 2964/2964/2964 2956/2956/2956 
f 2964/2964/2964 2956/2956/2956 2956/2956/2956 
f 2956/2956/2956 2956/2956/2956 2960/2960/2960 
f 2956/2956/2956 2965/2965/2965 2960/2960/2960 
f 2960/2960/2960 2965/2965/2965 2960/2960/2960 
f 2965/2965/2965 2966/2966/2966 2960/2960/2960 
f 2960/2960/2960 2966/2966/2966 2967/2967/2967 
f 2966/2966/2966 2967/2967/2967 2967/2967/2967 
f 2967/2967/2967 2967/2967/2967 2961/2961/2961 
f 2967/2967/2967 2961/2961/2961 2961/2961/2961 
f 2961/2961/2961 2961/2961/2961 2959/2959/2959 
f 2961/2961/2961 2968/2968/2968 2959/2959/2959 
f 2959/2959/2959 2968/2968/2968 2959/2959/2959 
f 2968/2968/2968 2969/2969/2969 2959/2959/2959 
f 2959/2959/2959 2969/2969/2969 2970/2970/2970 
f 2969/2969/2969 2970/2970/2970 2970/2970/2970 
f 2970/2970/2970 2970/2970/2970 2971/2971/2971 
f 2970/2970/2970 2971/2971/2971 2971/2971/2971 
f 2971/2971/2971 2971/2971/2971 2972/2972/2972 
f 2971/2971/2971 2973/2973/2973 2972/2972/2972 
f 2972/2972/2972 2973/2973/2973 2974/2974/2974 
f 2973/2973/2973 2975/2975/2975 2974/2974/2974 
f 2974/2974/2974 2975/2975/2975 2976/2976/2976 
f 2975/2975/2975 2977/2977/2977 2976/2976/2976 
f 2976/2976/2976 2977/2977/2977 2978/2978/2978 
f 2977/2977/2977 2979/2979/2979 2978/2978/2978 
f 2978/2978/2978 2979/2979/2979 2980/2980/2980 
f 2979/2979/2979 2981/2981/2981 2980/2980/2980 
f 2980/2980/2980 2981/2981/2981 2982/2982/2982 
f 2981/2981/2981 2983/2983/2983 2982/2982/2982 
f 2982/2982/2982 2983/2983/2983 2984/2984/2984 
f 2983/2983/2983 2985/2985/2985 2984/2984/2984 
f 2984/2984/2984 2985/2985/2985 2986/2986/2986 
f 2985/2985/2985 2987/2987/2987 2986/2986/2986 
f 2986/2986/2986 2987/2987/2987 2988/2988/2988 
f 2987/2987/2987 2988/2988/2988 2988/2988/2988 
f 2988/2988/2988 2988/2988/2988 2989/2989/2989 
f 2988/2988/2988 2989/2989/2989 2989/2989/2989 
f 2989/2989/2989 2989/2989/2989 2990/2990/2990 
f 2989/2989/2989 2991/2991/2991 2990/2990/2990 
f 2990/2990/2990 2991/2991/2991 2992/2992/2992 
f 2991/2991/2991 2993/2993/2993 2992/2992/2992 
f 2992/2992/2992 2993/2993/2993 2994/2994/2994 
f 2993/2993/2993 2995/2995/2995 2994/2994/2994 
f 2994/2994/2994 2995/2995/2995 2996/2996/2996 
f 2995/2995/2995 2997/2997/2997 2996/2996/2996 
f 2996/2996/2996 2997/2997/2997 2998/2998/2998 
f 2997/2997/2997 2999/2999/2999 2998/2998/2998 
f 2998/2998/2998 2999/2999/2999 3000/3000/3000 
f 2999/2999/2999 3001/3001/3001 3000/3000/3000 
f 3000/3000/3000 3001/3001/3001 3002/3002/3002 
f 3001/3001/3001 3003/3003/3003 3002/3002/3002 
f 3002/3002/3002 3003/3003/3003 3004/3004/3004 
f 3003/3003/3003 3005/3005/3005 3004/3004/3004 
f 3004/3004/3004 3005/3005/3005 3006/3006/3006 
f 3005/3005/3005 3006/3006/3006 3006/3006/3006 
f 3006/3006/3006 3006/3006/3006 3007/3007/3007 
f 3006/3006/3006 3007/3007/3007 3007/3007/3007 
f 3007/3007/3007 3007/3007/3007 3008/3008/3008 
f 3007/3007/3007 3009/3009/3009 3008/3008/3008 
f 3008/3008/3008 3009/3009/3009 3008/3008/3008 
f 3009/3009/3009 3010/3010/3010 3008/3008/3008 
f 3008/3008/3008 3010/3010/3010 3008/3008/3008 
f 3010/3010/3010 3011/3011/3011 3008/3008/3008 
f 3008/3008/3008 3011/3011/3011 3012/3012/3012 
f 3011/3011/3011 3011/3011/3011 3012/3012/3012 
f 3012/3012/3012 3011/3011/3011 3013/3013/3013 
f 3011/3011/3011 3014/3014/3014 3013/3013/3013 
f 3013/3013/3013 3014/3014/3014 3015/3015/3015 
f 3014/3014/3014 3016/3016/3016 3015/3015/3015 
f 3015/3015/3015 3016/3016/3016 3017/3017/3017 
f 3016/3016/3016 3018/3018/3018 3017/3017/3017 
f 3017/3017/3017 3018/3018/3018 3019/3019/3019 
f 3018/3018/3018 3020/3020/3020 3019/3019/3019 
f 3019/3019/3019 3020/3020/3020 3021/3021/3021 
f 3020/3020/3020 3022/3022/3022 3021/3021/3021 
f 3021/3021/3021 3022/3022/3022 3021/3021/3021 
f 3022/3022/3022 3023/3023/3023 3021/3021/3021 
f 3021/3021/3021 3023/3023/3023 3024/3024/3024 
f 3023/3023/3023 3024/3024/3024 3024/3024/3024 
f 3024/3024/3024 3024/3024/3024 3025/3025/3025 
f 3024/3024/3024 3025/3025/3025 3025/3025/3025 
f 3025/3025/3025 3025/3025/3025 3026/3026/3026 
f 3025/3025/3025 3027/3027/3027 3026/3026/3026 
f 3026/3026/3026 3027/3027/3027 3026/3026/3026 
f 3027/3027/3027 3028/3028/3028 3026/3026/3026 
f 3026/3026/3026 3028/3028/3028 3029/3029/3029 
f 3028/3028/3028 3030/3030/3030 3029/3029/3029 
f 3029/3029/3029 3030/3030/3030 3031/3031/3031 
f 3030/3030/3030 3032/3032/3032 3031/3031/3031 
f 3031/3031/3031 3032/3032/3032 3033/3033/3033 
f 3032/3032/3032 3034/3034/3034 3033/3033/3033 
f 3033/3033/3033 3034/3034/3034 3035/3035/3035 
f 3034/3034/3034 3036/3036/3036 3035/3035/3035 
f 3035/3035/3035 3036/3036/3036 3037/3037/3037 
f 3036/3036/3036 3038/3038/3038 3037/3037/3037 
f 3037/3037/3037 3038/3038/3038 3039/3039/3039 
f 3038/3038/3038 3040/3040/3040 3039/3039/3039 
f 3039/3039/3039 3040/3040/3040 3041/3041/3041 
f 3040/3040/3040 3042/3042/3042 3041/3041/3041 
f 3041/3041/3041 3042/3042/3042 3042/3042/3042 
f 3042/3042/3042 3043/3043/3043 3042/3042/3042 
f 3042/3042/3042 3043/3043/3043 3043/3043/3043 
f 3043/3043/3043 3044/3044/3044 3043/3043/3043 
f 3043/3043/3043 3044/3044/3044 3045/3045/3045 
f 3044/3044/3044 3044/3044/3044 3045/3045/3045 
f 3045/3045/3045 3044/3044/3044 3046/3046/3046 
f 3044/3044/3044 3047/3047/3047 3046/3046/3046 
f 3046/3046/3046 3047/3047/3047 3048/3048/3048 
f 3047/3047/3047 3049/3049/3049 3048/3048/3048 
f 3048/3048/3048 3049/3049/3049 3050/3050/3050 
f 3049/3049/3049 3049/3049/3049 3050/3050/3050 
f 3050/3050/3050 3049/3049/3049 3051/3051/3051 
f 3049/3049/3049 3052/3052/3052 3051/3051/3051 
f 3051/3051/3051 3052/3052/3052 3053/3053/3053 
f 3052/3052/3052 3054/3054/3054 3053/3053/3053 
f 3053/3053/3053 3054/3054/3054 3054/3054/3054 
f 3054/3054/3054 3043/3043/3043 3054/3054/3054 
f 3054/3054/3054 3043/3043/3043 3043/3043/3043 
f 3043/3043/3043 3045/3045/3045 3043/3043/3043 
f 3043/3043/3043 3045/3045/3045 3055/3055/3055 
f 3045/3045/3045 3056/3056/3056 3055/3055/3055 
f 3055/3055/3055 3056/3056/3056 3055/3055/3055 
f 3056/3056/3056 3057/3057/3057 3055/3055/3055 
f 3055/3055/3055 3057/3057/3057 3058/3058/3058 
f 3057/3057/3057 3059/3059/3059 3058/3058/3058 
f 3058/3058/3058 3059/3059/3059 3060/3060/3060 
f 3059/3059/3059 3060/3060/3060 3060/3060/3060 
f 3060/3060/3060 3060/3060/3060 3061/3061/3061 
f 3060/3060/3060 3061/3061/3061 3061/3061/3061 
f 3061/3061/3061 3061/3061/3061 3062/3062/3062 
f 3061/3061/3061 3063/3063/3063 3062/3062/3062 
f 3062/3062/3062 3063/3063/3063 3064/3064/3064 
f 3063/3063/3063 3064/3064/3064 3064/3064/3064 
f 3064/3064/3064 3064/3064/3064 3063/3063/3063 
f 3064/3064/3064 3063/3063/3063 3063/3063/3063 
f 3063/3063/3063 3063/3063/3063 3065/3065/3065 
f 3063/3063/3063 3061/3061/3061 3065/3065/3065 
f 3065/3065/3065 3061/3061/3061 3065/3065/3065 
f 3061/3061/3061 3066/3066/3066 3065/3065/3065 
f 3065/3065/3065 3066/3066/3066 3067/3067/3067 
f 3066/3066/3066 3068/3068/3068 3067/3067/3067 
f 3067/3067/3067 3068/3068/3068 3069/3069/3069 
f 3068/3068/3068 3070/3070/3070 3069/3069/3069 
f 3069/3069/3069 3070/3070/3070 3071/3071/3071 
f 3070/3070/3070 3072/3072/3072 3071/3071/3071 
f 3071/3071/3071 3072/3072/3072 3072/3072/3072 
f 3072/3072/3072 3062/3062/3062 3072/3072/3072 
f 3072/3072/3072 3062/3062/3062 3062/3062/3062 
f 3062/3062/3062 3064/3064/3064 3062/3062/3062 
f 3062/3062/3062 3064/3064/3064 3073/3073/3073 
f 3064/3064/3064 3074/3074/3074 3073/3073/3073 
f 3073/3073/3073 3074/3074/3074 3075/3075/3075 
f 3074/3074/3074 3076/3076/3076 3075/3075/3075 
f 3075/3075/3075 3076/3076/3076 3077/3077/3077 
f 3076/3076/3076 3078/3078/3078 3077/3077/3077 
f 3077/3077/3077 3078/3078/3078 3078/3078/3078 
f 3078/3078/3078 3079/3079/3079 3078/3078/3078 
f 3078/3078/3078 3079/3079/3079 3079/3079/3079 
f 3079/3079/3079 3080/3080/3080 3079/3079/3079 
f 3079/3079/3079 3080/3080/3080 3081/3081/3081 
f 3080/3080/3080 3080/3080/3080 3081/3081/3081 
f 3081/3081/3081 3080/3080/3080 3082/3082/3082 
f 3080/3080/3080 3080/3080/3080 3082/3082/3082 
f 3082/3082/3082 3080/3080/3080 3083/3083/3083 
f 3080/3080/3080 3084/3084/3084 3083/3083/3083 
f 3083/3083/3083 3084/3084/3084 3085/3085/3085 
f 3084/3084/3084 3086/3086/3086 3085/3085/3085 
f 3085/3085/3085 3086/3086/3086 3085/3085/3085 
f 3086/3086/3086 3087/3087/3087 3085/3085/3085 
f 3085/3085/3085 3087/3087/3087 3088/3088/3088 
f 3087/3087/3087 3088/3088/3088 3088/3088/3088 
f 3088/3088/3088 3088/3088/3088 3080/3080/3080 
f 3088/3088/3088 3080/3080/3080 3080/3080/3080 
f 3080/3080/3080 3080/3080/3080 3084/3084/3084 
f 3080/3080/3080 3089/3089/3089 3084/3084/3084 
f 3084/3084/3084 3089/3089/3089 3084/3084/3084 
f 3089/3089/3089 3090/3090/3090 3084/3084/3084 
f 3084/3084/3084 3090/3090/3090 3091/3091/3091 
f 3090/3090/3090 3091/3091/3091 3091/3091/3091 
f 3091/3091/3091 3091/3091/3091 3085/3085/3085 
f 3091/3091/3091 3085/3085/3085 3085/3085/3085 
f 3085/3085/3085 3085/3085/3085 3083/3083/3083 
f 3085/3085/3085 3092/3092/3092 3083/3083/3083 
f 3083/3083/3083 3092/3092/3092 3083/3083/3083 
f 3092/3092/3092 3093/3093/3093 3083/3083/3083 
f 3083/3083/3083 3093/3093/3093 3094/3094/3094 
f 3093/3093/3093 3094/3094/3094 3094/3094/3094 
f 3094/3094/3094 3094/3094/3094 3095/3095/3095 
f 3094/3094/3094 3095/3095/3095 3095/3095/3095 
f 3095/3095/3095 3095/3095/3095 3096/3096/3096 
f 3095/3095/3095 3097/3097/3097 3096/3096/3096 
f 3096/3096/3096 3097/3097/3097 3098/3098/3098 
f 3097/3097/3097 3099/3099/3099 3098/3098/3098 
f 3098/3098/3098 3099/3099/3099 3100/3100/3100 
f 3099/3099/3099 3101/3101/3101 3100/3100/3100 
f 3100/3100/3100 3101/3101/3101 3102/3102/3102 
f 3101/3101/3101 3103/3103/3103 3102/3102/3102 
f 3102/3102/3102 3103/3103/3103 3104/3104/3104 
f 3103/3103/3103 3105/3105/3105 3104/3104/3104 
f 3104/3104/3104 3105/3105/3105 3106/3106/3106 
f 3105/3105/3105 3107/3107/3107 3106/3106/3106 
f 3106/3106/3106 3107/3107/3107 3108/3108/3108 
f 3107/3107/3107 3109/3109/3109 3108/3108/3108 
f 3108/3108/3108 3109/3109/3109 3110/3110/3110 
f 3109/3109/3109 3111/3111/3111 3110/3110/3110 
f 3110/3110/3110 3111/3111/3111 3112/3112/3112 
f 3111/3111/3111 3112/3112/3112 3112/3112/3112 
f 3112/3112/3112 3112/3112/3112 3113/3113/3113 
f 3112/3112/3112 3113/3113/3113 3113/3113/3113 
f 3113/3113/3113 3113/3113/3113 3114/3114/3114 
f 3113/3113/3113 3115/3115/3115 3114/3114/3114 
f 3114/3114/3114 3115/3115/3115 3116/3116/3116 
f 3115/3115/3115 3117/3117/3117 3116/3116/3116 
f 3116/3116/3116 3117/3117/3117 3118/3118/3118 
f 3117/3117/3117 3119/3119/3119 3118/3118/3118 
f 3118/3118/3118 3119/3119/3119 3120/3120/3120 
f 3119/3119/3119 3121/3121/3121 3120/3120/3120 
f 3120/3120/3120 3121/3121/3121 3122/3122/3122 
f 3121/3121/3121 3123/3123/3123 3122/3122/3122 
f 3122/3122/3122 3123/3123/3123 3124/3124/3124 
f 3123/3123/3123 3125/3125/3125 3124/3124/3124 
f 3124/3124/3124 3125/3125/3125 3126/3126/3126 
f 3125/3125/3125 3127/3127/3127 3126/3126/3126 
f 3126/3126/3126 3127/3127/3127 3128/3128/3128 
f 3127/3127/3127 3129/3129/3129 3128/3128/3128 
f 3128/3128/3128 3129/3129/3129 3130/3130/3130 
f 3129/3129/3129 3130/3130/3130 3130/3130/3130 
f 3130/3130/3130 3130/3130/3130 3131/3131/3131 
f 3130/3130/3130 3131/3131/3131 3131/3131/3131 
f 3131/3131/3131 3131/3131/3131 3132/3132/3132 
f 3131/3131/3131 3133/3133/3133 3132/3132/3132 
f 3132/3132/3132 3133/3133/3133 3132/3132/3132 
f 3133/3133/3133 3134/3134/3134 3132/3132/3132 
f 3132/3132/3132 3134/3134/3134 3132/3132/3132 
f 3134/3134/3134 3135/3135/3135 3132/3132/3132 
f 3132/3132/3132 3135/3135/3135 3136/3136/3136 
f 3135/3135/3135 3135/3135/3135 3136/3136/3136 
f 3136/3136/3136 3135/3135/3135 3137/3137/3137 
f 3135/3135/3135 3138/3138/3138 3137/3137/3137 
f 3137/3137/3137 3138/3138/3138 3139/3139/3139 
f 3138/3138/3138 3140/3140/3140 3139/3139/3139 
f 3139/3139/3139 3140/3140/3140 3141/3141/3141 
f 3140/3140/3140 3142/3142/3142 3141/3141/3141 
f 3141/3141/3141 3142/3142/3142 3143/3143/3143 
f 3142/3142/3142 3144/3144/3144 3143/3143/3143 
f 3143/3143/3143 3144/3144/3144 3145/3145/3145 
f 3144/3144/3144 3146/3146/3146 3145/3145/3145 
f 3145/3145/3145 3146/3146/3146 3145/3145/3145 
f 3146/3146/3146 3147/3147/3147 3145/3145/3145 
f 3145/3145/3145 3147/3147/3147 3148/3148/3148 
f 3147/3147/3147 3148/3148/3148 3148/3148/3148 
f 3148/3148/3148 3148/3148/3148 3149/3149/3149 
f 3148/3148/3148 3149/3149/3149 3149/3149/3149 
f 3149/3149/3149 3149/3149/3149 3150/3150/3150 
f 3149/3149/3149 3151/3151/3151 3150/3150/3150 
f 3150/3150/3150 3151/3151/3151 3150/3150/3150 
f 3151/3151/3151 3152/3152/3152 3150/3150/3150 
f 3150/3150/3150 3152/3152/3152 3153/3153/3153 
f 3152/3152/3152 3154/3154/3154 3153/3153/3153 
f 3153/3153/3153 3154/3154/3154 3155/3155/3155 
f 3154/3154/3154 3156/3156/3156 3155/3155/3155 
f 3155/3155/3155 3156/3156/3156 3157/3157/3157 
f 3156/3156/3156 3158/3158/3158 3157/3157/3157 
f 3157/3157/3157 3158/3158/3158 3159/3159/3159 
f 3158/3158/3158 3160/3160/3160 3159/3159/3159 
f 3159/3159/3159 3160/3160/3160 3161/3161/3161 
f 3160/3160/3160 3162/3162/3162 3161/3161/3161 
f 3161/3161/3161 3162/3162/3162 3163/3163/3163 
f 3162/3162/3162 3164/3164/3164 3163/3163/3163 
f 3163/3163/3163 3164/3164/3164 3165/3165/3165 
f 3164/3164/3164 3166/3166/3166 3165/3165/3165 
f 3165/3165/3165 3166/3166/3166 3166/3166/3166 
f 3166/3166/3166 3167/3167/3167 3166/3166/3166 
f 3166/3166/3166 3167/3167/3167 3167/3167/3167 
f 3167/3167/3167 3168/3168/3168 3167/3167/3167 
f 3167/3167/3167 3168/3168/3168 3169/3169/3169 
f 3168/3168/3168 3168/3168/3168 3169/3169/3169 
f 3169/3169/3169 3168/3168/3168 3170/3170/3170 
f 3168/3168/3168 3171/3171/3171 3170/3170/3170 
f 3170/3170/3170 3171/3171/3171 3172/3172/3172 
f 3171/3171/3171 3173/3173/3173 3172/3172/3172 
f 3172/3172/3172 3173/3173/3173 3174/3174/3174 
f 3173/3173/3173 3173/3173/3173 3174/3174/3174 
f 3174/3174/3174 3173/3173/3173 3175/3175/3175 
f 3173/3173/3173 3176/3176/3176 3175/3175/3175 
f 3175/3175/3175 3176/3176/3176 3177/3177/3177 
f 3176/3176/3176 3178/3178/3178 3177/3177/3177 
f 3177/3177/3177 3178/3178/3178 3178/3178/3178 
f 3178/3178/3178 3167/3167/3167 3178/3178/3178 
f 3178/3178/3178 3167/3167/3167 3167/3167/3167 
f 3167/3167/3167 3169/3169/3169 3167/3167/3167 
f 3167/3167/3167 3169/3169/3169 3179/3179/3179 
f 3169/3169/3169 3180/3180/3180 3179/3179/3179 
f 3179/3179/3179 3180/3180/3180 3179/3179/3179 
f 3180/3180/3180 3181/3181/3181 3179/3179/3179 
f 3179/3179/3179 3181/3181/3181 3182/3182/3182 
f 3181/3181/3181 3183/3183/3183 3182/3182/3182 
f 3182/3182/3182 3183/3183/3183 3184/3184/3184 
f 3183/3183/3183 3184/3184/3184 3184/3184/3184 
f 3184/3184/3184 3184/3184/3184 3185/3185/3185 
f 3184/3184/3184 3185/3185/3185 3185/3185/3185 
f 3185/3185/3185 3185/3185/3185 3186/3186/3186 
f 3185/3185/3185 3187/3187/3187 3186/3186/3186 
f 3186/3186/3186 3187/3187/3187 3188/3188/3188 
f 3187/3187/3187 3188/3188/3188 3188/3188/3188 
f 3188/3188/3188 3188/3188/3188 3187/3187/3187 
f 3188/3188/3188 3187/3187/3187 3187/3187/3187 
f 3187/3187/3187 3187/3187/3187 3189/3189/3189 
f 3187/3187/3187 3185/3185/3185 3189/3189/3189 
f 3189/3189/3189 3185/3185/3185 3189/3189/3189 
f 3185/3185/3185 3190/3190/3190 3189/3189/3189 
f 3189/3189/3189 3190/3190/3190 3191/3191/3191 
f 3190/3190/3190 3192/3192/3192 3191/3191/3191 
f 3191/3191/3191 3192/3192/3192 3193/3193/3193 
f 3192/3192/3192 3194/3194/3194 3193/3193/3193 
f 3193/3193/3193 3194/3194/3194 3195/3195/3195 
f 3194/3194/3194 3196/3196/3196 3195/3195/3195 
f 3195/3195/3195 3196/3196/3196 3196/3196/3196 
f 3196/3196/3196 3186/3186/3186 3196/3196/3196 
f 3196/3196/3196 3186/3186/3186 3186/3186/3186 
f 3186/3186/3186 3188/3188/3188 3186/3186/3186 
f 3186/3186/3186 3188/3188/3188 3197/3197/3197 
f 3188/3188/3188 3198/3198/3198 3197/3197/3197 
f 3197/3197/3197 3198/3198/3198 3199/3199/3199 
f 3198/3198/3198 3200/3200/3200 3199/3199/3199 
f 3199/3199/3199 3200/3200/3200 3201/3201/3201 
f 3200/3200/3200 3202/3202/3202 3201/3201/3201 
f 3201/3201/3201 3202/3202/3202 3202/3202/3202 
f 3202/3202/3202 3203/3203/3203 3202/3202/3202 
f 3202/3202/3202 3203/3203/3203 3203/3203/3203 
f 3203/3203/3203 3204/3204/3204 3203/3203/3203 
f 3203/3203/3203 3204/3204/3204 3205/3205/3205 
f 3204/3204/3204 3204/3204/3204 3205/3205/3205 
f 3205/3205/3205 3204/3204/3204 3206/3206/3206 
f 3204/3204/3204 3204/3204/3204 3206/3206/3206 
f 3206/3206/3206 3204/3204/3204 3207/3207/3207 
f 3204/3204/3204 3208/3208/3208 3207/3207/3207 
f 3207/3207/3207 3208/3208/3208 3209/3209/3209 
f 3208/3208/3208 3210/3210/3210 3209/3209/3209 
f 3209/3209/3209 3210/3210/3210 3209/3209/3209 
f 3210/3210/3210 3211/3211/3211 3209/3209/3209 
f 3209/3209/3209 3211/3211/3211 3212/3212/3212 
f 3211/3211/3211 3212/3212/3212 3212/3212/3212 
f 3212/3212/3212 3212/3212/3212 3204/3204/3204 
f 3212/3212/3212 3204/3204/3204 3204/3204/3204 
f 3204/3204/3204 3204/3204/3204 3208/3208/3208 
f 3204/3204/3204 3213/3213/3213 3208/3208/3208 
f 3208/3208/3208 3213/3213/3213 3208/3208/3208 
f 3213/3213/3213 3214/3214/3214 3208/3208/3208 
f 3208/3208/3208 3214/3214/3214 3215/3215/3215 
f 3214/3214/3214 3215/3215/3215 3215/3215/3215 
f 3215/3215/3215 3215/3215/3215 3209/3209/3209 
f 3215/3215/3215 3209/3209/3209 3209/3209/3209 
f 3209/3209/3209 3209/3209/3209 3207/3207/3207 
f 3209/3209/3209 3216/3216/3216 3207/3207/3207 
f 3207/3207/3207 3216/3216/3216 3207/3207/3207 
f 3216/3216/3216 3217/3217/3217 3207/3207/3207 
f 3207/3207/3207 3217/3217/3217 3218/3218/3218 
f 3217/3217/3217 3218/3218/3218 3218/3218/3218 
f 3218/3218/3218 3218/3218/3218 3219/3219/3219 
f 3218/3218/3218 3219/3219/3219 3219/3219/3219 
f 3219/3219/3219 3219/3219/3219 3220/3220/3220 
f 3219/3219/3219 3221/3221/3221 3220/3220/3220 
f 3220/3220/3220 3221/3221/3221 3222/3222/3222 
f 3221/3221/3221 3223/3223/3223 3222/3222/3222 
f 3222/3222/3222 3223/3223/3223 3224/3224/3224 
f 3223/3223/3223 3225/3225/3225 3224/3224/3224 
f 3224/3224/3224 3225/3225/3225 3226/3226/3226 
f 3225/3225/3225 3227/3227/3227 3226/3226/3226 
f 3226/3226/3226 3227/3227/3227 3228/3228/3228 
f 3227/3227/3227 3229/3229/3229 3228/3228/3228 
f 3228/3228/3228 3229/3229/3229 3230/3230/3230 
f 3229/3229/3229 3231/3231/3231 3230/3230/3230 
f 3230/3230/3230 3231/3231/3231 3232/3232/3232 
f 3231/3231/3231 3233/3233/3233 3232/3232/3232 
f 3232/3232/3232 3233/3233/3233 3234/3234/3234 
f 3233/3233/3233 3235/3235/3235 3234/3234/3234 
f 3234/3234/3234 3235/3235/3235 3236/3236/3236 
f 3235/3235/3235 3236/3236/3236 3236/3236/3236 
f 3236/3236/3236 3236/3236/3236 3237/3237/3237 
f 3236/3236/3236 3237/3237/3237 3237/3237/3237 
f 3237/3237/3237 3237/3237/3237 3238/3238/3238 
f 3237/3237/3237 3239/3239/3239 3238/3238/3238 
f 3238/3238/3238 3239/3239/3239 3240/3240/3240 
f 3239/3239/3239 3241/3241/3241 3240/3240/3240 
f 3240/3240/3240 3241/3241/3241 3242/3242/3242 
f 3241/3241/3241 3243/3243/3243 3242/3242/3242 
f 3242/3242/3242 3243/3243/3243 3244/3244/3244 
f 3243/3243/3243 3245/3245/3245 3244/3244/3244 
f 3244/3244/3244 3245/3245/3245 3246/3246/3246 
f 3245/3245/3245 3247/3247/3247 3246/3246/3246 
f 3246/3246/3246 3247/3247/3247 3248/3248/3248 
f 3247/3247/3247 3249/3249/3249 3248/3248/3248 
f 3248/3248/3248 3249/3249/3249 3250/3250/3250 
f 3249/3249/3249 3251/3251/3251 3250/3250/3250 
f 3250/3250/3250 3251/3251/3251 3252/3252/3252 
f 3251/3251/3251 3253/3253/3253 3252/3252/3252 
f 3252/3252/3252 3253/3253/3253 3254/3254/3254 
f 3253/3253/3253 3254/3254/3254 3254/3254/3254 
f 3254/3254/3254 3254/3254/3254 3255/3255/3255 
f 3254/3254/3254 3255/3255/3255 3255/3255/3255 
f 3255/3255/3255 3255/3255/3255 3256/3256/3256 
f 3255/3255/3255 3257/3257/3257 3256/3256/3256 
f 3256/3256/3256 3257/3257/3257 3256/3256/3256 
f 3257/3257/3257 3258/3258/3258 3256/3256/3256 
f 3256/3256/3256 3258/3258/3258 3256/3256/3256 
f 3258/3258/3258 3259/3259/3259 3256/3256/3256 
f 3256/3256/3256 3259/3259/3259 3260/3260/3260 
f 3259/3259/3259 3259/3259/3259 3260/3260/3260 
f 3260/3260/3260 3259/3259/3259 3261/3261/3261 
f 3259/3259/3259 3262/3262/3262 3261/3261/3261 
f 3261/3261/3261 3262/3262/3262 3263/3263/3263 
f 3262/3262/3262 3264/3264/3264 3263/3263/3263 
f 3263/3263/3263 3264/3264/3264 3265/3265/3265 
f 3264/3264/3264 3266/3266/3266 3265/3265/3265 
f 3265/3265/3265 3266/3266/3266 3267/3267/3267 
f 3266/3266/3266 3268/3268/3268 3267/3267/3267 
f 3267/3267/3267 3268/3268/3268 3269/3269/3269 
f 3268/3268/3268 3270/3270/3270 3269/3269/3269 
f 3269/3269/3269 3270/3270/3270 3269/3269/3269 
f 3270/3270/3270 3271/3271/3271 3269/3269/3269 
f 3269/3269/3269 3271/3271/3271 3272/3272/3272 
f 3271/3271/3271 3272/3272/3272 3272/3272/3272 
f 3272/3272/3272 3272/3272/3272 3273/3273/3273 
f 3272/3272/3272 3273/3273/3273 3273/3273/3273 
f 3273/3273/3273 3273/3273/3273 3274/3274/3274 
f 3273/3273/3273 3275/3275/3275 3274/3274/3274 
f 3274/3274/3274 3275/3275/3275 3274/3274/3274 
f 3275/3275/3275 3276/3276/3276 3274/3274/3274 
f 3274/3274/3274 3276/3276/3276 3277/3277/3277 
f 3276/3276/3276 3278/3278/3278 3277/3277/3277 
f 3277/3277/3277 3278/3278/3278 3279/3279/3279 
f 3278/3278/3278 3280/3280/3280 3279/3279/3279 
f 3279/3279/3279 3280/3280/3280 3281/3281/3281 
f 3280/3280/3280 3282/3282/3282 3281/3281/3281 
f 3281/3281/3281 3282/3282/3282 3283/3283/3283 
f 3282/3282/3282 3284/3284/3284 3283/3283/3283 
f 3283/3283/3283 3284/3284/3284 3285/3285/3285 
f 3284/3284/3284 3286/3286/3286 3285/3285/3285 
f 3285/3285/3285 3286/3286/3286 3287/3287/3287 
f 3286/3286/3286 3288/3288/3288 3287/3287/3287 
f 3287/3287/3287 3288/3288/3288 3289/3289/3289 
f 3288/3288/3288 3290/3290/3290 3289/3289/3289 
f 3289/3289/3289 3290/3290/3290 3290/3290/3290 
f 3290/3290/3290 3291/3291/3291 3290/3290/3290 
f 3290/3290/3290 3291/3291/3291 3291/3291/3291 
f 3291/3291/3291 3292/3292/3292 3291/3291/3291 
f 3291/3291/3291 3292/3292/3292 3293/3293/3293 
f 3292/3292/3292 3292/3292/3292 3293/3293/3293 
f 3293/3293/3293 3292/3292/3292 3294/3294/3294 
f 3292/3292/3292 3295/3295/3295 3294/3294/3294 
f 3294/3294/3294 3295/3295/3295 3296/3296/3296 
f 3295/3295/3295 3297/3297/3297 3296/3296/3296 
f 3296/3296/3296 3297/3297/3297 3298/3298/3298 
f 3297/3297/3297 3297/3297/3297 3298/3298/3298 
f 3298/3298/3298 3297/3297/3297 3299/3299/3299 
f 3297/3297/3297 3300/3300/3300 3299/3299/3299 
f 3299/3299/3299 3300/3300/3300 3301/3301/3301 
f 3300/3300/3300 3302/3302/3302 3301/3301/3301 
f 3301/3301/3301 3302/3302/3302 3302/3302/3302 
f 3302/3302/3302 3291/3291/3291 3302/3302/3302 
f 3302/3302/3302 3291/3291/3291 3291/3291/3291 
f 3291/3291/3291 3293/3293/3293 3291/3291/3291 
f 3291/3291/3291 3293/3293/3293 3303/3303/3303 
f 3293/3293/3293 3304/3304/3304 3303/3303/3303 
f 3303/3303/3303 3304/3304/3304 3303/3303/3303 
f 3304/3304/3304 3305/3305/3305 3303/3303/3303 
f 3303/3303/3303 3305/3305/3305 3306/3306/3306 
f 3305/3305/3305 3307/3307/3307 3306/3306/3306 
f 3306/3306/3306 3307/3307/3307 3308/3308/3308 
f 3307/3307/3307 3308/3308/3308 3308/3308/3308 
f 3308/3308/3308 3308/3308/3308 3309/3309/3309 
f 3308/3308/3308 3309/3309/3309 3309/3309/3309 
f 3309/3309/3309 3309/3309/3309 3310/3310/3310 
f 3309/3309/3309 3311/3311/3311 3310/3310/3310 
f 3310/3310/3310 3311/3311/3311 3312/3312/3312 
f 3311/3311/3311 3312/3312/3312 3312/3312/3312 
f 3312/3312/3312 3312/3312/3312 3311/3311/3311 
f 3312/3312/3312 3311/3311/3311 3311/3311/3311 
f 3311/3311/3311 3311/3311/3311 3313/3313/3313 
f 3311/3311/3311 3309/3309/3309 3313/3313/3313 
f 3313/3313/3313 3309/3309/3309 3313/3313/3313 
f 3309/3309/3309 3314/3314/3314 3313/3313/3313 
f 3313/3313/3313 3314/3314/3314 3315/3315/3315 
f 3314/3314/3314 3316/3316/3316 3315/3315/3315 
f 3315/3315/3315 3316/3316/3316 3317/3317/3317 
f 3316/3316/3316 3318/3318/3318 3317/3317/3317 
f 3317/3317/3317 3318/3318/3318 3319/3319/3319 
f 3318/3318/3318 3320/3320/3320 3319/3319/3319 
f 3319/3319/3319 3320/3320/3320 3320/3320/3320 
f 3320/3320/3320 3310/3310/3310 3320/3320/3320 
f 3320/3320/3320 3310/3310/3310 3310/3310/3310 
f 3310/3310/3310 3312/3312/3312 3310/3310/3310 
f 3310/3310/3310 3312/3312/3312 3321/3321/3321 
f 3312/3312/3312 3322/3322/3322 3321/3321/3321 
f 3321/3321/3321 3322/3322/3322 3323/3323/3323 
f 3322/3322/3322 3324/3324/3324 3323/3323/3323 
f 3323/3323/3323 3324/3324/3324 3325/3325/3325 
f 3324/3324/3324 3326/3326/3326 3325/3325/3325 
f 3325/3325/3325 3326/3326/3326 3326/3326/3326 
f 3326/3326/3326 3327/3327/3327 3326/3326/3326 
f 3326/3326/3326 3327/3327/3327 3327/3327/3327 
f 3327/3327/3327 3328/3328/3328 3327/3327/3327 
f 3327/3327/3327 3328/3328/3328 3329/3329/3329 
f 3328/3328/3328 3328/3328/3328 3329/3329/3329 
f 3329/3329/3329 3328/3328/3328 3330/3330/3330 
f 3328/3328/3328 3328/3328/3328 3330/3330/3330 
f 3330/3330/3330 3328/3328/3328 3331/3331/3331 
f 3328/3328/3328 3332/3332/3332 3331/3331/3331 
f 3331/3331/3331 3332/3332/3332 3333/3333/3333 
f 3332/3332/3332 3334/3334/3334 3333/3333/3333 
f 3333/3333/3333 3334/3334/3334 3333/3333/3333 
f 3334/3334/3334 3335/3335/3335 3333/3333/3333 
f 3333/3333/3333 3335/3335/3335 3336/3336/3336 
f 3335/3335/3335 3336/3336/3336 3336/3336/3336 
f 3336/3336/3336 3336/3336/3336 3328/3328/3328 
f 3336/3336/3336 3328/3328/3328 3328/3328/3328 
f 3328/3328/3328 3328/3328/3328 3332/3332/3332 
f 3328/3328/3328 3337/3337/3337 3332/3332/3332 
f 3332/3332/3332 3337/3337/3337 3332/3332/3332 
f 3337/3337/3337 3338/3338/3338 3332/3332/3332 
f 3332/3332/3332 3338/3338/3338 3339/3339/3339 
f 3338/3338/3338 3339/3339/3339 3339/3339/3339 
f 3339/3339/3339 3339/3339/3339 3333/3333/3333 
f 3339/3339/3339 3333/3333/3333 3333/3333/3333 
f 3333/3333/3333 3333/3333/3333 3331/3331/3331 
f 3333/3333/3333 3340/3340/3340 3331/3331/3331 
f 3331/3331/3331 3340/3340/3340 3331/3331/3331 
f 3340/3340/3340 3341/3341/3341 3331/3331/3331 
f 3331/3331/3331 3341/3341/3341 3342/3342/3342 
f 3341/3341/3341 3342/3342/3342 3342/3342/3342 
f 3342/3342/3342 3342/3342/3342 3343/3343/3343 
f 3342/3342/3342 3343/3343/3343 3343/3343/3343 
f 3343/3343/3343 3343/3343/3343 3344/3344/3344 
f 3343/3343/3343 3345/3345/3345 3344/3344/3344 
f 3344/3344/3344 3345/3345/3345 3346/3346/3346 
f 3345/3345/3345 3347/3347/3347 3346/3346/3346 
f 3346/3346/3346 3347/3347/3347 3348/3348/3348 
f 3347/3347/3347 3349/3349/3349 3348/3348/3348 
f 3348/3348/3348 3349/3349/3349 3350/3350/3350 
f 3349/3349/3349 3351/3351/3351 3350/3350/3350 
f 3350/3350/3350 3351/3351/3351 3352/3352/3352 
f 3351/3351/3351 3353/3353/3353 3352/3352/3352 
f 3352/3352/3352 3353/3353/3353 3354/3354/3354 
f 3353/3353/3353 3355/3355/3355 3354/3354/3354 
f 3354/3354/3354 3355/3355/3355 3356/3356/3356 
f 3355/3355/3355 3357/3357/3357 3356/3356/3356 
f 3356/3356/3356 3357/3357/3357 3358/3358/3358 
f 3357/3357/3357 3359/3359/3359 3358/3358/3358 
f 3358/3358/3358 3359/3359/3359 3360/3360/3360 
f 3359/3359/3359 3360/3360/3360 3360/3360/3360 
f 3360/3360/3360 3360/3360/3360 3361/3361/3361 
f 3360/3360/3360 3361/3361/3361 3361/3361/3361 
f 3361/3361/3361 3361/3361/3361 3362/3362/3362 
f 3361/3361/3361 3363/3363/3363 3362/3362/3362 
f 3362/3362/3362 3363/3363/3363 3364/3364/3364 
f 3363/3363/3363 3365/3365/3365 3364/3364/3364 
f 3364/3364/3364 3365/3365/3365 3366/3366/3366 
f 3365/3365/3365 3367/3367/3367 3366/3366/3366 
f 3366/3366/3366 3367/3367/3367 3368/3368/3368 
f 3367/3367/3367 3369/3369/3369 3368/3368/3368 
f 3368/3368/3368 3369/3369/3369 3370/3370/3370 
f 3369/3369/3369 3371/3371/3371 3370/3370/3370 
f 3370/3370/3370 3371/3371/3371 3372/3372/3372 
f 3371/3371/3371 3373/3373/3373 3372/3372/3372 
f 3372/3372/3372 3373/3373/3373 3374/3374/3374 
f 3373/3373/3373 3375/3375/3375 3374/3374/3374 
f 3374/3374/3374 3375/3375/3375 3376/3376/3376 
f 3375/3375/3375 3377/3377/3377 3376/3376/3376 
f 3376/3376/3376 3377/3377/3377 3378/3378/3378 
f 3377/3377/3377 3378/3378/3378 3378/3378/3378 
f 3378/3378/3378 3378/3378/3378 3379/3379/3379 
f 3378/3378/3378 3379/3379/3379 3379/3379/3379 
f 3379/3379/3379 3379/3379/3379 3380/3380/3380 
f 3379/3379/3379 3381/3381/3381 3380/3380/3380 
f 3380/3380/3380 3381/3381/3381 3380/3380/3380 
f 3381/3381/3381 3382/3382/3382 3380/3380/3380 
f 3380/3380/3380 3382/3382/3382 3380/3380/3380 
f 3382/3382/3382 3383/3383/3383 3380/3380/3380 
f 3380/3380/3380 3383/3383/3383 3384/3384/3384 
f 3383/3383/3383 3383/3383/3383 3384/3384/3384 
f 3384/3384/3384 3383/3383/3383 3385/3385/3385 
f 3383/3383/3383 3386/3386/3386 3385/3385/3385 
f 3385/3385/3385 3386/3386/3386 3387/3387/3387 
f 3386/3386/3386 3388/3388/3388 3387/3387/3387 
f 3387/3387/3387 3388/3388/3388 3389/3389/3389 
f 3388/3388/3388 3390/3390/3390 3389/3389/3389 
f 3389/3389/3389 3390/3390/3390 3391/3391/3391 
f 3390/3390/3390 3392/3392/3392 3391/3391/3391 
f 3391/3391/3391 3392/3392/3392 3393/3393/3393 
f 3392/3392/3392 3394/3394/3394 3393/3393/3393 
f 3393/3393/3393 3394/3394/3394 3393/3393/3393 
f 3394/3394/3394 3395/3395/3395 3393/3393/3393 
f 3393/3393/3393 3395/3395/3395 3396/3396/3396 
f 3395/3395/3395 3396/3396/3396 3396/3396/3396 
f 3396/3396/3396 3396/3396/3396 3397/3397/3397 
f 3396/3396/3396 3397/3397/3397 3397/3397/3397 
f 3397/3397/3397 3397/3397/3397 3398/3398/3398 
f 3397/3397/3397 3399/3399/3399 3398/3398/3398 
f 3398/3398/3398 3399/3399/3399 3398/3398/3398 
f 3399/3399/3399 3400/3400/3400 3398/3398/3398 
f 3398/3398/3398 3400/3400/3400 3401/3401/3401 
f 3400/3400/3400 3402/3402/3402 3401/3401/3401 
f 3401/3401/3401 3402/3402/3402 3403/3403/3403 
f 3402/3402/3402 3404/3404/3404 3403/3403/3403 
f 3403/3403/3403 3404/3404/3404 3405/3405/3405 
f 3404/3404/3404 3406/3406/3406 3405/3405/3405 
f 3405/3405/3405 3406/3406/3406 3407/3407/3407 
f 3406/3406/3406 3408/3408/3408 3407/3407/3407 
f 3407/3407/3407 3408/3408/3408 3409/3409/3409 
f 3408/3408/3408 3410/3410/3410 3409/3409/3409 
f 3409/3409/3409 3410/3410/3410 3411/3411/3411 
f 3410/3410/3410 3412/3412/3412 3411/3411/3411 
f 3411/3411/3411 3412/3412/3412 3413/3413/3413 
f 3412/3412/3412 3414/3414/3414 3413/3413/3413 

